// This file is generated by the utils/IDNAMappingTableGenerator.swift script.

#include "../include/CSwiftIDNA.h"
#include <stdint.h>
const uint16_t cswift_idna_block_offsets[17408] = {
    0x0, 0x3F, 0x7F, 0xBF, 0xFF, 0x13E, 0x17E, 0x1BB, 0x1FB, 0x23A, 0x24A, 0x288, 0x2C8, 0x308, 0x348, 0x386,
    0x3C6, 0x3F6, 0x436, 0x476, 0x4B6, 0x4F6, 0x52F, 0x56D, 0x5A7, 0x5C6, 0x2C8, 0x5FF, 0x63F, 0x674, 0x682, 0x6C2,
    0x702, 0x742, 0x77A, 0x798, 0x2C8, 0x7C0, 0x7FC, 0x838, 0x877, 0x8B5, 0x8F4, 0x930, 0x970, 0x9AC, 0x9EA, 0xA28,
    0xA68, 0xAA4, 0xAE4, 0xB20, 0xB60, 0xB9B, 0xBDB, 0xC1B, 0xC5A, 0xC9A, 0xCD9, 0xD19, 0xD59, 0xD97, 0xDD6, 0xE14,
    0x2C8, 0xE54, 0xE76, 0xEB6, 0xEF6, 0xF17, 0xEF6, 0xEF6, 0x2C8, 0xF57, 0xF8E, 0xFCC, 0xFFB, 0x1020, 0x1060, 0x1080,
    0x10C0, 0x2C8, 0x2C8, 0x2C8, 0x2C8, 0x2C8, 0x2C8, 0x2C8, 0x2C8, 0x10D3, 0x1113, 0x1133, 0x1173, 0x11B3, 0x11F3, 0x1229,
    0x1269, 0x1289, 0x12C9, 0x12F9, 0x1339, 0x1379, 0x13B9, 0x13EF, 0x142F, 0x1450, 0x148F, 0x14CE, 0x2C8, 0x150E, 0x2C8, 0x154E,
    0x158E, 0x15CE, 0x160E, 0x164E, 0x168E, 0x16CE, 0x1707, 0x2C8, 0x1747, 0x1787, 0x17C7, 0x1807, 0x1846, 0x1886, 0x18C6, 0x1906,
    0x1946, 0x1985, 0x19C5, 0x1A00, 0x1A40, 0x1A80, 0x1AC0, 0xEF6, 0x1AD4, 0xEF6, 0xEF6, 0xEF6, 0x1B05, 0xEF6, 0xEF6, 0xEF6,
    0x1B30, 0x1B70, 0x1BB0, 0x1BF0, 0xEF6, 0xEF6, 0xEF6, 0xEF6, 0xEF6, 0xEF6, 0xEF6, 0xEF6, 0xEF6, 0xEF6, 0xEF6, 0xEF6,
    0xEF6, 0xEF6, 0xEF6, 0xEF6, 0xEF6, 0xEF6, 0xEF6, 0xEF6, 0x1C24, 0x1C31, 0xEF6, 0x1C68, 0xEF6, 0x1C85, 0xEF6, 0xEF6,
    0x1CC5, 0x1CF5, 0x1D35, 0x1D75, 0x1DB5, 0x1DE5, 0x1E24, 0x1E44, 0x1E84, 0x1EB4, 0x1EF4, 0x1F14, 0x1F54, 0x1F94, 0x1FD4, 0x2014,
    0x2054, 0x2094, 0x20BD, 0x20DE, 0x211E, 0x215E, 0x219E, 0x21DE, 0x221E, 0x225E, 0x229E, 0x22DE, 0x231E, 0x235E, 0x239E, 0x23DE,
    0x2C8, 0x2C8, 0x2C8, 0x2C8, 0x2C8, 0x2C8, 0x2C8, 0x2C8, 0x2C8, 0x2C8, 0x2C8, 0x2C8, 0x2C8, 0x2C8, 0x2C8, 0x2C8,
    0x2C8, 0x2C8, 0x2C8, 0x2C8, 0x2C8, 0x2C8, 0x2C8, 0x2C8, 0x2C8, 0x2C8, 0x2C8, 0x2C8, 0x2C8, 0x2C8, 0x2C8, 0x2C8,
    0x2C8, 0x2C8, 0x2C8, 0x2C8, 0x2C8, 0x2C8, 0x2C8, 0x2C8, 0x2C8, 0x2C8, 0x2C8, 0x2C8, 0x2C8, 0x2C8, 0x2C8, 0x2C8,
    0x2C8, 0x2C8, 0x2C8, 0x2C8, 0x2C8, 0x2C8, 0x2C8, 0x2C8, 0x2C8, 0x2C8, 0x2C8, 0x2C8, 0x2C8, 0x2C8, 0x2C8, 0x2C8,
    0x2C8, 0x2C8, 0x2C8, 0x2C8, 0x2C8, 0x2C8, 0x2C8, 0x2C8, 0x2C8, 0x2C8, 0x2C8, 0x2C8, 0x2C8, 0x2C8, 0x2C8, 0x2C8,
    0x2C8, 0x2C8, 0x2C8, 0x2C8, 0x2C8, 0x2C8, 0x2C8, 0x2C8, 0x2C8, 0x2C8, 0x2C8, 0x2C8, 0x2C8, 0x2C8, 0x2C8, 0x2C8,
    0x2C8, 0x2C8, 0x2C8, 0x2C8, 0x2C8, 0x2C8, 0x2C8, 0xEF6, 0x2C8, 0x2C8, 0x2C8, 0x2C8, 0x2C8, 0x2C8, 0x2C8, 0x2C8,
    0x2C8, 0x2C8, 0x2C8, 0x2C8, 0x2C8, 0x2C8, 0x2C8, 0x2C8, 0x2C8, 0x2C8, 0x2C8, 0x2C8, 0x2C8, 0x2C8, 0x2C8, 0x2C8,
    0x2C8, 0x2C8, 0x2C8, 0x2C8, 0x2C8, 0x2C8, 0x2C8, 0x2C8, 0x2C8, 0x2C8, 0x2C8, 0x2C8, 0x2C8, 0x2C8, 0x2C8, 0x2C8,
    0x2C8, 0x2C8, 0x2C8, 0x2C8, 0x2C8, 0x2C8, 0x2C8, 0x2C8, 0x2C8, 0x2C8, 0x2C8, 0x2C8, 0x2C8, 0x2C8, 0x2C8, 0x2C8,
    0x2C8, 0x2C8, 0x2C8, 0x2C8, 0x2C8, 0x2C8, 0x2C8, 0x2C8, 0x2C8, 0x2C8, 0x2C8, 0x2C8, 0x2C8, 0x2C8, 0x2C8, 0x2C8,
    0x2C8, 0x2C8, 0x2C8, 0x2C8, 0x2C8, 0x2C8, 0x2C8, 0x2C8, 0x2C8, 0x2C8, 0x2C8, 0x2C8, 0x2C8, 0x2C8, 0x2C8, 0x2C8,
    0x2C8, 0x2C8, 0x2C8, 0x2C8, 0x2C8, 0x2C8, 0x2C8, 0x2C8, 0x2C8, 0x2C8, 0x2C8, 0x2C8, 0x2C8, 0x2C8, 0x2C8, 0x2C8,
    0x2C8, 0x2C8, 0x2C8, 0x2C8, 0x2C8, 0x2C8, 0x2C8, 0x2C8, 0x2C8, 0x2C8, 0x2C8, 0x2C8, 0x2C8, 0x2C8, 0x2C8, 0x2C8,
    0x2C8, 0x2C8, 0x2C8, 0x2C8, 0x2C8, 0x2C8, 0x2C8, 0x2C8, 0x2C8, 0x2C8, 0x2C8, 0x2C8, 0x2C8, 0x2C8, 0x2C8, 0x2C8,
    0x2C8, 0x2C8, 0x2C8, 0x2C8, 0x2C8, 0x2C8, 0x2C8, 0x2C8, 0x2C8, 0x2C8, 0x2C8, 0x2C8, 0x2C8, 0x2C8, 0x2C8, 0x2C8,
    0x2C8, 0x2C8, 0x2C8, 0x2C8, 0x2C8, 0x2C8, 0x2C8, 0x2C8, 0x2C8, 0x2C8, 0x2C8, 0x2C8, 0x2C8, 0x2C8, 0x2C8, 0x2C8,
    0x2C8, 0x2C8, 0x2C8, 0x2C8, 0x2C8, 0x2C8, 0x2C8, 0x2C8, 0x2C8, 0x2C8, 0x2C8, 0x2C8, 0x2C8, 0x2C8, 0x2C8, 0x2C8,
    0x2C8, 0x2C8, 0x2C8, 0x2C8, 0x2C8, 0x2C8, 0x2C8, 0x2C8, 0x2C8, 0x2C8, 0x2C8, 0x2C8, 0x2C8, 0x2C8, 0x2C8, 0x2C8,
    0x2C8, 0x2C8, 0x2C8, 0x2C8, 0x2C8, 0x2C8, 0x2C8, 0x2C8, 0x2C8, 0x2C8, 0x2C8, 0x2C8, 0x2C8, 0x2C8, 0x2C8, 0x2C8,
    0x2C8, 0x2C8, 0x2C8, 0x2C8, 0x2C8, 0x2C8, 0x2C8, 0x2C8, 0x2C8, 0x2C8, 0x2C8, 0x2C8, 0x2C8, 0x2C8, 0x2C8, 0x2C8,
    0x2C8, 0x2C8, 0x2C8, 0x2C8, 0x2C8, 0x2C8, 0x2C8, 0x2C8, 0x2C8, 0x2C8, 0x2C8, 0x2C8, 0x2C8, 0x2C8, 0x2C8, 0x2C8,
    0x2C8, 0x2C8, 0x2C8, 0x2C8, 0x2C8, 0x2C8, 0x2C8, 0x2C8, 0x2C8, 0x2C8, 0x2C8, 0x2C8, 0x2C8, 0x2C8, 0x2C8, 0x2C8,
    0x2C8, 0x2C8, 0x2C8, 0x2C8, 0x2C8, 0x2C8, 0x2C8, 0x2C8, 0x2C8, 0x2C8, 0x2C8, 0x2C8, 0x2C8, 0x2C8, 0x2C8, 0x2C8,
    0x2C8, 0x2C8, 0x2C8, 0x2C8, 0x2C8, 0x2C8, 0x2C8, 0x2C8, 0x2C8, 0x2C8, 0x2C8, 0x2C8, 0x2C8, 0x2C8, 0x2C8, 0x2C8,
    0x2C8, 0x2C8, 0x2C8, 0x2C8, 0x2C8, 0x2C8, 0x2C8, 0x2C8, 0x2C8, 0x2C8, 0x2C8, 0x2C8, 0x2C8, 0x2C8, 0x2C8, 0x2C8,
    0x2C8, 0x2C8, 0x2C8, 0x2C8, 0x2C8, 0x2C8, 0x2C8, 0x2C8, 0x2C8, 0x2C8, 0x2C8, 0x2C8, 0x2C8, 0x2C8, 0x2C8, 0x2C8,
    0x2C8, 0x2C8, 0x2C8, 0x2C8, 0x2C8, 0x2C8, 0x2C8, 0x2C8, 0x2C8, 0x2C8, 0x2C8, 0x2C8, 0x2C8, 0x2C8, 0x2C8, 0x2C8,
    0x2C8, 0x2C8, 0x241E, 0x2457, 0x2C8, 0x2C8, 0x2C8, 0x2C8, 0x2488, 0x24C8, 0x2508, 0x2526, 0x2566, 0x25A6, 0x25E6, 0x2626,
    0x2660, 0x26A0, 0x2C8, 0x26E0, 0x271D, 0x274D, 0x2C8, 0x278D, 0x27CD, 0x280D, 0x2C8, 0x284A, 0x2889, 0x28B9, 0x28F9, 0x2939,
    0x2C8, 0x2C8, 0x2C8, 0x2C8, 0x2C8, 0x2C8, 0x2C8, 0x2C8, 0x2C8, 0x2C8, 0x2C8, 0x2C8, 0x2C8, 0x2C8, 0x2C8, 0x2C8,
    0x2C8, 0x2C8, 0x2C8, 0x2C8, 0x2C8, 0x2C8, 0x2C8, 0x2C8, 0x2C8, 0x2C8, 0x2C8, 0x2C8, 0x2C8, 0x2C8, 0x2C8, 0x2C8,
    0x2C8, 0x2C8, 0x2C8, 0x2C8, 0x2C8, 0x2C8, 0x2C8, 0x2C8, 0x2C8, 0x2C8, 0x2C8, 0x2C8, 0x2C8, 0x2C8, 0x2C8, 0x2C8,
    0x2C8, 0x2C8, 0x2C8, 0x2C8, 0x2C8, 0x2C8, 0x2C8, 0x2C8, 0x2C8, 0x2C8, 0x2C8, 0x2C8, 0x2C8, 0x2C8, 0x2C8, 0x2C8,
    0x2C8, 0x2C8, 0x2C8, 0x2C8, 0x2C8, 0x2C8, 0x2C8, 0x2C8, 0x2C8, 0x2C8, 0x2C8, 0x2C8, 0x2C8, 0x2C8, 0x2C8, 0x2C8,
    0x2C8, 0x2C8, 0x2C8, 0x2C8, 0x2C8, 0x2C8, 0x2C8, 0x2C8, 0x2C8, 0x2C8, 0x2C8, 0x2C8, 0x2C8, 0x2C8, 0x2C8, 0x2C8,
    0x2C8, 0x2C8, 0x2C8, 0x2C8, 0x2C8, 0x2C8, 0x2C8, 0x2C8, 0x2C8, 0x2C8, 0x2C8, 0x2C8, 0x2C8, 0x2C8, 0x2C8, 0x2C8,
    0x2C8, 0x2C8, 0x2C8, 0x2C8, 0x2C8, 0x2C8, 0x2C8, 0x2C8, 0x2C8, 0x2C8, 0x2C8, 0x2C8, 0x2C8, 0x2C8, 0x2C8, 0x2C8,
    0x2C8, 0x2C8, 0x2C8, 0x2C8, 0x2C8, 0x2C8, 0x2C8, 0x2C8, 0x2C8, 0x2C8, 0x2C8, 0x2C8, 0x2C8, 0x2C8, 0x2C8, 0x2C8,
    0x2C8, 0x2C8, 0x2C8, 0x2C8, 0x2C8, 0x2C8, 0x2C8, 0x2C8, 0x2C8, 0x2C8, 0x2C8, 0x2C8, 0x2C8, 0x2C8, 0x2C8, 0x2C8,
    0x2C8, 0x2C8, 0x2C8, 0x2C8, 0x2C8, 0x2C8, 0x2C8, 0x2C8, 0x2C8, 0x2C8, 0x2C8, 0x2C8, 0x2C8, 0x2C8, 0x2979, 0x29B2,
    0x29EE, 0x29EE, 0x29EE, 0x29EE, 0x29EE, 0x29EE, 0x29EE, 0x29EE, 0x29EE, 0x29EE, 0x29EE, 0x29EE, 0x29EE, 0x29EE, 0x29EE, 0x29EE,
    0x29EE, 0x29EE, 0x29EE, 0x29EE, 0x29EE, 0x29EE, 0x29EE, 0x29EE, 0x29EE, 0x29EE, 0x29EE, 0x29EE, 0x29EE, 0x29EE, 0x29EE, 0x29EE,
    0x29EE, 0x29EE, 0x29EE, 0x29EE, 0x29EE, 0x29EE, 0x29EE, 0x29EE, 0x29EE, 0x29EE, 0x29EE, 0x29EE, 0x29EE, 0x29EE, 0x29EE, 0x29EE,
    0x29EE, 0x29EE, 0x29EE, 0x29EE, 0x29EE, 0x29EE, 0x29EE, 0x29EE, 0x29EE, 0x29EE, 0x29EE, 0x29EE, 0x29EE, 0x29EE, 0x29EE, 0x29EE,
    0x29EE, 0x29EE, 0x29EE, 0x29EE, 0x29EE, 0x29EE, 0x29EE, 0x29EE, 0x29EE, 0x29EE, 0x29EE, 0x29EE, 0x29EE, 0x29EE, 0x29EE, 0x29EE,
    0x29EE, 0x29EE, 0x29EE, 0x29EE, 0x29EE, 0x29EE, 0x29EE, 0x29EE, 0x29EE, 0x29EE, 0x29EE, 0x29EE, 0x29EE, 0x29EE, 0x29EE, 0x29EE,
    0x29EE, 0x29EE, 0x29EE, 0x29EE, 0x29EE, 0x29EE, 0x29EE, 0x29EE, 0x29EE, 0x29EE, 0x29EE, 0x29EE, 0x29EE, 0x29EE, 0x29EE, 0x29EE,
    0x29EE, 0x29EE, 0x29EE, 0x29EE, 0x29EE, 0x29EE, 0x29EE, 0x29EE, 0x29EE, 0x29EE, 0x29EE, 0x29EE, 0x29EE, 0x29EE, 0x29EE, 0x29EE,
    0x29EE, 0x29EE, 0x29EE, 0x29EE, 0x2A2E, 0x2A6E, 0x2AAE, 0x2AEE, 0x2B2E, 0x2B6E, 0x2BAE, 0x2BEE, 0x2C2E, 0x2C6E, 0x2CAC, 0x2CDE,
    0x2D1E, 0x2D5E, 0x2D9E, 0x2DDE, 0x2E1E, 0x2E5C, 0x2E9C, 0x2EDC, 0x2F1C, 0x2F5C, 0x2F9C, 0x2FDB, 0x301B, 0x305B, 0x309B, 0x30DA,
    0x311A, 0x3159, 0x2C8, 0x3199, 0x31D9, 0xEF6, 0x3210, 0x3240, 0x29EE, 0x29EE, 0x3280, 0x32AF, 0x32EF, 0x332E, 0x336E, 0x33AA,
    0x33EA, 0x2C8, 0x3412, 0x3452, 0x3492, 0x34C2, 0x3502, 0x3542, 0x2C8, 0x2C8, 0x2C8, 0x2C8, 0x27CD, 0x3582, 0x35C2, 0x29EE,
    0x3602, 0x3641, 0x3681, 0x36B1, 0x36F1, 0x3731, 0x3771, 0x37B1, 0x37F1, 0x3831, 0x3851, 0x3891, 0x38D1, 0x3911, 0x3951, 0x29EE,
    0x2C8, 0x3991, 0x39D1, 0x3A11, 0x3A51, 0x3A91, 0x3ACB, 0x29EE, 0x29EE, 0x3AEB, 0x3B2B, 0x3B69, 0x3B99, 0x3BC9, 0x3C03, 0x3C3E,
    0x2C8, 0x3C7E, 0x3CBD, 0x3CFB, 0x3D3B, 0x3D7B, 0x2C8, 0x3DBB, 0x3DFB, 0x3E39, 0x3E79, 0x3EA9, 0x3EE9, 0x3F24, 0x3F64, 0x3FA3,
    0x2C8, 0x3FE3, 0x2C8, 0x4023, 0x29EE, 0x29EE, 0x4063, 0x40A2, 0x2C8, 0x40E2, 0x4122, 0x4162, 0x41A2, 0x41E2, 0x29EE, 0x29EE,
    0x4222, 0x29EE, 0x425E, 0x429E, 0x42DD, 0x4319, 0x4339, 0x4363, 0x43A3, 0x43E2, 0x4408, 0x1289, 0x4448, 0x4468, 0x29EE, 0x44A8,
    0x44E8, 0x4527, 0x4559, 0x29EE, 0x4599, 0x45D8, 0x4609, 0x4639, 0x29EE, 0x29EE, 0x29EE, 0x466B, 0x46AB, 0x46E9, 0x4704, 0x4744,
    0x2C8, 0x2C8, 0x2C8, 0x2C8, 0x2C8, 0x2C8, 0x2C8, 0x2C8, 0x2C8, 0x2C8, 0x2C8, 0x2C8, 0x2C8, 0x2C8, 0x3731, 0x29EE,
    0xEF6, 0xEF6, 0x2C8, 0x2C8, 0x2C8, 0x4784, 0xEF6, 0xEF6, 0xEF6, 0xEF6, 0x47BD, 0x29EE, 0x29EE, 0x29EE, 0x29EE, 0x29EE,
    0x29EE, 0x29EE, 0x29EE, 0x29EE, 0x29EE, 0x29EE, 0x29EE, 0x29EE, 0x29EE, 0x29EE, 0x29EE, 0x29EE, 0x29EE, 0x29EE, 0x29EE, 0x29EE,
    0x29EE, 0x29EE, 0x29EE, 0x29EE, 0x29EE, 0x29EE, 0x29EE, 0x29EE, 0x29EE, 0x29EE, 0x29EE, 0x29EE, 0x29EE, 0x29EE, 0x47ED, 0x47FD,
    0x2C8, 0x2C8, 0x2C8, 0x2C8, 0x2C8, 0x2C8, 0x2C8, 0x2C8, 0x2C8, 0x2C8, 0x2C8, 0x2C8, 0x2C8, 0x2C8, 0x2C8, 0x2C8,
    0x483D, 0x487D, 0x2C8, 0x2C8, 0x2C8, 0x2C8, 0x2C8, 0x2C8, 0x2C8, 0x2C8, 0x2C8, 0x2C8, 0x2C8, 0x2C8, 0x2C8, 0x2C8,
    0x2C8, 0x2C8, 0x2C8, 0x2C8, 0x2C8, 0x2C8, 0x2C8, 0x2C8, 0x2C8, 0x2C8, 0x2C8, 0x2C8, 0x2C8, 0x2C8, 0x2C8, 0x2C8,
    0x2C8, 0x2C8, 0x2C8, 0x2C8, 0x2C8, 0x2C8, 0x2C8, 0x2C8, 0x2C8, 0x2C8, 0x2C8, 0x2C8, 0x2C8, 0x2C8, 0x2C8, 0x2C8,
    0x2C8, 0x2C8, 0x2C8, 0x2C8, 0x2C8, 0x2C8, 0x2C8, 0x2C8, 0x2C8, 0x2C8, 0x2C8, 0x2C8, 0x2C8, 0x2C8, 0x2C8, 0x3199,
    0x2C8, 0x2C8, 0x2C8, 0x2C8, 0x2C8, 0x2C8, 0x2C8, 0x2C8, 0x2C8, 0x41E2, 0x29EE, 0x29EE, 0x29EE, 0x29EE, 0x29EE, 0x29EE,
    0x29EE, 0x29EE, 0x29EE, 0x29EE, 0x29EE, 0x29EE, 0x29EE, 0x29EE, 0x29EE, 0x29EE, 0x29EE, 0x29EE, 0x29EE, 0x29EE, 0x29EE, 0x29EE,
    0x29EE, 0x29EE, 0x29EE, 0x29EE, 0x29EE, 0x29EE, 0x29EE, 0x29EE, 0x29EE, 0x29EE, 0x29EE, 0x29EE, 0x29EE, 0x29EE, 0x29EE, 0x29EE,
    0x29EE, 0x29EE, 0x29EE, 0x29EE, 0x29EE, 0x29EE, 0x29EE, 0x29EE, 0x29EE, 0x29EE, 0x29EE, 0x29EE, 0x29EE, 0x29EE, 0x29EE, 0x29EE,
    0x29EE, 0x29EE, 0x29EE, 0x29EE, 0x29EE, 0x29EE, 0x29EE, 0x29EE, 0x29EE, 0x29EE, 0x29EE, 0x29EE, 0x29EE, 0x29EE, 0x29EE, 0x29EE,
    0x29EE, 0x29EE, 0x29EE, 0x29EE, 0x29EE, 0x29EE, 0x29EE, 0x29EE, 0x29EE, 0x29EE, 0x29EE, 0x29EE, 0x29EE, 0x29EE, 0x29EE, 0x29EE,
    0x29EE, 0x29EE, 0x29EE, 0x29EE, 0x29EE, 0x29EE, 0x29EE, 0x29EE, 0x29EE, 0x29EE, 0x29EE, 0x29EE, 0x29EE, 0x29EE, 0x29EE, 0x29EE,
    0x29EE, 0x29EE, 0x29EE, 0x29EE, 0x489D, 0x29EE, 0x29EE, 0x29EE, 0x29EE, 0x29EE, 0x29EE, 0x29EE, 0x29EE, 0x29EE, 0x29EE, 0x29EE,
    0x29EE, 0x29EE, 0x29EE, 0x29EE, 0x29EE, 0x29EE, 0x29EE, 0x29EE, 0x29EE, 0x29EE, 0x29EE, 0x29EE, 0x29EE, 0x29EE, 0x29EE, 0x29EE,
    0x2C8, 0x2C8, 0x2C8, 0x2C8, 0x2C8, 0x2C8, 0x2C8, 0x2C8, 0x1289, 0x48DD, 0x490D, 0x4942, 0x4982, 0x49C2, 0x49FF, 0x29EE,
    0x29EE, 0x29EE, 0x29EE, 0x29EE, 0x29EE, 0x4A3F, 0x29EE, 0x29EE, 0x29EE, 0x4A7F, 0x4ABF, 0x4AFA, 0x2C8, 0x4B3A, 0x4B72, 0x4B92,
    0x2C8, 0x2C8, 0x2C8, 0x2C8, 0x2C8, 0x2C8, 0x2C8, 0x2C8, 0x2C8, 0x2C8, 0x2C8, 0x2C8, 0x2C8, 0x2C8, 0x2C8, 0x2C8,
    0x2C8, 0x2C8, 0x2C8, 0x2C8, 0x2C8, 0x2C8, 0x2C8, 0x2C8, 0x2C8, 0x2C8, 0x2C8, 0x2C8, 0x2C8, 0x2C8, 0x2C8, 0x2C8,
    0x2C8, 0x2C8, 0x2C8, 0x2C8, 0x2C8, 0x2C8, 0x2C8, 0x2C8, 0x2C8, 0x2C8, 0x2C8, 0x2C8, 0x2C8, 0x2C8, 0x2C8, 0x2C8,
    0x2C8, 0x2C8, 0x2C8, 0x2C8, 0x2C8, 0x2C8, 0x2C8, 0x2C8, 0x2C8, 0x2C8, 0x2C8, 0x2C8, 0x2C8, 0x2C8, 0x2C8, 0x2C8,
    0x2C8, 0x2C8, 0x2C8, 0x2C8, 0x2C8, 0x2C8, 0x2C8, 0x2C8, 0x2C8, 0x2C8, 0x2C8, 0x2C8, 0x2C8, 0x2C8, 0x2C8, 0x2C8,
    0x2C8, 0x2C8, 0x2C8, 0x2C8, 0x2C8, 0x2C8, 0x2C8, 0x2C8, 0x2C8, 0x2C8, 0x2C8, 0x2C8, 0x2C8, 0x2C8, 0x2C8, 0x2C8,
    0x2C8, 0x2C8, 0x2C8, 0x2C8, 0x2C8, 0x2C8, 0x2C8, 0x2C8, 0x2C8, 0x2C8, 0x2C8, 0x2C8, 0x2C8, 0x2C8, 0x2C8, 0x2C8,
    0x2C8, 0x2C8, 0x2C8, 0x4BD2, 0x4C11, 0x29EE, 0x2C8, 0x4C51, 0x2C8, 0x2C8, 0x2C8, 0x2C8, 0x2C8, 0x2C8, 0x2C8, 0x2C8,
    0x2C8, 0x2C8, 0x2C8, 0x2C8, 0x2C8, 0x2C8, 0x4C72, 0x4C9F, 0x29EE, 0x29EE, 0x29EE, 0x29EE, 0x29EE, 0x29EE, 0x29EE, 0x29EE,
    0x29EE, 0x29EE, 0x29EE, 0x29EE, 0x29EE, 0x29EE, 0x29EE, 0x29EE, 0x29EE, 0x29EE, 0x29EE, 0x29EE, 0x29EE, 0x29EE, 0x29EE, 0x29EE,
    0x29EE, 0x29EE, 0x29EE, 0x29EE, 0x29EE, 0x29EE, 0x29EE, 0x29EE, 0x29EE, 0x29EE, 0x29EE, 0x29EE, 0x29EE, 0x29EE, 0x29EE, 0x29EE,
    0x29EE, 0x29EE, 0x29EE, 0x29EE, 0x29EE, 0x29EE, 0x29EE, 0x29EE, 0x29EE, 0x29EE, 0x29EE, 0x29EE, 0x29EE, 0x29EE, 0x29EE, 0x29EE,
    0x29EE, 0x29EE, 0x29EE, 0x29EE, 0x29EE, 0x29EE, 0x29EE, 0x29EE, 0x29EE, 0x29EE, 0x29EE, 0x29EE, 0x29EE, 0x29EE, 0x29EE, 0x29EE,
    0x29EE, 0x29EE, 0x29EE, 0x29EE, 0x29EE, 0x29EE, 0x29EE, 0x29EE, 0x29EE, 0x29EE, 0x29EE, 0x29EE, 0x29EE, 0x29EE, 0x29EE, 0x29EE,
    0x29EE, 0x29EE, 0x29EE, 0x29EE, 0x29EE, 0x29EE, 0x29EE, 0x29EE, 0x29EE, 0x29EE, 0x29EE, 0x29EE, 0x29EE, 0x29EE, 0x29EE, 0x29EE,
    0x29EE, 0x29EE, 0x29EE, 0x29EE, 0x29EE, 0x29EE, 0x29EE, 0x29EE, 0x29EE, 0x29EE, 0x29EE, 0x29EE, 0x29EE, 0x29EE, 0x29EE, 0x4CB2,
    0x2C8, 0x2C8, 0x2C8, 0x2C8, 0x4CF2, 0x4D25, 0x2C8, 0x2C8, 0x2C8, 0x2C8, 0x2C8, 0x4D55, 0x29EE, 0x29EE, 0x29EE, 0x29EE,
    0x29EE, 0x29EE, 0x29EE, 0x29EE, 0x29EE, 0x29EE, 0x29EE, 0x29EE, 0x29EE, 0x29EE, 0x29EE, 0x29EE, 0x29EE, 0x29EE, 0x29EE, 0x29EE,
    0x29EE, 0x29EE, 0x29EE, 0x29EE, 0x29EE, 0x29EE, 0x29EE, 0x29EE, 0x29EE, 0x29EE, 0x29EE, 0x29EE, 0x29EE, 0x29EE, 0x29EE, 0x29EE,
    0x2C8, 0x4D66, 0x4D9A, 0x29EE, 0x29EE, 0x29EE, 0x29EE, 0x29EE, 0x29EE, 0x29EE, 0x29EE, 0x29EE, 0x29EE, 0x29EE, 0x29EE, 0x29EE,
    0x29EE, 0x29EE, 0x29EE, 0x29EE, 0x29EE, 0x29EE, 0x29EE, 0x29EE, 0x29EE, 0x29EE, 0x29EE, 0x29EE, 0x29EE, 0x29EE, 0x29EE, 0x29EE,
    0x29EE, 0x29EE, 0x29EE, 0x29EE, 0x29EE, 0x29EE, 0x29EE, 0x29EE, 0x29EE, 0x29EE, 0x29EE, 0x29EE, 0x29EE, 0x29EE, 0x29EE, 0x29EE,
    0x29EE, 0x29EE, 0x29EE, 0x29EE, 0x29EE, 0x29EE, 0x29EE, 0x29EE, 0x29EE, 0x29EE, 0x29EE, 0x29EE, 0x29EE, 0x29EE, 0x29EE, 0x29EE,
    0xEF6, 0xEF6, 0xEF6, 0x4DDA, 0xEF6, 0xEF6, 0xEF6, 0xEF6, 0xEF6, 0xEF6, 0x4E1A, 0x4E54, 0x4E94, 0x4ECD, 0xEF6, 0x4F09,
    0xEF6, 0xEF6, 0xEF6, 0x4F49, 0xEF6, 0x4F89, 0x4FC4, 0x5004, 0xEF6, 0x503E, 0x3E39, 0x506A, 0xEF6, 0x50AA, 0x29EE, 0x29EE,
    0x50EA, 0x512A, 0x5150, 0x5190, 0x51D0, 0x5210, 0x5236, 0x5242, 0x524E, 0x525A, 0x5280, 0x52C0, 0x52C6, 0x52CC, 0x52D2, 0x5312,
    0xEF6, 0xEF6, 0xEF6, 0xEF6, 0xEF6, 0xEF6, 0xEF6, 0xEF6, 0x5352, 0x538D, 0x53C9, 0x29EE, 0x5409, 0x29EE, 0x29EE, 0x29EE,
    0x29EE, 0x29EE, 0x29EE, 0x29EE, 0x29EE, 0x29EE, 0x29EE, 0x29EE, 0x29EE, 0x29EE, 0x29EE, 0x29EE, 0x2C8, 0x5449, 0x5488, 0x54BB,
    0x54FB, 0x553B, 0x556C, 0x29EE, 0x55AC, 0x55E0, 0x29EE, 0x29EE, 0x29EE, 0x29EE, 0x5610, 0x5650, 0x29EE, 0x29EE, 0x29EE, 0x29EE,
    0x29EE, 0x29EE, 0x29EE, 0x5690, 0x29EE, 0x29EE, 0x29EE, 0x56CA, 0x29EE, 0x29EE, 0x29EE, 0x570A, 0x29EE, 0x29EE, 0x29EE, 0x574A,
    0x2C8, 0x2C8, 0x2C8, 0x5784, 0x57C4, 0x57F8, 0x29EE, 0x29EE, 0x29EE, 0x29EE, 0x29EE, 0x29EE, 0x29EE, 0x29EE, 0x29EE, 0x29EE,
    0x29EE, 0x5818, 0x5849, 0x29EE, 0x5888, 0x29EE, 0x29EE, 0x29EE, 0x58C8, 0x5906, 0x5946, 0x5982, 0x29EE, 0x29EE, 0x29EE, 0x29EE,
    0x59C2, 0xEF6, 0x59F2, 0x5A22, 0x5A61, 0x5AA1, 0x5AD1, 0x5B00, 0x5B40, 0x5B80, 0x29EE, 0x29EE, 0xEF6, 0xEF6, 0xEF6, 0xEF6,
    0xEF6, 0xEF6, 0xEF6, 0xEF6, 0xEF6, 0xEF6, 0xEF6, 0xEF6, 0xEF6, 0xEF6, 0xEF6, 0x5BC0, 0xEF6, 0xEF6, 0xEF6, 0x5C00,
    0x5C20, 0x5C58, 0x5C90, 0x5CCA, 0xEF6, 0xEF6, 0xEF6, 0xEF6, 0xEF6, 0x5D0A, 0xEF6, 0x5D4A, 0xEF6, 0xEF6, 0x5D8A, 0x5D9E,
    0x29EE, 0x29EE, 0x29EE, 0x29EE, 0x29EE, 0x29EE, 0x29EE, 0x29EE, 0x29EE, 0x29EE, 0x29EE, 0x29EE, 0x29EE, 0x29EE, 0x29EE, 0x29EE,
    0x2C8, 0x2C8, 0x2C8, 0x2C8, 0x2C8, 0x2C8, 0x2C8, 0x2C8, 0x2C8, 0x2C8, 0x2C8, 0x2C8, 0x2C8, 0x2C8, 0x2C8, 0x2C8,
    0x2C8, 0x2C8, 0x2C8, 0x2C8, 0x2C8, 0x2C8, 0x2C8, 0x2C8, 0x2C8, 0x2C8, 0x2C8, 0x2C8, 0x2C8, 0x2C8, 0x2C8, 0x2C8,
    0x2C8, 0x2C8, 0x2C8, 0x2C8, 0x2C8, 0x2C8, 0x2C8, 0x2C8, 0x2C8, 0x2C8, 0x2C8, 0x2C8, 0x2C8, 0x2C8, 0x2C8, 0x2C8,
    0x2C8, 0x2C8, 0x2C8, 0x2C8, 0x2C8, 0x2C8, 0x2C8, 0x2C8, 0x2C8, 0x2C8, 0x2C8, 0x2C8, 0x2C8, 0x2C8, 0x2C8, 0x2C8,
    0x2C8, 0x2C8, 0x2C8, 0x2C8, 0x2C8, 0x2C8, 0x2C8, 0x2C8, 0x2C8, 0x2C8, 0x2C8, 0x2C8, 0x2C8, 0x2C8, 0x2C8, 0x2C8,
    0x2C8, 0x2C8, 0x2C8, 0x2C8, 0x2C8, 0x2C8, 0x2C8, 0x2C8, 0x2C8, 0x2C8, 0x2C8, 0x2C8, 0x2C8, 0x2C8, 0x2C8, 0x2C8,
    0x2C8, 0x2C8, 0x2C8, 0x2C8, 0x2C8, 0x2C8, 0x2C8, 0x2C8, 0x2C8, 0x2C8, 0x2C8, 0x2C8, 0x2C8, 0x2C8, 0x2C8, 0x2C8,
    0x2C8, 0x2C8, 0x2C8, 0x2C8, 0x2C8, 0x2C8, 0x2C8, 0x2C8, 0x2C8, 0x2C8, 0x2C8, 0x2C8, 0x2C8, 0x2C8, 0x2C8, 0x2C8,
    0x2C8, 0x2C8, 0x2C8, 0x2C8, 0x2C8, 0x2C8, 0x2C8, 0x2C8, 0x2C8, 0x2C8, 0x2C8, 0x2C8, 0x2C8, 0x2C8, 0x2C8, 0x2C8,
    0x2C8, 0x2C8, 0x2C8, 0x2C8, 0x2C8, 0x2C8, 0x2C8, 0x2C8, 0x2C8, 0x2C8, 0x2C8, 0x2C8, 0x2C8, 0x2C8, 0x2C8, 0x2C8,
    0x2C8, 0x2C8, 0x2C8, 0x2C8, 0x2C8, 0x2C8, 0x2C8, 0x2C8, 0x2C8, 0x2C8, 0x2C8, 0x2C8, 0x2C8, 0x2C8, 0x2C8, 0x2C8,
    0x2C8, 0x2C8, 0x2C8, 0x2C8, 0x2C8, 0x2C8, 0x2C8, 0x2C8, 0x2C8, 0x2C8, 0x2C8, 0x2C8, 0x2C8, 0x2C8, 0x2C8, 0x2C8,
    0x2C8, 0x2C8, 0x2C8, 0x2C8, 0x2C8, 0x2C8, 0x2C8, 0x2C8, 0x2C8, 0x2C8, 0x2C8, 0x2C8, 0x2C8, 0x2C8, 0x2C8, 0x2C8,
    0x2C8, 0x2C8, 0x2C8, 0x2C8, 0x2C8, 0x2C8, 0x2C8, 0x2C8, 0x2C8, 0x2C8, 0x2C8, 0x2C8, 0x2C8, 0x2C8, 0x2C8, 0x2C8,
    0x2C8, 0x2C8, 0x2C8, 0x2C8, 0x2C8, 0x2C8, 0x2C8, 0x2C8, 0x2C8, 0x2C8, 0x2C8, 0x2C8, 0x2C8, 0x2C8, 0x2C8, 0x2C8,
    0x2C8, 0x2C8, 0x2C8, 0x2C8, 0x2C8, 0x2C8, 0x2C8, 0x2C8, 0x2C8, 0x2C8, 0x2C8, 0x2C8, 0x2C8, 0x2C8, 0x2C8, 0x2C8,
    0x2C8, 0x2C8, 0x2C8, 0x2C8, 0x2C8, 0x2C8, 0x2C8, 0x2C8, 0x2C8, 0x2C8, 0x2C8, 0x2C8, 0x2C8, 0x2C8, 0x2C8, 0x2C8,
    0x2C8, 0x2C8, 0x2C8, 0x2C8, 0x2C8, 0x2C8, 0x2C8, 0x2C8, 0x2C8, 0x2C8, 0x2C8, 0x2C8, 0x2C8, 0x2C8, 0x2C8, 0x2C8,
    0x2C8, 0x2C8, 0x2C8, 0x2C8, 0x2C8, 0x2C8, 0x2C8, 0x2C8, 0x2C8, 0x2C8, 0x2C8, 0x2C8, 0x2C8, 0x2C8, 0x2C8, 0x2C8,
    0x2C8, 0x2C8, 0x2C8, 0x2C8, 0x2C8, 0x2C8, 0x2C8, 0x2C8, 0x2C8, 0x2C8, 0x2C8, 0x2C8, 0x2C8, 0x2C8, 0x2C8, 0x2C8,
    0x2C8, 0x2C8, 0x2C8, 0x2C8, 0x2C8, 0x2C8, 0x2C8, 0x2C8, 0x2C8, 0x2C8, 0x2C8, 0x2C8, 0x2C8, 0x2C8, 0x2C8, 0x2C8,
    0x2C8, 0x2C8, 0x2C8, 0x2C8, 0x2C8, 0x2C8, 0x2C8, 0x2C8, 0x2C8, 0x2C8, 0x2C8, 0x2C8, 0x2C8, 0x2C8, 0x2C8, 0x2C8,
    0x2C8, 0x2C8, 0x2C8, 0x2C8, 0x2C8, 0x2C8, 0x2C8, 0x2C8, 0x2C8, 0x2C8, 0x2C8, 0x2C8, 0x2C8, 0x2C8, 0x2C8, 0x2C8,
    0x2C8, 0x2C8, 0x2C8, 0x2C8, 0x2C8, 0x2C8, 0x2C8, 0x2C8, 0x2C8, 0x2C8, 0x2C8, 0x2C8, 0x2C8, 0x2C8, 0x2C8, 0x2C8,
    0x2C8, 0x2C8, 0x2C8, 0x2C8, 0x2C8, 0x2C8, 0x2C8, 0x2C8, 0x2C8, 0x2C8, 0x2C8, 0x2C8, 0x2C8, 0x2C8, 0x2C8, 0x2C8,
    0x2C8, 0x2C8, 0x2C8, 0x2C8, 0x2C8, 0x2C8, 0x2C8, 0x2C8, 0x2C8, 0x2C8, 0x2C8, 0x2C8, 0x2C8, 0x2C8, 0x2C8, 0x2C8,
    0x2C8, 0x2C8, 0x2C8, 0x2C8, 0x2C8, 0x2C8, 0x2C8, 0x2C8, 0x2C8, 0x2C8, 0x2C8, 0x2C8, 0x2C8, 0x2C8, 0x2C8, 0x2C8,
    0x2C8, 0x2C8, 0x2C8, 0x2C8, 0x2C8, 0x2C8, 0x2C8, 0x2C8, 0x2C8, 0x2C8, 0x2C8, 0x2C8, 0x2C8, 0x2C8, 0x2C8, 0x2C8,
    0x2C8, 0x2C8, 0x2C8, 0x2C8, 0x2C8, 0x2C8, 0x2C8, 0x2C8, 0x2C8, 0x2C8, 0x2C8, 0x2C8, 0x2C8, 0x2C8, 0x2C8, 0x2C8,
    0x2C8, 0x2C8, 0x2C8, 0x2C8, 0x2C8, 0x2C8, 0x2C8, 0x2C8, 0x2C8, 0x2C8, 0x2C8, 0x2C8, 0x2C8, 0x2C8, 0x2C8, 0x2C8,
    0x2C8, 0x2C8, 0x2C8, 0x2C8, 0x2C8, 0x2C8, 0x2C8, 0x2C8, 0x2C8, 0x2C8, 0x2C8, 0x2C8, 0x2C8, 0x2C8, 0x2C8, 0x2C8,
    0x2C8, 0x2C8, 0x2C8, 0x2C8, 0x2C8, 0x2C8, 0x2C8, 0x2C8, 0x2C8, 0x2C8, 0x2C8, 0x2C8, 0x2C8, 0x2C8, 0x2C8, 0x2C8,
    0x2C8, 0x2C8, 0x2C8, 0x2C8, 0x2C8, 0x2C8, 0x2C8, 0x2C8, 0x2C8, 0x2C8, 0x2C8, 0x2C8, 0x2C8, 0x2C8, 0x2C8, 0x2C8,
    0x2C8, 0x2C8, 0x2C8, 0x2C8, 0x2C8, 0x2C8, 0x2C8, 0x2C8, 0x2C8, 0x2C8, 0x2C8, 0x2C8, 0x2C8, 0x2C8, 0x2C8, 0x2C8,
    0x2C8, 0x2C8, 0x2C8, 0x2C8, 0x2C8, 0x2C8, 0x2C8, 0x2C8, 0x2C8, 0x2C8, 0x2C8, 0x2C8, 0x2C8, 0x2C8, 0x2C8, 0x2C8,
    0x2C8, 0x2C8, 0x2C8, 0x2C8, 0x2C8, 0x2C8, 0x2C8, 0x2C8, 0x2C8, 0x2C8, 0x2C8, 0x2C8, 0x2C8, 0x2C8, 0x2C8, 0x2C8,
    0x2C8, 0x2C8, 0x2C8, 0x2C8, 0x2C8, 0x2C8, 0x2C8, 0x2C8, 0x2C8, 0x2C8, 0x2C8, 0x2C8, 0x2C8, 0x2C8, 0x2C8, 0x2C8,
    0x2C8, 0x2C8, 0x2C8, 0x2C8, 0x2C8, 0x2C8, 0x2C8, 0x2C8, 0x2C8, 0x2C8, 0x2C8, 0x2C8, 0x2C8, 0x2C8, 0x2C8, 0x2C8,
    0x2C8, 0x2C8, 0x2C8, 0x2C8, 0x2C8, 0x2C8, 0x2C8, 0x2C8, 0x2C8, 0x2C8, 0x2C8, 0x2C8, 0x2C8, 0x2C8, 0x2C8, 0x2C8,
    0x2C8, 0x2C8, 0x2C8, 0x2C8, 0x2C8, 0x2C8, 0x2C8, 0x2C8, 0x2C8, 0x2C8, 0x2C8, 0x2C8, 0x2C8, 0x2C8, 0x2C8, 0x2C8,
    0x2C8, 0x2C8, 0x2C8, 0x2C8, 0x2C8, 0x2C8, 0x2C8, 0x2C8, 0x2C8, 0x2C8, 0x2C8, 0x2C8, 0x2C8, 0x2C8, 0x2C8, 0x2C8,
    0x2C8, 0x2C8, 0x2C8, 0x2C8, 0x2C8, 0x2C8, 0x2C8, 0x2C8, 0x2C8, 0x2C8, 0x2C8, 0x5DDE, 0x2C8, 0x2C8, 0x2C8, 0x2C8,
    0x2C8, 0x2C8, 0x2C8, 0x2C8, 0x2C8, 0x2C8, 0x2C8, 0x2C8, 0x2C8, 0x2C8, 0x2C8, 0x2C8, 0x2C8, 0x2C8, 0x2C8, 0x2C8,
    0x2C8, 0x2C8, 0x2C8, 0x2C8, 0x2C8, 0x2C8, 0x2C8, 0x2C8, 0x2C8, 0x2C8, 0x2C8, 0x2C8, 0x2C8, 0x2C8, 0x2C8, 0x2C8,
    0x2C8, 0x2C8, 0x2C8, 0x2C8, 0x2C8, 0x2C8, 0x2C8, 0x2C8, 0x2C8, 0x2C8, 0x2C8, 0x2C8, 0x2C8, 0x2C8, 0x2C8, 0x2C8,
    0x2C8, 0x2C8, 0x2C8, 0x2C8, 0x2C8, 0x2C8, 0x2C8, 0x2C8, 0x2C8, 0x2C8, 0x2C8, 0x2C8, 0x2C8, 0x2C8, 0x2C8, 0x2C8,
    0x5E1E, 0x2C8, 0x2C8, 0x2C8, 0x2C8, 0x2C8, 0x2C8, 0x2C8, 0x2C8, 0x2C8, 0x2C8, 0x2C8, 0x2C8, 0x2C8, 0x2C8, 0x2C8,
    0x2C8, 0x2C8, 0x2C8, 0x2C8, 0x2C8, 0x2C8, 0x2C8, 0x2C8, 0x2C8, 0x2C8, 0x2C8, 0x2C8, 0x2C8, 0x2C8, 0x2C8, 0x2C8,
    0x2C8, 0x2C8, 0x2C8, 0x2C8, 0x2C8, 0x2C8, 0x2C8, 0x2C8, 0x2C8, 0x2C8, 0x2C8, 0x2C8, 0x2C8, 0x2C8, 0x2C8, 0x2C8,
    0x2C8, 0x2C8, 0x2C8, 0x2C8, 0x2C8, 0x2C8, 0x2C8, 0x2C8, 0x2C8, 0x2C8, 0x2C8, 0x2C8, 0x2C8, 0x2C8, 0x2C8, 0x2C8,
    0x2C8, 0x2C8, 0x2C8, 0x2C8, 0x2C8, 0x2C8, 0x2C8, 0x2C8, 0x2C8, 0x2C8, 0x2C8, 0x2C8, 0x2C8, 0x2C8, 0x2C8, 0x2C8,
    0x2C8, 0x2C8, 0x2C8, 0x2C8, 0x2C8, 0x2C8, 0x2C8, 0x2C8, 0x2C8, 0x2C8, 0x4E94, 0x2C8, 0x2C8, 0x2C8, 0x2C8, 0x2C8,
    0x2C8, 0x2C8, 0x2C8, 0x2C8, 0x2C8, 0x2C8, 0x2C8, 0x2C8, 0x2C8, 0x2C8, 0x2C8, 0x2C8, 0x2C8, 0x2C8, 0x2C8, 0x2C8,
    0x2C8, 0x2C8, 0x2C8, 0x2C8, 0x2C8, 0x2C8, 0x2C8, 0x2C8, 0x2C8, 0x2C8, 0x2C8, 0x2C8, 0x2C8, 0x2C8, 0x2C8, 0x2C8,
    0x2C8, 0x2C8, 0x2C8, 0x2C8, 0x2C8, 0x2C8, 0x2C8, 0x2C8, 0x2C8, 0x2C8, 0x2C8, 0x2C8, 0x2C8, 0x2C8, 0x2C8, 0x2C8,
    0x2C8, 0x2C8, 0x2C8, 0x2C8, 0x2C8, 0x2C8, 0x2C8, 0x2C8, 0x2C8, 0x2C8, 0x2C8, 0x2C8, 0x2C8, 0x2C8, 0x2C8, 0x2C8,
    0x2C8, 0x2C8, 0x2C8, 0x2C8, 0x2C8, 0x2C8, 0x2C8, 0x2C8, 0x2C8, 0x2C8, 0x2C8, 0x2C8, 0x2C8, 0x2C8, 0x2C8, 0x2C8,
    0x2C8, 0x2C8, 0x2C8, 0x2C8, 0x2C8, 0x2C8, 0x2C8, 0x2C8, 0x2C8, 0x2C8, 0x2C8, 0x2C8, 0x2C8, 0x2C8, 0x2C8, 0x2C8,
    0x2C8, 0x2C8, 0x2C8, 0x2C8, 0x2C8, 0x2C8, 0x2C8, 0x2C8, 0x2C8, 0x2C8, 0x2C8, 0x2C8, 0x2C8, 0x2C8, 0x2C8, 0x5E3E,
    0x2C8, 0x2C8, 0x2C8, 0x2C8, 0x2C8, 0x2C8, 0x2C8, 0x2C8, 0x2C8, 0x5E6E, 0x29EE, 0x29EE, 0x29EE, 0x29EE, 0x29EE, 0x29EE,
    0x29EE, 0x29EE, 0x29EE, 0x29EE, 0x29EE, 0x29EE, 0x29EE, 0x29EE, 0x29EE, 0x29EE, 0x29EE, 0x29EE, 0x29EE, 0x29EE, 0x29EE, 0x29EE,
    0x29EE, 0x29EE, 0x29EE, 0x29EE, 0x29EE, 0x29EE, 0x29EE, 0x29EE, 0x29EE, 0x29EE, 0x29EE, 0x29EE, 0x29EE, 0x29EE, 0x29EE, 0x29EE,
    0x5EAE, 0x5EEE, 0x5F2E, 0x5F6E, 0x5FAE, 0x5FEE, 0x602E, 0x606E, 0x60AE, 0x29EE, 0x29EE, 0x29EE, 0x29EE, 0x29EE, 0x29EE, 0x29EE,
    0x29EE, 0x29EE, 0x29EE, 0x29EE, 0x29EE, 0x29EE, 0x29EE, 0x29EE, 0x29EE, 0x29EE, 0x29EE, 0x29EE, 0x29EE, 0x29EE, 0x29EE, 0x29EE,
    0x2C8, 0x2C8, 0x2C8, 0x2C8, 0x2C8, 0x2C8, 0x2C8, 0x2C8, 0x2C8, 0x2C8, 0x2C8, 0x2C8, 0x2C8, 0x2C8, 0x2C8, 0x2C8,
    0x2C8, 0x2C8, 0x2C8, 0x2C8, 0x2C8, 0x2C8, 0x2C8, 0x2C8, 0x2C8, 0x2C8, 0x2C8, 0x2C8, 0x2C8, 0x2C8, 0x2C8, 0x2C8,
    0x2C8, 0x2C8, 0x2C8, 0x2C8, 0x2C8, 0x2C8, 0x2C8, 0x2C8, 0x2C8, 0x2C8, 0x2C8, 0x2C8, 0x2C8, 0x2C8, 0x2C8, 0x2C8,
    0x2C8, 0x2C8, 0x2C8, 0x2C8, 0x2C8, 0x2C8, 0x2C8, 0x2C8, 0x2C8, 0x2C8, 0x2C8, 0x2C8, 0x2C8, 0x2C8, 0x2C8, 0x2C8,
    0x2C8, 0x2C8, 0x2C8, 0x2C8, 0x2C8, 0x2C8, 0x2C8, 0x2C8, 0x2C8, 0x2C8, 0x2C8, 0x2C8, 0x2C8, 0x60EE, 0x2C8, 0x2C8,
    0x2C8, 0x2C8, 0x2C8, 0x2C8, 0x2C8, 0x2C8, 0x2C8, 0x2C8, 0x2C8, 0x2C8, 0x2C8, 0x2C8, 0x2C8, 0x2C8, 0x2C8, 0x2C8,
    0x2C8, 0x2C8, 0x2C8, 0x2C8, 0x2C8, 0x2C8, 0x2C8, 0x2C8, 0x2C8, 0x2C8, 0x2C8, 0x2C8, 0x2C8, 0x2C8, 0x2C8, 0x2C8,
    0x2C8, 0x2C8, 0x2C8, 0x2C8, 0x2C8, 0x2C8, 0x2C8, 0x2C8, 0x2C8, 0x2C8, 0x2C8, 0x2C8, 0x2C8, 0x2C8, 0x2C8, 0x2C8,
    0x2C8, 0x2C8, 0x2C8, 0x2C8, 0x2C8, 0x2C8, 0x2C8, 0x2C8, 0x2C8, 0x2C8, 0x2C8, 0x2C8, 0x2C8, 0x2C8, 0x2C8, 0x2C8,
    0x2C8, 0x2C8, 0x2C8, 0x2C8, 0x2C8, 0x2C8, 0x2C8, 0x2C8, 0x2C8, 0x2C8, 0x2C8, 0x2C8, 0x2C8, 0x2C8, 0x2C8, 0x2C8,
    0x2C8, 0x2C8, 0x2C8, 0x2C8, 0x2C8, 0x2C8, 0x2C8, 0x2C8, 0x2C8, 0x2C8, 0x2C8, 0x2C8, 0x2C8, 0x2C8, 0x2C8, 0x2C8,
    0x2C8, 0x2C8, 0x2C8, 0x2C8, 0x2C8, 0x2C8, 0x2C8, 0x2C8, 0x2C8, 0x2C8, 0x2C8, 0x2C8, 0x2C8, 0x2C8, 0x2C8, 0x2C8,
    0x2C8, 0x2C8, 0x2C8, 0x2C8, 0x2C8, 0x2C8, 0x2C8, 0x2C8, 0x2C8, 0x2C8, 0x2C8, 0x2C8, 0x2C8, 0x2C8, 0x2C8, 0x2C8,
    0x2C8, 0x489D, 0x29EE, 0x29EE, 0x29EE, 0x29EE, 0x29EE, 0x29EE, 0x29EE, 0x29EE, 0x29EE, 0x29EE, 0x29EE, 0x29EE, 0x29EE, 0x29EE,
    0x29EE, 0x29EE, 0x29EE, 0x29EE, 0x29EE, 0x29EE, 0x29EE, 0x29EE, 0x29EE, 0x29EE, 0x29EE, 0x29EE, 0x29EE, 0x29EE, 0x29EE, 0x29EE,
    0x29EE, 0x29EE, 0x29EE, 0x29EE, 0x29EE, 0x29EE, 0x29EE, 0x29EE, 0x29EE, 0x29EE, 0x29EE, 0x29EE, 0x29EE, 0x29EE, 0x29EE, 0x29EE,
    0x29EE, 0x29EE, 0x29EE, 0x29EE, 0x29EE, 0x29EE, 0x29EE, 0x29EE, 0x29EE, 0x29EE, 0x29EE, 0x29EE, 0x29EE, 0x29EE, 0x29EE, 0x29EE,
    0x29EE, 0x29EE, 0x29EE, 0x29EE, 0x29EE, 0x29EE, 0x29EE, 0x29EE, 0x29EE, 0x29EE, 0x29EE, 0x29EE, 0x29EE, 0x29EE, 0x29EE, 0x29EE,
    0x29EE, 0x29EE, 0x29EE, 0x29EE, 0x29EE, 0x29EE, 0x29EE, 0x29EE, 0x29EE, 0x29EE, 0x29EE, 0x29EE, 0x29EE, 0x29EE, 0x29EE, 0x29EE,
    0x29EE, 0x29EE, 0x29EE, 0x29EE, 0x29EE, 0x29EE, 0x29EE, 0x29EE, 0x29EE, 0x29EE, 0x29EE, 0x29EE, 0x29EE, 0x29EE, 0x29EE, 0x29EE,
    0x29EE, 0x29EE, 0x29EE, 0x29EE, 0x29EE, 0x29EE, 0x29EE, 0x29EE, 0x29EE, 0x29EE, 0x29EE, 0x29EE, 0x29EE, 0x29EE, 0x29EE, 0x29EE,
    0x29EE, 0x29EE, 0x29EE, 0x29EE, 0x29EE, 0x29EE, 0x29EE, 0x29EE, 0x29EE, 0x29EE, 0x29EE, 0x29EE, 0x29EE, 0x29EE, 0x29EE, 0x29EE,
    0x29EE, 0x29EE, 0x29EE, 0x29EE, 0x29EE, 0x29EE, 0x29EE, 0x29EE, 0x29EE, 0x29EE, 0x29EE, 0x29EE, 0x29EE, 0x29EE, 0x29EE, 0x29EE,
    0x29EE, 0x29EE, 0x29EE, 0x29EE, 0x29EE, 0x29EE, 0x29EE, 0x29EE, 0x29EE, 0x29EE, 0x29EE, 0x29EE, 0x29EE, 0x29EE, 0x29EE, 0x29EE,
    0x29EE, 0x29EE, 0x29EE, 0x29EE, 0x29EE, 0x29EE, 0x29EE, 0x29EE, 0x29EE, 0x29EE, 0x29EE, 0x29EE, 0x29EE, 0x29EE, 0x29EE, 0x29EE,
    0x29EE, 0x29EE, 0x29EE, 0x29EE, 0x29EE, 0x29EE, 0x29EE, 0x29EE, 0x29EE, 0x29EE, 0x29EE, 0x29EE, 0x29EE, 0x29EE, 0x29EE, 0x29EE,
    0x29EE, 0x29EE, 0x29EE, 0x29EE, 0x29EE, 0x29EE, 0x29EE, 0x29EE, 0x29EE, 0x29EE, 0x29EE, 0x29EE, 0x29EE, 0x29EE, 0x29EE, 0x29EE,
    0x29EE, 0x29EE, 0x29EE, 0x29EE, 0x29EE, 0x29EE, 0x29EE, 0x29EE, 0x29EE, 0x29EE, 0x29EE, 0x29EE, 0x29EE, 0x29EE, 0x29EE, 0x29EE,
    0x29EE, 0x29EE, 0x29EE, 0x29EE, 0x29EE, 0x29EE, 0x29EE, 0x29EE, 0x29EE, 0x29EE, 0x29EE, 0x29EE, 0x29EE, 0x29EE, 0x29EE, 0x29EE,
    0x29EE, 0x29EE, 0x29EE, 0x29EE, 0x29EE, 0x29EE, 0x29EE, 0x29EE, 0x29EE, 0x29EE, 0x29EE, 0x29EE, 0x29EE, 0x29EE, 0x29EE, 0x29EE,
    0x29EE, 0x29EE, 0x29EE, 0x29EE, 0x29EE, 0x29EE, 0x29EE, 0x29EE, 0x29EE, 0x29EE, 0x29EE, 0x29EE, 0x29EE, 0x29EE, 0x29EE, 0x29EE,
    0x29EE, 0x29EE, 0x29EE, 0x29EE, 0x29EE, 0x29EE, 0x29EE, 0x29EE, 0x29EE, 0x29EE, 0x29EE, 0x29EE, 0x29EE, 0x29EE, 0x29EE, 0x29EE,
    0x29EE, 0x29EE, 0x29EE, 0x29EE, 0x29EE, 0x29EE, 0x29EE, 0x29EE, 0x29EE, 0x29EE, 0x29EE, 0x29EE, 0x29EE, 0x29EE, 0x29EE, 0x29EE,
    0x29EE, 0x29EE, 0x29EE, 0x29EE, 0x29EE, 0x29EE, 0x29EE, 0x29EE, 0x29EE, 0x29EE, 0x29EE, 0x29EE, 0x29EE, 0x29EE, 0x29EE, 0x29EE,
    0x29EE, 0x29EE, 0x29EE, 0x29EE, 0x29EE, 0x29EE, 0x29EE, 0x29EE, 0x29EE, 0x29EE, 0x29EE, 0x29EE, 0x29EE, 0x29EE, 0x29EE, 0x29EE,
    0x29EE, 0x29EE, 0x29EE, 0x29EE, 0x29EE, 0x29EE, 0x29EE, 0x29EE, 0x29EE, 0x29EE, 0x29EE, 0x29EE, 0x29EE, 0x29EE, 0x29EE, 0x29EE,
    0x29EE, 0x29EE, 0x29EE, 0x29EE, 0x29EE, 0x29EE, 0x29EE, 0x29EE, 0x29EE, 0x29EE, 0x29EE, 0x29EE, 0x29EE, 0x29EE, 0x29EE, 0x29EE,
    0x29EE, 0x29EE, 0x29EE, 0x29EE, 0x29EE, 0x29EE, 0x29EE, 0x29EE, 0x29EE, 0x29EE, 0x29EE, 0x29EE, 0x29EE, 0x29EE, 0x29EE, 0x29EE,
    0x29EE, 0x29EE, 0x29EE, 0x29EE, 0x29EE, 0x29EE, 0x29EE, 0x29EE, 0x29EE, 0x29EE, 0x29EE, 0x29EE, 0x29EE, 0x29EE, 0x29EE, 0x29EE,
    0x29EE, 0x29EE, 0x29EE, 0x29EE, 0x29EE, 0x29EE, 0x29EE, 0x29EE, 0x29EE, 0x29EE, 0x29EE, 0x29EE, 0x29EE, 0x29EE, 0x29EE, 0x29EE,
    0x29EE, 0x29EE, 0x29EE, 0x29EE, 0x29EE, 0x29EE, 0x29EE, 0x29EE, 0x29EE, 0x29EE, 0x29EE, 0x29EE, 0x29EE, 0x29EE, 0x29EE, 0x29EE,
    0x29EE, 0x29EE, 0x29EE, 0x29EE, 0x29EE, 0x29EE, 0x29EE, 0x29EE, 0x29EE, 0x29EE, 0x29EE, 0x29EE, 0x29EE, 0x29EE, 0x29EE, 0x29EE,
    0x29EE, 0x29EE, 0x29EE, 0x29EE, 0x29EE, 0x29EE, 0x29EE, 0x29EE, 0x29EE, 0x29EE, 0x29EE, 0x29EE, 0x29EE, 0x29EE, 0x29EE, 0x29EE,
    0x29EE, 0x29EE, 0x29EE, 0x29EE, 0x29EE, 0x29EE, 0x29EE, 0x29EE, 0x29EE, 0x29EE, 0x29EE, 0x29EE, 0x29EE, 0x29EE, 0x29EE, 0x29EE,
    0x29EE, 0x29EE, 0x29EE, 0x29EE, 0x29EE, 0x29EE, 0x29EE, 0x29EE, 0x29EE, 0x29EE, 0x29EE, 0x29EE, 0x29EE, 0x29EE, 0x29EE, 0x29EE,
    0x29EE, 0x29EE, 0x29EE, 0x29EE, 0x29EE, 0x29EE, 0x29EE, 0x29EE, 0x29EE, 0x29EE, 0x29EE, 0x29EE, 0x29EE, 0x29EE, 0x29EE, 0x29EE,
    0x29EE, 0x29EE, 0x29EE, 0x29EE, 0x29EE, 0x29EE, 0x29EE, 0x29EE, 0x29EE, 0x29EE, 0x29EE, 0x29EE, 0x29EE, 0x29EE, 0x29EE, 0x29EE,
    0x29EE, 0x29EE, 0x29EE, 0x29EE, 0x29EE, 0x29EE, 0x29EE, 0x29EE, 0x29EE, 0x29EE, 0x29EE, 0x29EE, 0x29EE, 0x29EE, 0x29EE, 0x29EE,
    0x29EE, 0x29EE, 0x29EE, 0x29EE, 0x29EE, 0x29EE, 0x29EE, 0x29EE, 0x29EE, 0x29EE, 0x29EE, 0x29EE, 0x29EE, 0x29EE, 0x29EE, 0x29EE,
    0x29EE, 0x29EE, 0x29EE, 0x29EE, 0x29EE, 0x29EE, 0x29EE, 0x29EE, 0x29EE, 0x29EE, 0x29EE, 0x29EE, 0x29EE, 0x29EE, 0x29EE, 0x29EE,
    0x29EE, 0x29EE, 0x29EE, 0x29EE, 0x29EE, 0x29EE, 0x29EE, 0x29EE, 0x29EE, 0x29EE, 0x29EE, 0x29EE, 0x29EE, 0x29EE, 0x29EE, 0x29EE,
    0x29EE, 0x29EE, 0x29EE, 0x29EE, 0x29EE, 0x29EE, 0x29EE, 0x29EE, 0x29EE, 0x29EE, 0x29EE, 0x29EE, 0x29EE, 0x29EE, 0x29EE, 0x29EE,
    0x2C8, 0x2C8, 0x2C8, 0x2C8, 0x2C8, 0x2C8, 0x2C8, 0x2C8, 0x2C8, 0x2C8, 0x2C8, 0x2C8, 0x2C8, 0x2C8, 0x2C8, 0x2C8,
    0x2C8, 0x2C8, 0x2C8, 0x2C8, 0x2C8, 0x2C8, 0x2C8, 0x2C8, 0x2C8, 0x2C8, 0x2C8, 0x2C8, 0x2C8, 0x2C8, 0x2C8, 0x2C8,
    0x2C8, 0x2C8, 0x2C8, 0x2C8, 0x2C8, 0x2C8, 0x2C8, 0x2C8, 0x2C8, 0x2C8, 0x2C8, 0x2C8, 0x2C8, 0x2C8, 0x2C8, 0x2C8,
    0x2C8, 0x2C8, 0x2C8, 0x2C8, 0x2C8, 0x2C8, 0x2C8, 0x2C8, 0x2C8, 0x2C8, 0x2C8, 0x2C8, 0x2C8, 0x2C8, 0x2C8, 0x2C8,
    0x2C8, 0x2C8, 0x2C8, 0x2C8, 0x2C8, 0x2C8, 0x2C8, 0x2C8, 0x2C8, 0x2C8, 0x2C8, 0x2C8, 0x2C8, 0x2C8, 0x2C8, 0x2C8,
    0x2C8, 0x2C8, 0x2C8, 0x2C8, 0x2C8, 0x2C8, 0x2C8, 0x2C8, 0x2C8, 0x2C8, 0x2C8, 0x2C8, 0x2C8, 0x2C8, 0x2C8, 0x2C8,
    0x2C8, 0x2C8, 0x2C8, 0x2C8, 0x2C8, 0x2C8, 0x2C8, 0x2C8, 0x2C8, 0x2C8, 0x2C8, 0x2C8, 0x2C8, 0x2C8, 0x2C8, 0x2C8,
    0x2C8, 0x2C8, 0x2C8, 0x2C8, 0x2C8, 0x2C8, 0x2C8, 0x2C8, 0x2C8, 0x2C8, 0x2C8, 0x2C8, 0x2C8, 0x2C8, 0x2C8, 0x2C8,
    0x2C8, 0x2C8, 0x2C8, 0x2C8, 0x2C8, 0x2C8, 0x2C8, 0x2C8, 0x2C8, 0x2C8, 0x2C8, 0x2C8, 0x2C8, 0x2C8, 0x2C8, 0x2C8,
    0x2C8, 0x2C8, 0x2C8, 0x2C8, 0x2C8, 0x2C8, 0x2C8, 0x2C8, 0x2C8, 0x2C8, 0x2C8, 0x2C8, 0x2C8, 0x2C8, 0x2C8, 0x2C8,
    0x2C8, 0x2C8, 0x2C8, 0x2C8, 0x2C8, 0x2C8, 0x2C8, 0x2C8, 0x2C8, 0x2C8, 0x2C8, 0x2C8, 0x2C8, 0x2C8, 0x2C8, 0x2C8,
    0x2C8, 0x29EE, 0x29EE, 0x29EE, 0x29EE, 0x29EE, 0x29EE, 0x29EE, 0x29EE, 0x29EE, 0x29EE, 0x29EE, 0x29EE, 0x29EE, 0x29EE, 0x29EE,
    0x29EE, 0x29EE, 0x29EE, 0x29EE, 0x29EE, 0x29EE, 0x29EE, 0x29EE, 0x29EE, 0x29EE, 0x29EE, 0x29EE, 0x29EE, 0x29EE, 0x29EE, 0x29EE,
    0x29EE, 0x29EE, 0x29EE, 0x29EE, 0x29EE, 0x29EE, 0x29EE, 0x29EE, 0x29EE, 0x29EE, 0x29EE, 0x29EE, 0x29EE, 0x29EE, 0x29EE, 0x29EE,
    0x29EE, 0x29EE, 0x29EE, 0x29EE, 0x29EE, 0x29EE, 0x29EE, 0x29EE, 0x29EE, 0x29EE, 0x29EE, 0x29EE, 0x29EE, 0x29EE, 0x29EE, 0x29EE,
    0x29EE, 0x29EE, 0x29EE, 0x29EE, 0x29EE, 0x29EE, 0x29EE, 0x29EE, 0x29EE, 0x29EE, 0x29EE, 0x29EE, 0x29EE, 0x29EE, 0x29EE, 0x29EE,
    0x29EE, 0x29EE, 0x29EE, 0x29EE, 0x29EE, 0x29EE, 0x29EE, 0x29EE, 0x29EE, 0x29EE, 0x29EE, 0x29EE, 0x29EE, 0x29EE, 0x29EE, 0x29EE,
    0x29EE, 0x29EE, 0x29EE, 0x29EE, 0x29EE, 0x29EE, 0x29EE, 0x29EE, 0x29EE, 0x29EE, 0x29EE, 0x29EE, 0x29EE, 0x29EE, 0x29EE, 0x29EE,
    0x29EE, 0x29EE, 0x29EE, 0x29EE, 0x29EE, 0x29EE, 0x29EE, 0x29EE, 0x29EE, 0x29EE, 0x29EE, 0x29EE, 0x29EE, 0x29EE, 0x29EE, 0x29EE,
    0x29EE, 0x29EE, 0x29EE, 0x29EE, 0x29EE, 0x29EE, 0x29EE, 0x29EE, 0x29EE, 0x29EE, 0x29EE, 0x29EE, 0x29EE, 0x29EE, 0x29EE, 0x29EE,
    0x29EE, 0x29EE, 0x29EE, 0x29EE, 0x29EE, 0x29EE, 0x29EE, 0x29EE, 0x29EE, 0x29EE, 0x29EE, 0x29EE, 0x29EE, 0x29EE, 0x29EE, 0x29EE,
    0x29EE, 0x29EE, 0x29EE, 0x29EE, 0x29EE, 0x29EE, 0x29EE, 0x29EE, 0x29EE, 0x29EE, 0x29EE, 0x29EE, 0x29EE, 0x29EE, 0x29EE, 0x29EE,
    0x29EE, 0x29EE, 0x29EE, 0x29EE, 0x29EE, 0x29EE, 0x29EE, 0x29EE, 0x29EE, 0x29EE, 0x29EE, 0x29EE, 0x29EE, 0x29EE, 0x29EE, 0x29EE,
    0x29EE, 0x29EE, 0x29EE, 0x29EE, 0x29EE, 0x29EE, 0x29EE, 0x29EE, 0x29EE, 0x29EE, 0x29EE, 0x29EE, 0x29EE, 0x29EE, 0x29EE, 0x29EE,
    0x29EE, 0x29EE, 0x29EE, 0x29EE, 0x29EE, 0x29EE, 0x29EE, 0x29EE, 0x29EE, 0x29EE, 0x29EE, 0x29EE, 0x29EE, 0x29EE, 0x29EE, 0x29EE,
    0x29EE, 0x29EE, 0x29EE, 0x29EE, 0x29EE, 0x29EE, 0x29EE, 0x29EE, 0x29EE, 0x29EE, 0x29EE, 0x29EE, 0x29EE, 0x29EE, 0x29EE, 0x29EE,
    0x29EE, 0x29EE, 0x29EE, 0x29EE, 0x29EE, 0x29EE, 0x29EE, 0x29EE, 0x29EE, 0x29EE, 0x29EE, 0x29EE, 0x29EE, 0x29EE, 0x29EE, 0x29EE,
    0x29EE, 0x29EE, 0x29EE, 0x29EE, 0x29EE, 0x29EE, 0x29EE, 0x29EE, 0x29EE, 0x29EE, 0x29EE, 0x29EE, 0x29EE, 0x29EE, 0x29EE, 0x29EE,
    0x29EE, 0x29EE, 0x29EE, 0x29EE, 0x29EE, 0x29EE, 0x29EE, 0x29EE, 0x29EE, 0x29EE, 0x29EE, 0x29EE, 0x29EE, 0x29EE, 0x29EE, 0x29EE,
    0x29EE, 0x29EE, 0x29EE, 0x29EE, 0x29EE, 0x29EE, 0x29EE, 0x29EE, 0x29EE, 0x29EE, 0x29EE, 0x29EE, 0x29EE, 0x29EE, 0x29EE, 0x29EE,
    0x29EE, 0x29EE, 0x29EE, 0x29EE, 0x29EE, 0x29EE, 0x29EE, 0x29EE, 0x29EE, 0x29EE, 0x29EE, 0x29EE, 0x29EE, 0x29EE, 0x29EE, 0x29EE,
    0x29EE, 0x29EE, 0x29EE, 0x29EE, 0x29EE, 0x29EE, 0x29EE, 0x29EE, 0x29EE, 0x29EE, 0x29EE, 0x29EE, 0x29EE, 0x29EE, 0x29EE, 0x29EE,
    0x29EE, 0x29EE, 0x29EE, 0x29EE, 0x29EE, 0x29EE, 0x29EE, 0x29EE, 0x29EE, 0x29EE, 0x29EE, 0x29EE, 0x29EE, 0x29EE, 0x29EE, 0x29EE,
    0x29EE, 0x29EE, 0x29EE, 0x29EE, 0x29EE, 0x29EE, 0x29EE, 0x29EE, 0x29EE, 0x29EE, 0x29EE, 0x29EE, 0x29EE, 0x29EE, 0x29EE, 0x29EE,
    0x29EE, 0x29EE, 0x29EE, 0x29EE, 0x29EE, 0x29EE, 0x29EE, 0x29EE, 0x29EE, 0x29EE, 0x29EE, 0x29EE, 0x29EE, 0x29EE, 0x29EE, 0x29EE,
    0x29EE, 0x29EE, 0x29EE, 0x29EE, 0x29EE, 0x29EE, 0x29EE, 0x29EE, 0x29EE, 0x29EE, 0x29EE, 0x29EE, 0x29EE, 0x29EE, 0x29EE, 0x29EE,
    0x29EE, 0x29EE, 0x29EE, 0x29EE, 0x29EE, 0x29EE, 0x29EE, 0x29EE, 0x29EE, 0x29EE, 0x29EE, 0x29EE, 0x29EE, 0x29EE, 0x29EE, 0x29EE,
    0x29EE, 0x29EE, 0x29EE, 0x29EE, 0x29EE, 0x29EE, 0x29EE, 0x29EE, 0x29EE, 0x29EE, 0x29EE, 0x29EE, 0x29EE, 0x29EE, 0x29EE, 0x29EE,
    0x29EE, 0x29EE, 0x29EE, 0x29EE, 0x29EE, 0x29EE, 0x29EE, 0x29EE, 0x29EE, 0x29EE, 0x29EE, 0x29EE, 0x29EE, 0x29EE, 0x29EE, 0x29EE,
    0x29EE, 0x29EE, 0x29EE, 0x29EE, 0x29EE, 0x29EE, 0x29EE, 0x29EE, 0x29EE, 0x29EE, 0x29EE, 0x29EE, 0x29EE, 0x29EE, 0x29EE, 0x29EE,
    0x29EE, 0x29EE, 0x29EE, 0x29EE, 0x29EE, 0x29EE, 0x29EE, 0x29EE, 0x29EE, 0x29EE, 0x29EE, 0x29EE, 0x29EE, 0x29EE, 0x29EE, 0x29EE,
    0x29EE, 0x29EE, 0x29EE, 0x29EE, 0x29EE, 0x29EE, 0x29EE, 0x29EE, 0x29EE, 0x29EE, 0x29EE, 0x29EE, 0x29EE, 0x29EE, 0x29EE, 0x29EE,
    0x29EE, 0x29EE, 0x29EE, 0x29EE, 0x29EE, 0x29EE, 0x29EE, 0x29EE, 0x29EE, 0x29EE, 0x29EE, 0x29EE, 0x29EE, 0x29EE, 0x29EE, 0x29EE,
    0x29EE, 0x29EE, 0x29EE, 0x29EE, 0x29EE, 0x29EE, 0x29EE, 0x29EE, 0x29EE, 0x29EE, 0x29EE, 0x29EE, 0x29EE, 0x29EE, 0x29EE, 0x29EE,
    0x29EE, 0x29EE, 0x29EE, 0x29EE, 0x29EE, 0x29EE, 0x29EE, 0x29EE, 0x29EE, 0x29EE, 0x29EE, 0x29EE, 0x29EE, 0x29EE, 0x29EE, 0x29EE,
    0x29EE, 0x29EE, 0x29EE, 0x29EE, 0x29EE, 0x29EE, 0x29EE, 0x29EE, 0x29EE, 0x29EE, 0x29EE, 0x29EE, 0x29EE, 0x29EE, 0x29EE, 0x29EE,
    0x29EE, 0x29EE, 0x29EE, 0x29EE, 0x29EE, 0x29EE, 0x29EE, 0x29EE, 0x29EE, 0x29EE, 0x29EE, 0x29EE, 0x29EE, 0x29EE, 0x29EE, 0x29EE,
    0x29EE, 0x29EE, 0x29EE, 0x29EE, 0x29EE, 0x29EE, 0x29EE, 0x29EE, 0x29EE, 0x29EE, 0x29EE, 0x29EE, 0x29EE, 0x29EE, 0x29EE, 0x29EE,
    0x29EE, 0x29EE, 0x29EE, 0x29EE, 0x29EE, 0x29EE, 0x29EE, 0x29EE, 0x29EE, 0x29EE, 0x29EE, 0x29EE, 0x29EE, 0x29EE, 0x29EE, 0x29EE,
    0x29EE, 0x29EE, 0x29EE, 0x29EE, 0x29EE, 0x29EE, 0x29EE, 0x29EE, 0x29EE, 0x29EE, 0x29EE, 0x29EE, 0x29EE, 0x29EE, 0x29EE, 0x29EE,
    0x29EE, 0x29EE, 0x29EE, 0x29EE, 0x29EE, 0x29EE, 0x29EE, 0x29EE, 0x29EE, 0x29EE, 0x29EE, 0x29EE, 0x29EE, 0x29EE, 0x29EE, 0x29EE,
    0x29EE, 0x29EE, 0x29EE, 0x29EE, 0x29EE, 0x29EE, 0x29EE, 0x29EE, 0x29EE, 0x29EE, 0x29EE, 0x29EE, 0x29EE, 0x29EE, 0x29EE, 0x29EE,
    0x29EE, 0x29EE, 0x29EE, 0x29EE, 0x29EE, 0x29EE, 0x29EE, 0x29EE, 0x29EE, 0x29EE, 0x29EE, 0x29EE, 0x29EE, 0x29EE, 0x29EE, 0x29EE,
    0x29EE, 0x29EE, 0x29EE, 0x29EE, 0x29EE, 0x29EE, 0x29EE, 0x29EE, 0x29EE, 0x29EE, 0x29EE, 0x29EE, 0x29EE, 0x29EE, 0x29EE, 0x29EE,
    0x29EE, 0x29EE, 0x29EE, 0x29EE, 0x29EE, 0x29EE, 0x29EE, 0x29EE, 0x29EE, 0x29EE, 0x29EE, 0x29EE, 0x29EE, 0x29EE, 0x29EE, 0x29EE,
    0x29EE, 0x29EE, 0x29EE, 0x29EE, 0x29EE, 0x29EE, 0x29EE, 0x29EE, 0x29EE, 0x29EE, 0x29EE, 0x29EE, 0x29EE, 0x29EE, 0x29EE, 0x29EE,
    0x29EE, 0x29EE, 0x29EE, 0x29EE, 0x29EE, 0x29EE, 0x29EE, 0x29EE, 0x29EE, 0x29EE, 0x29EE, 0x29EE, 0x29EE, 0x29EE, 0x29EE, 0x29EE,
    0x29EE, 0x29EE, 0x29EE, 0x29EE, 0x29EE, 0x29EE, 0x29EE, 0x29EE, 0x29EE, 0x29EE, 0x29EE, 0x29EE, 0x29EE, 0x29EE, 0x29EE, 0x29EE,
    0x29EE, 0x29EE, 0x29EE, 0x29EE, 0x29EE, 0x29EE, 0x29EE, 0x29EE, 0x29EE, 0x29EE, 0x29EE, 0x29EE, 0x29EE, 0x29EE, 0x29EE, 0x29EE,
    0x29EE, 0x29EE, 0x29EE, 0x29EE, 0x29EE, 0x29EE, 0x29EE, 0x29EE, 0x29EE, 0x29EE, 0x29EE, 0x29EE, 0x29EE, 0x29EE, 0x29EE, 0x29EE,
    0x29EE, 0x29EE, 0x29EE, 0x29EE, 0x29EE, 0x29EE, 0x29EE, 0x29EE, 0x29EE, 0x29EE, 0x29EE, 0x29EE, 0x29EE, 0x29EE, 0x29EE, 0x29EE,
    0x29EE, 0x29EE, 0x29EE, 0x29EE, 0x29EE, 0x29EE, 0x29EE, 0x29EE, 0x29EE, 0x29EE, 0x29EE, 0x29EE, 0x29EE, 0x29EE, 0x29EE, 0x29EE,
    0x29EE, 0x29EE, 0x29EE, 0x29EE, 0x29EE, 0x29EE, 0x29EE, 0x29EE, 0x29EE, 0x29EE, 0x29EE, 0x29EE, 0x29EE, 0x29EE, 0x29EE, 0x29EE,
    0x29EE, 0x29EE, 0x29EE, 0x29EE, 0x29EE, 0x29EE, 0x29EE, 0x29EE, 0x29EE, 0x29EE, 0x29EE, 0x29EE, 0x29EE, 0x29EE, 0x29EE, 0x29EE,
    0x29EE, 0x29EE, 0x29EE, 0x29EE, 0x29EE, 0x29EE, 0x29EE, 0x29EE, 0x29EE, 0x29EE, 0x29EE, 0x29EE, 0x29EE, 0x29EE, 0x29EE, 0x29EE,
    0x29EE, 0x29EE, 0x29EE, 0x29EE, 0x29EE, 0x29EE, 0x29EE, 0x29EE, 0x29EE, 0x29EE, 0x29EE, 0x29EE, 0x29EE, 0x29EE, 0x29EE, 0x29EE,
    0x29EE, 0x29EE, 0x29EE, 0x29EE, 0x29EE, 0x29EE, 0x29EE, 0x29EE, 0x29EE, 0x29EE, 0x29EE, 0x29EE, 0x29EE, 0x29EE, 0x29EE, 0x29EE,
    0x29EE, 0x29EE, 0x29EE, 0x29EE, 0x29EE, 0x29EE, 0x29EE, 0x29EE, 0x29EE, 0x29EE, 0x29EE, 0x29EE, 0x29EE, 0x29EE, 0x29EE, 0x29EE,
    0x29EE, 0x29EE, 0x29EE, 0x29EE, 0x29EE, 0x29EE, 0x29EE, 0x29EE, 0x29EE, 0x29EE, 0x29EE, 0x29EE, 0x29EE, 0x29EE, 0x29EE, 0x29EE,
    0x29EE, 0x29EE, 0x29EE, 0x29EE, 0x29EE, 0x29EE, 0x29EE, 0x29EE, 0x29EE, 0x29EE, 0x29EE, 0x29EE, 0x29EE, 0x29EE, 0x29EE, 0x29EE,
    0x29EE, 0x29EE, 0x29EE, 0x29EE, 0x29EE, 0x29EE, 0x29EE, 0x29EE, 0x29EE, 0x29EE, 0x29EE, 0x29EE, 0x29EE, 0x29EE, 0x29EE, 0x29EE,
    0x29EE, 0x29EE, 0x29EE, 0x29EE, 0x29EE, 0x29EE, 0x29EE, 0x29EE, 0x29EE, 0x29EE, 0x29EE, 0x29EE, 0x29EE, 0x29EE, 0x29EE, 0x29EE,
    0x29EE, 0x29EE, 0x29EE, 0x29EE, 0x29EE, 0x29EE, 0x29EE, 0x29EE, 0x29EE, 0x29EE, 0x29EE, 0x29EE, 0x29EE, 0x29EE, 0x29EE, 0x29EE,
    0x29EE, 0x29EE, 0x29EE, 0x29EE, 0x29EE, 0x29EE, 0x29EE, 0x29EE, 0x29EE, 0x29EE, 0x29EE, 0x29EE, 0x29EE, 0x29EE, 0x29EE, 0x29EE,
    0x29EE, 0x29EE, 0x29EE, 0x29EE, 0x29EE, 0x29EE, 0x29EE, 0x29EE, 0x29EE, 0x29EE, 0x29EE, 0x29EE, 0x29EE, 0x29EE, 0x29EE, 0x29EE,
    0x29EE, 0x29EE, 0x29EE, 0x29EE, 0x29EE, 0x29EE, 0x29EE, 0x29EE, 0x29EE, 0x29EE, 0x29EE, 0x29EE, 0x29EE, 0x29EE, 0x29EE, 0x29EE,
    0x29EE, 0x29EE, 0x29EE, 0x29EE, 0x29EE, 0x29EE, 0x29EE, 0x29EE, 0x29EE, 0x29EE, 0x29EE, 0x29EE, 0x29EE, 0x29EE, 0x29EE, 0x29EE,
    0x29EE, 0x29EE, 0x29EE, 0x29EE, 0x29EE, 0x29EE, 0x29EE, 0x29EE, 0x29EE, 0x29EE, 0x29EE, 0x29EE, 0x29EE, 0x29EE, 0x29EE, 0x29EE,
    0x29EE, 0x29EE, 0x29EE, 0x29EE, 0x29EE, 0x29EE, 0x29EE, 0x29EE, 0x29EE, 0x29EE, 0x29EE, 0x29EE, 0x29EE, 0x29EE, 0x29EE, 0x29EE,
    0x29EE, 0x29EE, 0x29EE, 0x29EE, 0x29EE, 0x29EE, 0x29EE, 0x29EE, 0x29EE, 0x29EE, 0x29EE, 0x29EE, 0x29EE, 0x29EE, 0x29EE, 0x29EE,
    0x29EE, 0x29EE, 0x29EE, 0x29EE, 0x29EE, 0x29EE, 0x29EE, 0x29EE, 0x29EE, 0x29EE, 0x29EE, 0x29EE, 0x29EE, 0x29EE, 0x29EE, 0x29EE,
    0x29EE, 0x29EE, 0x29EE, 0x29EE, 0x29EE, 0x29EE, 0x29EE, 0x29EE, 0x29EE, 0x29EE, 0x29EE, 0x29EE, 0x29EE, 0x29EE, 0x29EE, 0x29EE,
    0x29EE, 0x29EE, 0x29EE, 0x29EE, 0x29EE, 0x29EE, 0x29EE, 0x29EE, 0x29EE, 0x29EE, 0x29EE, 0x29EE, 0x29EE, 0x29EE, 0x29EE, 0x29EE,
    0x29EE, 0x29EE, 0x29EE, 0x29EE, 0x29EE, 0x29EE, 0x29EE, 0x29EE, 0x29EE, 0x29EE, 0x29EE, 0x29EE, 0x29EE, 0x29EE, 0x29EE, 0x29EE,
    0x29EE, 0x29EE, 0x29EE, 0x29EE, 0x29EE, 0x29EE, 0x29EE, 0x29EE, 0x29EE, 0x29EE, 0x29EE, 0x29EE, 0x29EE, 0x29EE, 0x29EE, 0x29EE,
    0x29EE, 0x29EE, 0x29EE, 0x29EE, 0x29EE, 0x29EE, 0x29EE, 0x29EE, 0x29EE, 0x29EE, 0x29EE, 0x29EE, 0x29EE, 0x29EE, 0x29EE, 0x29EE,
    0x29EE, 0x29EE, 0x29EE, 0x29EE, 0x29EE, 0x29EE, 0x29EE, 0x29EE, 0x29EE, 0x29EE, 0x29EE, 0x29EE, 0x29EE, 0x29EE, 0x29EE, 0x29EE,
    0x29EE, 0x29EE, 0x29EE, 0x29EE, 0x29EE, 0x29EE, 0x29EE, 0x29EE, 0x29EE, 0x29EE, 0x29EE, 0x29EE, 0x29EE, 0x29EE, 0x29EE, 0x29EE,
    0x29EE, 0x29EE, 0x29EE, 0x29EE, 0x29EE, 0x29EE, 0x29EE, 0x29EE, 0x29EE, 0x29EE, 0x29EE, 0x29EE, 0x29EE, 0x29EE, 0x29EE, 0x29EE,
    0x29EE, 0x29EE, 0x29EE, 0x29EE, 0x29EE, 0x29EE, 0x29EE, 0x29EE, 0x29EE, 0x29EE, 0x29EE, 0x29EE, 0x29EE, 0x29EE, 0x29EE, 0x29EE,
    0x29EE, 0x29EE, 0x29EE, 0x29EE, 0x29EE, 0x29EE, 0x29EE, 0x29EE, 0x29EE, 0x29EE, 0x29EE, 0x29EE, 0x29EE, 0x29EE, 0x29EE, 0x29EE,
    0x29EE, 0x29EE, 0x29EE, 0x29EE, 0x29EE, 0x29EE, 0x29EE, 0x29EE, 0x29EE, 0x29EE, 0x29EE, 0x29EE, 0x29EE, 0x29EE, 0x29EE, 0x29EE,
    0x29EE, 0x29EE, 0x29EE, 0x29EE, 0x29EE, 0x29EE, 0x29EE, 0x29EE, 0x29EE, 0x29EE, 0x29EE, 0x29EE, 0x29EE, 0x29EE, 0x29EE, 0x29EE,
    0x29EE, 0x29EE, 0x29EE, 0x29EE, 0x29EE, 0x29EE, 0x29EE, 0x29EE, 0x29EE, 0x29EE, 0x29EE, 0x29EE, 0x29EE, 0x29EE, 0x29EE, 0x29EE,
    0x29EE, 0x29EE, 0x29EE, 0x29EE, 0x29EE, 0x29EE, 0x29EE, 0x29EE, 0x29EE, 0x29EE, 0x29EE, 0x29EE, 0x29EE, 0x29EE, 0x29EE, 0x29EE,
    0x29EE, 0x29EE, 0x29EE, 0x29EE, 0x29EE, 0x29EE, 0x29EE, 0x29EE, 0x29EE, 0x29EE, 0x29EE, 0x29EE, 0x29EE, 0x29EE, 0x29EE, 0x29EE,
    0x29EE, 0x29EE, 0x29EE, 0x29EE, 0x29EE, 0x29EE, 0x29EE, 0x29EE, 0x29EE, 0x29EE, 0x29EE, 0x29EE, 0x29EE, 0x29EE, 0x29EE, 0x29EE,
    0x29EE, 0x29EE, 0x29EE, 0x29EE, 0x29EE, 0x29EE, 0x29EE, 0x29EE, 0x29EE, 0x29EE, 0x29EE, 0x29EE, 0x29EE, 0x29EE, 0x29EE, 0x29EE,
    0x29EE, 0x29EE, 0x29EE, 0x29EE, 0x29EE, 0x29EE, 0x29EE, 0x29EE, 0x29EE, 0x29EE, 0x29EE, 0x29EE, 0x29EE, 0x29EE, 0x29EE, 0x29EE,
    0x29EE, 0x29EE, 0x29EE, 0x29EE, 0x29EE, 0x29EE, 0x29EE, 0x29EE, 0x29EE, 0x29EE, 0x29EE, 0x29EE, 0x29EE, 0x29EE, 0x29EE, 0x29EE,
    0x29EE, 0x29EE, 0x29EE, 0x29EE, 0x29EE, 0x29EE, 0x29EE, 0x29EE, 0x29EE, 0x29EE, 0x29EE, 0x29EE, 0x29EE, 0x29EE, 0x29EE, 0x29EE,
    0x29EE, 0x29EE, 0x29EE, 0x29EE, 0x29EE, 0x29EE, 0x29EE, 0x29EE, 0x29EE, 0x29EE, 0x29EE, 0x29EE, 0x29EE, 0x29EE, 0x29EE, 0x29EE,
    0x29EE, 0x29EE, 0x29EE, 0x29EE, 0x29EE, 0x29EE, 0x29EE, 0x29EE, 0x29EE, 0x29EE, 0x29EE, 0x29EE, 0x29EE, 0x29EE, 0x29EE, 0x29EE,
    0x29EE, 0x29EE, 0x29EE, 0x29EE, 0x29EE, 0x29EE, 0x29EE, 0x29EE, 0x29EE, 0x29EE, 0x29EE, 0x29EE, 0x29EE, 0x29EE, 0x29EE, 0x29EE,
    0x29EE, 0x29EE, 0x29EE, 0x29EE, 0x29EE, 0x29EE, 0x29EE, 0x29EE, 0x29EE, 0x29EE, 0x29EE, 0x29EE, 0x29EE, 0x29EE, 0x29EE, 0x29EE,
    0x29EE, 0x29EE, 0x29EE, 0x29EE, 0x29EE, 0x29EE, 0x29EE, 0x29EE, 0x29EE, 0x29EE, 0x29EE, 0x29EE, 0x29EE, 0x29EE, 0x29EE, 0x29EE,
    0x29EE, 0x29EE, 0x29EE, 0x29EE, 0x29EE, 0x29EE, 0x29EE, 0x29EE, 0x29EE, 0x29EE, 0x29EE, 0x29EE, 0x29EE, 0x29EE, 0x29EE, 0x29EE,
    0x29EE, 0x29EE, 0x29EE, 0x29EE, 0x29EE, 0x29EE, 0x29EE, 0x29EE, 0x29EE, 0x29EE, 0x29EE, 0x29EE, 0x29EE, 0x29EE, 0x29EE, 0x29EE,
    0x29EE, 0x29EE, 0x29EE, 0x29EE, 0x29EE, 0x29EE, 0x29EE, 0x29EE, 0x29EE, 0x29EE, 0x29EE, 0x29EE, 0x29EE, 0x29EE, 0x29EE, 0x29EE,
    0x29EE, 0x29EE, 0x29EE, 0x29EE, 0x29EE, 0x29EE, 0x29EE, 0x29EE, 0x29EE, 0x29EE, 0x29EE, 0x29EE, 0x29EE, 0x29EE, 0x29EE, 0x29EE,
    0x29EE, 0x29EE, 0x29EE, 0x29EE, 0x29EE, 0x29EE, 0x29EE, 0x29EE, 0x29EE, 0x29EE, 0x29EE, 0x29EE, 0x29EE, 0x29EE, 0x29EE, 0x29EE,
    0x29EE, 0x29EE, 0x29EE, 0x29EE, 0x29EE, 0x29EE, 0x29EE, 0x29EE, 0x29EE, 0x29EE, 0x29EE, 0x29EE, 0x29EE, 0x29EE, 0x29EE, 0x29EE,
    0x29EE, 0x29EE, 0x29EE, 0x29EE, 0x29EE, 0x29EE, 0x29EE, 0x29EE, 0x29EE, 0x29EE, 0x29EE, 0x29EE, 0x29EE, 0x29EE, 0x29EE, 0x29EE,
    0x29EE, 0x29EE, 0x29EE, 0x29EE, 0x29EE, 0x29EE, 0x29EE, 0x29EE, 0x29EE, 0x29EE, 0x29EE, 0x29EE, 0x29EE, 0x29EE, 0x29EE, 0x29EE,
    0x29EE, 0x29EE, 0x29EE, 0x29EE, 0x29EE, 0x29EE, 0x29EE, 0x29EE, 0x29EE, 0x29EE, 0x29EE, 0x29EE, 0x29EE, 0x29EE, 0x29EE, 0x29EE,
    0x29EE, 0x29EE, 0x29EE, 0x29EE, 0x29EE, 0x29EE, 0x29EE, 0x29EE, 0x29EE, 0x29EE, 0x29EE, 0x29EE, 0x29EE, 0x29EE, 0x29EE, 0x29EE,
    0x29EE, 0x29EE, 0x29EE, 0x29EE, 0x29EE, 0x29EE, 0x29EE, 0x29EE, 0x29EE, 0x29EE, 0x29EE, 0x29EE, 0x29EE, 0x29EE, 0x29EE, 0x29EE,
    0x29EE, 0x29EE, 0x29EE, 0x29EE, 0x29EE, 0x29EE, 0x29EE, 0x29EE, 0x29EE, 0x29EE, 0x29EE, 0x29EE, 0x29EE, 0x29EE, 0x29EE, 0x29EE,
    0x29EE, 0x29EE, 0x29EE, 0x29EE, 0x29EE, 0x29EE, 0x29EE, 0x29EE, 0x29EE, 0x29EE, 0x29EE, 0x29EE, 0x29EE, 0x29EE, 0x29EE, 0x29EE,
    0x29EE, 0x29EE, 0x29EE, 0x29EE, 0x29EE, 0x29EE, 0x29EE, 0x29EE, 0x29EE, 0x29EE, 0x29EE, 0x29EE, 0x29EE, 0x29EE, 0x29EE, 0x29EE,
    0x29EE, 0x29EE, 0x29EE, 0x29EE, 0x29EE, 0x29EE, 0x29EE, 0x29EE, 0x29EE, 0x29EE, 0x29EE, 0x29EE, 0x29EE, 0x29EE, 0x29EE, 0x29EE,
    0x29EE, 0x29EE, 0x29EE, 0x29EE, 0x29EE, 0x29EE, 0x29EE, 0x29EE, 0x29EE, 0x29EE, 0x29EE, 0x29EE, 0x29EE, 0x29EE, 0x29EE, 0x29EE,
    0x29EE, 0x29EE, 0x29EE, 0x29EE, 0x29EE, 0x29EE, 0x29EE, 0x29EE, 0x29EE, 0x29EE, 0x29EE, 0x29EE, 0x29EE, 0x29EE, 0x29EE, 0x29EE,
    0x29EE, 0x29EE, 0x29EE, 0x29EE, 0x29EE, 0x29EE, 0x29EE, 0x29EE, 0x29EE, 0x29EE, 0x29EE, 0x29EE, 0x29EE, 0x29EE, 0x29EE, 0x29EE,
    0x29EE, 0x29EE, 0x29EE, 0x29EE, 0x29EE, 0x29EE, 0x29EE, 0x29EE, 0x29EE, 0x29EE, 0x29EE, 0x29EE, 0x29EE, 0x29EE, 0x29EE, 0x29EE,
    0x29EE, 0x29EE, 0x29EE, 0x29EE, 0x29EE, 0x29EE, 0x29EE, 0x29EE, 0x29EE, 0x29EE, 0x29EE, 0x29EE, 0x29EE, 0x29EE, 0x29EE, 0x29EE,
    0x29EE, 0x29EE, 0x29EE, 0x29EE, 0x29EE, 0x29EE, 0x29EE, 0x29EE, 0x29EE, 0x29EE, 0x29EE, 0x29EE, 0x29EE, 0x29EE, 0x29EE, 0x29EE,
    0x29EE, 0x29EE, 0x29EE, 0x29EE, 0x29EE, 0x29EE, 0x29EE, 0x29EE, 0x29EE, 0x29EE, 0x29EE, 0x29EE, 0x29EE, 0x29EE, 0x29EE, 0x29EE,
    0x29EE, 0x29EE, 0x29EE, 0x29EE, 0x29EE, 0x29EE, 0x29EE, 0x29EE, 0x29EE, 0x29EE, 0x29EE, 0x29EE, 0x29EE, 0x29EE, 0x29EE, 0x29EE,
    0x29EE, 0x29EE, 0x29EE, 0x29EE, 0x29EE, 0x29EE, 0x29EE, 0x29EE, 0x29EE, 0x29EE, 0x29EE, 0x29EE, 0x29EE, 0x29EE, 0x29EE, 0x29EE,
    0x29EE, 0x29EE, 0x29EE, 0x29EE, 0x29EE, 0x29EE, 0x29EE, 0x29EE, 0x29EE, 0x29EE, 0x29EE, 0x29EE, 0x29EE, 0x29EE, 0x29EE, 0x29EE,
    0x29EE, 0x29EE, 0x29EE, 0x29EE, 0x29EE, 0x29EE, 0x29EE, 0x29EE, 0x29EE, 0x29EE, 0x29EE, 0x29EE, 0x29EE, 0x29EE, 0x29EE, 0x29EE,
    0x29EE, 0x29EE, 0x29EE, 0x29EE, 0x29EE, 0x29EE, 0x29EE, 0x29EE, 0x29EE, 0x29EE, 0x29EE, 0x29EE, 0x29EE, 0x29EE, 0x29EE, 0x29EE,
    0x29EE, 0x29EE, 0x29EE, 0x29EE, 0x29EE, 0x29EE, 0x29EE, 0x29EE, 0x29EE, 0x29EE, 0x29EE, 0x29EE, 0x29EE, 0x29EE, 0x29EE, 0x29EE,
    0x29EE, 0x29EE, 0x29EE, 0x29EE, 0x29EE, 0x29EE, 0x29EE, 0x29EE, 0x29EE, 0x29EE, 0x29EE, 0x29EE, 0x29EE, 0x29EE, 0x29EE, 0x29EE,
    0x29EE, 0x29EE, 0x29EE, 0x29EE, 0x29EE, 0x29EE, 0x29EE, 0x29EE, 0x29EE, 0x29EE, 0x29EE, 0x29EE, 0x29EE, 0x29EE, 0x29EE, 0x29EE,
    0x29EE, 0x29EE, 0x29EE, 0x29EE, 0x29EE, 0x29EE, 0x29EE, 0x29EE, 0x29EE, 0x29EE, 0x29EE, 0x29EE, 0x29EE, 0x29EE, 0x29EE, 0x29EE,
    0x29EE, 0x29EE, 0x29EE, 0x29EE, 0x29EE, 0x29EE, 0x29EE, 0x29EE, 0x29EE, 0x29EE, 0x29EE, 0x29EE, 0x29EE, 0x29EE, 0x29EE, 0x29EE,
    0x29EE, 0x29EE, 0x29EE, 0x29EE, 0x29EE, 0x29EE, 0x29EE, 0x29EE, 0x29EE, 0x29EE, 0x29EE, 0x29EE, 0x29EE, 0x29EE, 0x29EE, 0x29EE,
    0x29EE, 0x29EE, 0x29EE, 0x29EE, 0x29EE, 0x29EE, 0x29EE, 0x29EE, 0x29EE, 0x29EE, 0x29EE, 0x29EE, 0x29EE, 0x29EE, 0x29EE, 0x29EE,
    0x29EE, 0x29EE, 0x29EE, 0x29EE, 0x29EE, 0x29EE, 0x29EE, 0x29EE, 0x29EE, 0x29EE, 0x29EE, 0x29EE, 0x29EE, 0x29EE, 0x29EE, 0x29EE,
    0x29EE, 0x29EE, 0x29EE, 0x29EE, 0x29EE, 0x29EE, 0x29EE, 0x29EE, 0x29EE, 0x29EE, 0x29EE, 0x29EE, 0x29EE, 0x29EE, 0x29EE, 0x29EE,
    0x29EE, 0x29EE, 0x29EE, 0x29EE, 0x29EE, 0x29EE, 0x29EE, 0x29EE, 0x29EE, 0x29EE, 0x29EE, 0x29EE, 0x29EE, 0x29EE, 0x29EE, 0x29EE,
    0x29EE, 0x29EE, 0x29EE, 0x29EE, 0x29EE, 0x29EE, 0x29EE, 0x29EE, 0x29EE, 0x29EE, 0x29EE, 0x29EE, 0x29EE, 0x29EE, 0x29EE, 0x29EE,
    0x29EE, 0x29EE, 0x29EE, 0x29EE, 0x29EE, 0x29EE, 0x29EE, 0x29EE, 0x29EE, 0x29EE, 0x29EE, 0x29EE, 0x29EE, 0x29EE, 0x29EE, 0x29EE,
    0x29EE, 0x29EE, 0x29EE, 0x29EE, 0x29EE, 0x29EE, 0x29EE, 0x29EE, 0x29EE, 0x29EE, 0x29EE, 0x29EE, 0x29EE, 0x29EE, 0x29EE, 0x29EE,
    0x29EE, 0x29EE, 0x29EE, 0x29EE, 0x29EE, 0x29EE, 0x29EE, 0x29EE, 0x29EE, 0x29EE, 0x29EE, 0x29EE, 0x29EE, 0x29EE, 0x29EE, 0x29EE,
    0x29EE, 0x29EE, 0x29EE, 0x29EE, 0x29EE, 0x29EE, 0x29EE, 0x29EE, 0x29EE, 0x29EE, 0x29EE, 0x29EE, 0x29EE, 0x29EE, 0x29EE, 0x29EE,
    0x29EE, 0x29EE, 0x29EE, 0x29EE, 0x29EE, 0x29EE, 0x29EE, 0x29EE, 0x29EE, 0x29EE, 0x29EE, 0x29EE, 0x29EE, 0x29EE, 0x29EE, 0x29EE,
    0x29EE, 0x29EE, 0x29EE, 0x29EE, 0x29EE, 0x29EE, 0x29EE, 0x29EE, 0x29EE, 0x29EE, 0x29EE, 0x29EE, 0x29EE, 0x29EE, 0x29EE, 0x29EE,
    0x29EE, 0x29EE, 0x29EE, 0x29EE, 0x29EE, 0x29EE, 0x29EE, 0x29EE, 0x29EE, 0x29EE, 0x29EE, 0x29EE, 0x29EE, 0x29EE, 0x29EE, 0x29EE,
    0x29EE, 0x29EE, 0x29EE, 0x29EE, 0x29EE, 0x29EE, 0x29EE, 0x29EE, 0x29EE, 0x29EE, 0x29EE, 0x29EE, 0x29EE, 0x29EE, 0x29EE, 0x29EE,
    0x29EE, 0x29EE, 0x29EE, 0x29EE, 0x29EE, 0x29EE, 0x29EE, 0x29EE, 0x29EE, 0x29EE, 0x29EE, 0x29EE, 0x29EE, 0x29EE, 0x29EE, 0x29EE,
    0x29EE, 0x29EE, 0x29EE, 0x29EE, 0x29EE, 0x29EE, 0x29EE, 0x29EE, 0x29EE, 0x29EE, 0x29EE, 0x29EE, 0x29EE, 0x29EE, 0x29EE, 0x29EE,
    0x29EE, 0x29EE, 0x29EE, 0x29EE, 0x29EE, 0x29EE, 0x29EE, 0x29EE, 0x29EE, 0x29EE, 0x29EE, 0x29EE, 0x29EE, 0x29EE, 0x29EE, 0x29EE,
    0x29EE, 0x29EE, 0x29EE, 0x29EE, 0x29EE, 0x29EE, 0x29EE, 0x29EE, 0x29EE, 0x29EE, 0x29EE, 0x29EE, 0x29EE, 0x29EE, 0x29EE, 0x29EE,
    0x29EE, 0x29EE, 0x29EE, 0x29EE, 0x29EE, 0x29EE, 0x29EE, 0x29EE, 0x29EE, 0x29EE, 0x29EE, 0x29EE, 0x29EE, 0x29EE, 0x29EE, 0x29EE,
    0x29EE, 0x29EE, 0x29EE, 0x29EE, 0x29EE, 0x29EE, 0x29EE, 0x29EE, 0x29EE, 0x29EE, 0x29EE, 0x29EE, 0x29EE, 0x29EE, 0x29EE, 0x29EE,
    0x29EE, 0x29EE, 0x29EE, 0x29EE, 0x29EE, 0x29EE, 0x29EE, 0x29EE, 0x29EE, 0x29EE, 0x29EE, 0x29EE, 0x29EE, 0x29EE, 0x29EE, 0x29EE,
    0x29EE, 0x29EE, 0x29EE, 0x29EE, 0x29EE, 0x29EE, 0x29EE, 0x29EE, 0x29EE, 0x29EE, 0x29EE, 0x29EE, 0x29EE, 0x29EE, 0x29EE, 0x29EE,
    0x29EE, 0x29EE, 0x29EE, 0x29EE, 0x29EE, 0x29EE, 0x29EE, 0x29EE, 0x29EE, 0x29EE, 0x29EE, 0x29EE, 0x29EE, 0x29EE, 0x29EE, 0x29EE,
    0x29EE, 0x29EE, 0x29EE, 0x29EE, 0x29EE, 0x29EE, 0x29EE, 0x29EE, 0x29EE, 0x29EE, 0x29EE, 0x29EE, 0x29EE, 0x29EE, 0x29EE, 0x29EE,
    0x29EE, 0x29EE, 0x29EE, 0x29EE, 0x29EE, 0x29EE, 0x29EE, 0x29EE, 0x29EE, 0x29EE, 0x29EE, 0x29EE, 0x29EE, 0x29EE, 0x29EE, 0x29EE,
    0x29EE, 0x29EE, 0x29EE, 0x29EE, 0x29EE, 0x29EE, 0x29EE, 0x29EE, 0x29EE, 0x29EE, 0x29EE, 0x29EE, 0x29EE, 0x29EE, 0x29EE, 0x29EE,
    0x29EE, 0x29EE, 0x29EE, 0x29EE, 0x29EE, 0x29EE, 0x29EE, 0x29EE, 0x29EE, 0x29EE, 0x29EE, 0x29EE, 0x29EE, 0x29EE, 0x29EE, 0x29EE,
    0x29EE, 0x29EE, 0x29EE, 0x29EE, 0x29EE, 0x29EE, 0x29EE, 0x29EE, 0x29EE, 0x29EE, 0x29EE, 0x29EE, 0x29EE, 0x29EE, 0x29EE, 0x29EE,
    0x29EE, 0x29EE, 0x29EE, 0x29EE, 0x29EE, 0x29EE, 0x29EE, 0x29EE, 0x29EE, 0x29EE, 0x29EE, 0x29EE, 0x29EE, 0x29EE, 0x29EE, 0x29EE,
    0x29EE, 0x29EE, 0x29EE, 0x29EE, 0x29EE, 0x29EE, 0x29EE, 0x29EE, 0x29EE, 0x29EE, 0x29EE, 0x29EE, 0x29EE, 0x29EE, 0x29EE, 0x29EE,
    0x29EE, 0x29EE, 0x29EE, 0x29EE, 0x29EE, 0x29EE, 0x29EE, 0x29EE, 0x29EE, 0x29EE, 0x29EE, 0x29EE, 0x29EE, 0x29EE, 0x29EE, 0x29EE,
    0x29EE, 0x29EE, 0x29EE, 0x29EE, 0x29EE, 0x29EE, 0x29EE, 0x29EE, 0x29EE, 0x29EE, 0x29EE, 0x29EE, 0x29EE, 0x29EE, 0x29EE, 0x29EE,
    0x29EE, 0x29EE, 0x29EE, 0x29EE, 0x29EE, 0x29EE, 0x29EE, 0x29EE, 0x29EE, 0x29EE, 0x29EE, 0x29EE, 0x29EE, 0x29EE, 0x29EE, 0x29EE,
    0x29EE, 0x29EE, 0x29EE, 0x29EE, 0x29EE, 0x29EE, 0x29EE, 0x29EE, 0x29EE, 0x29EE, 0x29EE, 0x29EE, 0x29EE, 0x29EE, 0x29EE, 0x29EE,
    0x29EE, 0x29EE, 0x29EE, 0x29EE, 0x29EE, 0x29EE, 0x29EE, 0x29EE, 0x29EE, 0x29EE, 0x29EE, 0x29EE, 0x29EE, 0x29EE, 0x29EE, 0x29EE,
    0x29EE, 0x29EE, 0x29EE, 0x29EE, 0x29EE, 0x29EE, 0x29EE, 0x29EE, 0x29EE, 0x29EE, 0x29EE, 0x29EE, 0x29EE, 0x29EE, 0x29EE, 0x29EE,
    0x29EE, 0x29EE, 0x29EE, 0x29EE, 0x29EE, 0x29EE, 0x29EE, 0x29EE, 0x29EE, 0x29EE, 0x29EE, 0x29EE, 0x29EE, 0x29EE, 0x29EE, 0x29EE,
    0x29EE, 0x29EE, 0x29EE, 0x29EE, 0x29EE, 0x29EE, 0x29EE, 0x29EE, 0x29EE, 0x29EE, 0x29EE, 0x29EE, 0x29EE, 0x29EE, 0x29EE, 0x29EE,
    0x29EE, 0x29EE, 0x29EE, 0x29EE, 0x29EE, 0x29EE, 0x29EE, 0x29EE, 0x29EE, 0x29EE, 0x29EE, 0x29EE, 0x29EE, 0x29EE, 0x29EE, 0x29EE,
    0x29EE, 0x29EE, 0x29EE, 0x29EE, 0x29EE, 0x29EE, 0x29EE, 0x29EE, 0x29EE, 0x29EE, 0x29EE, 0x29EE, 0x29EE, 0x29EE, 0x29EE, 0x29EE,
    0x29EE, 0x29EE, 0x29EE, 0x29EE, 0x29EE, 0x29EE, 0x29EE, 0x29EE, 0x29EE, 0x29EE, 0x29EE, 0x29EE, 0x29EE, 0x29EE, 0x29EE, 0x29EE,
    0x29EE, 0x29EE, 0x29EE, 0x29EE, 0x29EE, 0x29EE, 0x29EE, 0x29EE, 0x29EE, 0x29EE, 0x29EE, 0x29EE, 0x29EE, 0x29EE, 0x29EE, 0x29EE,
    0x29EE, 0x29EE, 0x29EE, 0x29EE, 0x29EE, 0x29EE, 0x29EE, 0x29EE, 0x29EE, 0x29EE, 0x29EE, 0x29EE, 0x29EE, 0x29EE, 0x29EE, 0x29EE,
    0x29EE, 0x29EE, 0x29EE, 0x29EE, 0x29EE, 0x29EE, 0x29EE, 0x29EE, 0x29EE, 0x29EE, 0x29EE, 0x29EE, 0x29EE, 0x29EE, 0x29EE, 0x29EE,
    0x29EE, 0x29EE, 0x29EE, 0x29EE, 0x29EE, 0x29EE, 0x29EE, 0x29EE, 0x29EE, 0x29EE, 0x29EE, 0x29EE, 0x29EE, 0x29EE, 0x29EE, 0x29EE,
    0x29EE, 0x29EE, 0x29EE, 0x29EE, 0x29EE, 0x29EE, 0x29EE, 0x29EE, 0x29EE, 0x29EE, 0x29EE, 0x29EE, 0x29EE, 0x29EE, 0x29EE, 0x29EE,
    0x29EE, 0x29EE, 0x29EE, 0x29EE, 0x29EE, 0x29EE, 0x29EE, 0x29EE, 0x29EE, 0x29EE, 0x29EE, 0x29EE, 0x29EE, 0x29EE, 0x29EE, 0x29EE,
    0x29EE, 0x29EE, 0x29EE, 0x29EE, 0x29EE, 0x29EE, 0x29EE, 0x29EE, 0x29EE, 0x29EE, 0x29EE, 0x29EE, 0x29EE, 0x29EE, 0x29EE, 0x29EE,
    0x29EE, 0x29EE, 0x29EE, 0x29EE, 0x29EE, 0x29EE, 0x29EE, 0x29EE, 0x29EE, 0x29EE, 0x29EE, 0x29EE, 0x29EE, 0x29EE, 0x29EE, 0x29EE,
    0x29EE, 0x29EE, 0x29EE, 0x29EE, 0x29EE, 0x29EE, 0x29EE, 0x29EE, 0x29EE, 0x29EE, 0x29EE, 0x29EE, 0x29EE, 0x29EE, 0x29EE, 0x29EE,
    0x29EE, 0x29EE, 0x29EE, 0x29EE, 0x29EE, 0x29EE, 0x29EE, 0x29EE, 0x29EE, 0x29EE, 0x29EE, 0x29EE, 0x29EE, 0x29EE, 0x29EE, 0x29EE,
    0x29EE, 0x29EE, 0x29EE, 0x29EE, 0x29EE, 0x29EE, 0x29EE, 0x29EE, 0x29EE, 0x29EE, 0x29EE, 0x29EE, 0x29EE, 0x29EE, 0x29EE, 0x29EE,
    0x29EE, 0x29EE, 0x29EE, 0x29EE, 0x29EE, 0x29EE, 0x29EE, 0x29EE, 0x29EE, 0x29EE, 0x29EE, 0x29EE, 0x29EE, 0x29EE, 0x29EE, 0x29EE,
    0x29EE, 0x29EE, 0x29EE, 0x29EE, 0x29EE, 0x29EE, 0x29EE, 0x29EE, 0x29EE, 0x29EE, 0x29EE, 0x29EE, 0x29EE, 0x29EE, 0x29EE, 0x29EE,
    0x29EE, 0x29EE, 0x29EE, 0x29EE, 0x29EE, 0x29EE, 0x29EE, 0x29EE, 0x29EE, 0x29EE, 0x29EE, 0x29EE, 0x29EE, 0x29EE, 0x29EE, 0x29EE,
    0x29EE, 0x29EE, 0x29EE, 0x29EE, 0x29EE, 0x29EE, 0x29EE, 0x29EE, 0x29EE, 0x29EE, 0x29EE, 0x29EE, 0x29EE, 0x29EE, 0x29EE, 0x29EE,
    0x29EE, 0x29EE, 0x29EE, 0x29EE, 0x29EE, 0x29EE, 0x29EE, 0x29EE, 0x29EE, 0x29EE, 0x29EE, 0x29EE, 0x29EE, 0x29EE, 0x29EE, 0x29EE,
    0x29EE, 0x29EE, 0x29EE, 0x29EE, 0x29EE, 0x29EE, 0x29EE, 0x29EE, 0x29EE, 0x29EE, 0x29EE, 0x29EE, 0x29EE, 0x29EE, 0x29EE, 0x29EE,
    0x29EE, 0x29EE, 0x29EE, 0x29EE, 0x29EE, 0x29EE, 0x29EE, 0x29EE, 0x29EE, 0x29EE, 0x29EE, 0x29EE, 0x29EE, 0x29EE, 0x29EE, 0x29EE,
    0x29EE, 0x29EE, 0x29EE, 0x29EE, 0x29EE, 0x29EE, 0x29EE, 0x29EE, 0x29EE, 0x29EE, 0x29EE, 0x29EE, 0x29EE, 0x29EE, 0x29EE, 0x29EE,
    0x29EE, 0x29EE, 0x29EE, 0x29EE, 0x29EE, 0x29EE, 0x29EE, 0x29EE, 0x29EE, 0x29EE, 0x29EE, 0x29EE, 0x29EE, 0x29EE, 0x29EE, 0x29EE,
    0x29EE, 0x29EE, 0x29EE, 0x29EE, 0x29EE, 0x29EE, 0x29EE, 0x29EE, 0x29EE, 0x29EE, 0x29EE, 0x29EE, 0x29EE, 0x29EE, 0x29EE, 0x29EE,
    0x29EE, 0x29EE, 0x29EE, 0x29EE, 0x29EE, 0x29EE, 0x29EE, 0x29EE, 0x29EE, 0x29EE, 0x29EE, 0x29EE, 0x29EE, 0x29EE, 0x29EE, 0x29EE,
    0x29EE, 0x29EE, 0x29EE, 0x29EE, 0x29EE, 0x29EE, 0x29EE, 0x29EE, 0x29EE, 0x29EE, 0x29EE, 0x29EE, 0x29EE, 0x29EE, 0x29EE, 0x29EE,
    0x29EE, 0x29EE, 0x29EE, 0x29EE, 0x29EE, 0x29EE, 0x29EE, 0x29EE, 0x29EE, 0x29EE, 0x29EE, 0x29EE, 0x29EE, 0x29EE, 0x29EE, 0x29EE,
    0x29EE, 0x29EE, 0x29EE, 0x29EE, 0x29EE, 0x29EE, 0x29EE, 0x29EE, 0x29EE, 0x29EE, 0x29EE, 0x29EE, 0x29EE, 0x29EE, 0x29EE, 0x29EE,
    0x29EE, 0x29EE, 0x29EE, 0x29EE, 0x29EE, 0x29EE, 0x29EE, 0x29EE, 0x29EE, 0x29EE, 0x29EE, 0x29EE, 0x29EE, 0x29EE, 0x29EE, 0x29EE,
    0x29EE, 0x29EE, 0x29EE, 0x29EE, 0x29EE, 0x29EE, 0x29EE, 0x29EE, 0x29EE, 0x29EE, 0x29EE, 0x29EE, 0x29EE, 0x29EE, 0x29EE, 0x29EE,
    0x29EE, 0x29EE, 0x29EE, 0x29EE, 0x29EE, 0x29EE, 0x29EE, 0x29EE, 0x29EE, 0x29EE, 0x29EE, 0x29EE, 0x29EE, 0x29EE, 0x29EE, 0x29EE,
    0x29EE, 0x29EE, 0x29EE, 0x29EE, 0x29EE, 0x29EE, 0x29EE, 0x29EE, 0x29EE, 0x29EE, 0x29EE, 0x29EE, 0x29EE, 0x29EE, 0x29EE, 0x29EE,
    0x29EE, 0x29EE, 0x29EE, 0x29EE, 0x29EE, 0x29EE, 0x29EE, 0x29EE, 0x29EE, 0x29EE, 0x29EE, 0x29EE, 0x29EE, 0x29EE, 0x29EE, 0x29EE,
    0x29EE, 0x29EE, 0x29EE, 0x29EE, 0x29EE, 0x29EE, 0x29EE, 0x29EE, 0x29EE, 0x29EE, 0x29EE, 0x29EE, 0x29EE, 0x29EE, 0x29EE, 0x29EE,
    0x29EE, 0x29EE, 0x29EE, 0x29EE, 0x29EE, 0x29EE, 0x29EE, 0x29EE, 0x29EE, 0x29EE, 0x29EE, 0x29EE, 0x29EE, 0x29EE, 0x29EE, 0x29EE,
    0x29EE, 0x29EE, 0x29EE, 0x29EE, 0x29EE, 0x29EE, 0x29EE, 0x29EE, 0x29EE, 0x29EE, 0x29EE, 0x29EE, 0x29EE, 0x29EE, 0x29EE, 0x29EE,
    0x29EE, 0x29EE, 0x29EE, 0x29EE, 0x29EE, 0x29EE, 0x29EE, 0x29EE, 0x29EE, 0x29EE, 0x29EE, 0x29EE, 0x29EE, 0x29EE, 0x29EE, 0x29EE,
    0x29EE, 0x29EE, 0x29EE, 0x29EE, 0x29EE, 0x29EE, 0x29EE, 0x29EE, 0x29EE, 0x29EE, 0x29EE, 0x29EE, 0x29EE, 0x29EE, 0x29EE, 0x29EE,
    0x29EE, 0x29EE, 0x29EE, 0x29EE, 0x29EE, 0x29EE, 0x29EE, 0x29EE, 0x29EE, 0x29EE, 0x29EE, 0x29EE, 0x29EE, 0x29EE, 0x29EE, 0x29EE,
    0x29EE, 0x29EE, 0x29EE, 0x29EE, 0x29EE, 0x29EE, 0x29EE, 0x29EE, 0x29EE, 0x29EE, 0x29EE, 0x29EE, 0x29EE, 0x29EE, 0x29EE, 0x29EE,
    0x29EE, 0x29EE, 0x29EE, 0x29EE, 0x29EE, 0x29EE, 0x29EE, 0x29EE, 0x29EE, 0x29EE, 0x29EE, 0x29EE, 0x29EE, 0x29EE, 0x29EE, 0x29EE,
    0x29EE, 0x29EE, 0x29EE, 0x29EE, 0x29EE, 0x29EE, 0x29EE, 0x29EE, 0x29EE, 0x29EE, 0x29EE, 0x29EE, 0x29EE, 0x29EE, 0x29EE, 0x29EE,
    0x29EE, 0x29EE, 0x29EE, 0x29EE, 0x29EE, 0x29EE, 0x29EE, 0x29EE, 0x29EE, 0x29EE, 0x29EE, 0x29EE, 0x29EE, 0x29EE, 0x29EE, 0x29EE,
    0x29EE, 0x29EE, 0x29EE, 0x29EE, 0x29EE, 0x29EE, 0x29EE, 0x29EE, 0x29EE, 0x29EE, 0x29EE, 0x29EE, 0x29EE, 0x29EE, 0x29EE, 0x29EE,
    0x29EE, 0x29EE, 0x29EE, 0x29EE, 0x29EE, 0x29EE, 0x29EE, 0x29EE, 0x29EE, 0x29EE, 0x29EE, 0x29EE, 0x29EE, 0x29EE, 0x29EE, 0x29EE,
    0x29EE, 0x29EE, 0x29EE, 0x29EE, 0x29EE, 0x29EE, 0x29EE, 0x29EE, 0x29EE, 0x29EE, 0x29EE, 0x29EE, 0x29EE, 0x29EE, 0x29EE, 0x29EE,
    0x29EE, 0x29EE, 0x29EE, 0x29EE, 0x29EE, 0x29EE, 0x29EE, 0x29EE, 0x29EE, 0x29EE, 0x29EE, 0x29EE, 0x29EE, 0x29EE, 0x29EE, 0x29EE,
    0x29EE, 0x29EE, 0x29EE, 0x29EE, 0x29EE, 0x29EE, 0x29EE, 0x29EE, 0x29EE, 0x29EE, 0x29EE, 0x29EE, 0x29EE, 0x29EE, 0x29EE, 0x29EE,
    0x29EE, 0x29EE, 0x29EE, 0x29EE, 0x29EE, 0x29EE, 0x29EE, 0x29EE, 0x29EE, 0x29EE, 0x29EE, 0x29EE, 0x29EE, 0x29EE, 0x29EE, 0x29EE,
    0x29EE, 0x29EE, 0x29EE, 0x29EE, 0x29EE, 0x29EE, 0x29EE, 0x29EE, 0x29EE, 0x29EE, 0x29EE, 0x29EE, 0x29EE, 0x29EE, 0x29EE, 0x29EE,
    0x29EE, 0x29EE, 0x29EE, 0x29EE, 0x29EE, 0x29EE, 0x29EE, 0x29EE, 0x29EE, 0x29EE, 0x29EE, 0x29EE, 0x29EE, 0x29EE, 0x29EE, 0x29EE,
    0x29EE, 0x29EE, 0x29EE, 0x29EE, 0x29EE, 0x29EE, 0x29EE, 0x29EE, 0x29EE, 0x29EE, 0x29EE, 0x29EE, 0x29EE, 0x29EE, 0x29EE, 0x29EE,
    0x29EE, 0x29EE, 0x29EE, 0x29EE, 0x29EE, 0x29EE, 0x29EE, 0x29EE, 0x29EE, 0x29EE, 0x29EE, 0x29EE, 0x29EE, 0x29EE, 0x29EE, 0x29EE,
    0x29EE, 0x29EE, 0x29EE, 0x29EE, 0x29EE, 0x29EE, 0x29EE, 0x29EE, 0x29EE, 0x29EE, 0x29EE, 0x29EE, 0x29EE, 0x29EE, 0x29EE, 0x29EE,
    0x29EE, 0x29EE, 0x29EE, 0x29EE, 0x29EE, 0x29EE, 0x29EE, 0x29EE, 0x29EE, 0x29EE, 0x29EE, 0x29EE, 0x29EE, 0x29EE, 0x29EE, 0x29EE,
    0x29EE, 0x29EE, 0x29EE, 0x29EE, 0x29EE, 0x29EE, 0x29EE, 0x29EE, 0x29EE, 0x29EE, 0x29EE, 0x29EE, 0x29EE, 0x29EE, 0x29EE, 0x29EE,
    0x29EE, 0x29EE, 0x29EE, 0x29EE, 0x29EE, 0x29EE, 0x29EE, 0x29EE, 0x29EE, 0x29EE, 0x29EE, 0x29EE, 0x29EE, 0x29EE, 0x29EE, 0x29EE,
    0x29EE, 0x29EE, 0x29EE, 0x29EE, 0x29EE, 0x29EE, 0x29EE, 0x29EE, 0x29EE, 0x29EE, 0x29EE, 0x29EE, 0x29EE, 0x29EE, 0x29EE, 0x29EE,
    0x29EE, 0x29EE, 0x29EE, 0x29EE, 0x29EE, 0x29EE, 0x29EE, 0x29EE, 0x29EE, 0x29EE, 0x29EE, 0x29EE, 0x29EE, 0x29EE, 0x29EE, 0x29EE,
    0x29EE, 0x29EE, 0x29EE, 0x29EE, 0x29EE, 0x29EE, 0x29EE, 0x29EE, 0x29EE, 0x29EE, 0x29EE, 0x29EE, 0x29EE, 0x29EE, 0x29EE, 0x29EE,
    0x29EE, 0x29EE, 0x29EE, 0x29EE, 0x29EE, 0x29EE, 0x29EE, 0x29EE, 0x29EE, 0x29EE, 0x29EE, 0x29EE, 0x29EE, 0x29EE, 0x29EE, 0x29EE,
    0x29EE, 0x29EE, 0x29EE, 0x29EE, 0x29EE, 0x29EE, 0x29EE, 0x29EE, 0x29EE, 0x29EE, 0x29EE, 0x29EE, 0x29EE, 0x29EE, 0x29EE, 0x29EE,
    0x29EE, 0x29EE, 0x29EE, 0x29EE, 0x29EE, 0x29EE, 0x29EE, 0x29EE, 0x29EE, 0x29EE, 0x29EE, 0x29EE, 0x29EE, 0x29EE, 0x29EE, 0x29EE,
    0x29EE, 0x29EE, 0x29EE, 0x29EE, 0x29EE, 0x29EE, 0x29EE, 0x29EE, 0x29EE, 0x29EE, 0x29EE, 0x29EE, 0x29EE, 0x29EE, 0x29EE, 0x29EE,
    0x29EE, 0x29EE, 0x29EE, 0x29EE, 0x29EE, 0x29EE, 0x29EE, 0x29EE, 0x29EE, 0x29EE, 0x29EE, 0x29EE, 0x29EE, 0x29EE, 0x29EE, 0x29EE,
    0x29EE, 0x29EE, 0x29EE, 0x29EE, 0x29EE, 0x29EE, 0x29EE, 0x29EE, 0x29EE, 0x29EE, 0x29EE, 0x29EE, 0x29EE, 0x29EE, 0x29EE, 0x29EE,
    0x29EE, 0x29EE, 0x29EE, 0x29EE, 0x29EE, 0x29EE, 0x29EE, 0x29EE, 0x29EE, 0x29EE, 0x29EE, 0x29EE, 0x29EE, 0x29EE, 0x29EE, 0x29EE,
    0x29EE, 0x29EE, 0x29EE, 0x29EE, 0x29EE, 0x29EE, 0x29EE, 0x29EE, 0x29EE, 0x29EE, 0x29EE, 0x29EE, 0x29EE, 0x29EE, 0x29EE, 0x29EE,
    0x29EE, 0x29EE, 0x29EE, 0x29EE, 0x29EE, 0x29EE, 0x29EE, 0x29EE, 0x29EE, 0x29EE, 0x29EE, 0x29EE, 0x29EE, 0x29EE, 0x29EE, 0x29EE,
    0x29EE, 0x29EE, 0x29EE, 0x29EE, 0x29EE, 0x29EE, 0x29EE, 0x29EE, 0x29EE, 0x29EE, 0x29EE, 0x29EE, 0x29EE, 0x29EE, 0x29EE, 0x29EE,
    0x29EE, 0x29EE, 0x29EE, 0x29EE, 0x29EE, 0x29EE, 0x29EE, 0x29EE, 0x29EE, 0x29EE, 0x29EE, 0x29EE, 0x29EE, 0x29EE, 0x29EE, 0x29EE,
    0x29EE, 0x29EE, 0x29EE, 0x29EE, 0x29EE, 0x29EE, 0x29EE, 0x29EE, 0x29EE, 0x29EE, 0x29EE, 0x29EE, 0x29EE, 0x29EE, 0x29EE, 0x29EE,
    0x29EE, 0x29EE, 0x29EE, 0x29EE, 0x29EE, 0x29EE, 0x29EE, 0x29EE, 0x29EE, 0x29EE, 0x29EE, 0x29EE, 0x29EE, 0x29EE, 0x29EE, 0x29EE,
    0x29EE, 0x29EE, 0x29EE, 0x29EE, 0x29EE, 0x29EE, 0x29EE, 0x29EE, 0x29EE, 0x29EE, 0x29EE, 0x29EE, 0x29EE, 0x29EE, 0x29EE, 0x29EE,
    0x29EE, 0x29EE, 0x29EE, 0x29EE, 0x29EE, 0x29EE, 0x29EE, 0x29EE, 0x29EE, 0x29EE, 0x29EE, 0x29EE, 0x29EE, 0x29EE, 0x29EE, 0x29EE,
    0x29EE, 0x29EE, 0x29EE, 0x29EE, 0x29EE, 0x29EE, 0x29EE, 0x29EE, 0x29EE, 0x29EE, 0x29EE, 0x29EE, 0x29EE, 0x29EE, 0x29EE, 0x29EE,
    0x29EE, 0x29EE, 0x29EE, 0x29EE, 0x29EE, 0x29EE, 0x29EE, 0x29EE, 0x29EE, 0x29EE, 0x29EE, 0x29EE, 0x29EE, 0x29EE, 0x29EE, 0x29EE,
    0x29EE, 0x29EE, 0x29EE, 0x29EE, 0x29EE, 0x29EE, 0x29EE, 0x29EE, 0x29EE, 0x29EE, 0x29EE, 0x29EE, 0x29EE, 0x29EE, 0x29EE, 0x29EE,
    0x29EE, 0x29EE, 0x29EE, 0x29EE, 0x29EE, 0x29EE, 0x29EE, 0x29EE, 0x29EE, 0x29EE, 0x29EE, 0x29EE, 0x29EE, 0x29EE, 0x29EE, 0x29EE,
    0x29EE, 0x29EE, 0x29EE, 0x29EE, 0x29EE, 0x29EE, 0x29EE, 0x29EE, 0x29EE, 0x29EE, 0x29EE, 0x29EE, 0x29EE, 0x29EE, 0x29EE, 0x29EE,
    0x29EE, 0x29EE, 0x29EE, 0x29EE, 0x29EE, 0x29EE, 0x29EE, 0x29EE, 0x29EE, 0x29EE, 0x29EE, 0x29EE, 0x29EE, 0x29EE, 0x29EE, 0x29EE,
    0x29EE, 0x29EE, 0x29EE, 0x29EE, 0x29EE, 0x29EE, 0x29EE, 0x29EE, 0x29EE, 0x29EE, 0x29EE, 0x29EE, 0x29EE, 0x29EE, 0x29EE, 0x29EE,
    0x29EE, 0x29EE, 0x29EE, 0x29EE, 0x29EE, 0x29EE, 0x29EE, 0x29EE, 0x29EE, 0x29EE, 0x29EE, 0x29EE, 0x29EE, 0x29EE, 0x29EE, 0x29EE,
    0x29EE, 0x29EE, 0x29EE, 0x29EE, 0x29EE, 0x29EE, 0x29EE, 0x29EE, 0x29EE, 0x29EE, 0x29EE, 0x29EE, 0x29EE, 0x29EE, 0x29EE, 0x29EE,
    0x29EE, 0x29EE, 0x29EE, 0x29EE, 0x29EE, 0x29EE, 0x29EE, 0x29EE, 0x29EE, 0x29EE, 0x29EE, 0x29EE, 0x29EE, 0x29EE, 0x29EE, 0x29EE,
    0x29EE, 0x29EE, 0x29EE, 0x29EE, 0x29EE, 0x29EE, 0x29EE, 0x29EE, 0x29EE, 0x29EE, 0x29EE, 0x29EE, 0x29EE, 0x29EE, 0x29EE, 0x29EE,
    0x29EE, 0x29EE, 0x29EE, 0x29EE, 0x29EE, 0x29EE, 0x29EE, 0x29EE, 0x29EE, 0x29EE, 0x29EE, 0x29EE, 0x29EE, 0x29EE, 0x29EE, 0x29EE,
    0x29EE, 0x29EE, 0x29EE, 0x29EE, 0x29EE, 0x29EE, 0x29EE, 0x29EE, 0x29EE, 0x29EE, 0x29EE, 0x29EE, 0x29EE, 0x29EE, 0x29EE, 0x29EE,
    0x29EE, 0x29EE, 0x29EE, 0x29EE, 0x29EE, 0x29EE, 0x29EE, 0x29EE, 0x29EE, 0x29EE, 0x29EE, 0x29EE, 0x29EE, 0x29EE, 0x29EE, 0x29EE,
    0x29EE, 0x29EE, 0x29EE, 0x29EE, 0x29EE, 0x29EE, 0x29EE, 0x29EE, 0x29EE, 0x29EE, 0x29EE, 0x29EE, 0x29EE, 0x29EE, 0x29EE, 0x29EE,
    0x29EE, 0x29EE, 0x29EE, 0x29EE, 0x29EE, 0x29EE, 0x29EE, 0x29EE, 0x29EE, 0x29EE, 0x29EE, 0x29EE, 0x29EE, 0x29EE, 0x29EE, 0x29EE,
    0x29EE, 0x29EE, 0x29EE, 0x29EE, 0x29EE, 0x29EE, 0x29EE, 0x29EE, 0x29EE, 0x29EE, 0x29EE, 0x29EE, 0x29EE, 0x29EE, 0x29EE, 0x29EE,
    0x29EE, 0x29EE, 0x29EE, 0x29EE, 0x29EE, 0x29EE, 0x29EE, 0x29EE, 0x29EE, 0x29EE, 0x29EE, 0x29EE, 0x29EE, 0x29EE, 0x29EE, 0x29EE,
    0x29EE, 0x29EE, 0x29EE, 0x29EE, 0x29EE, 0x29EE, 0x29EE, 0x29EE, 0x29EE, 0x29EE, 0x29EE, 0x29EE, 0x29EE, 0x29EE, 0x29EE, 0x29EE,
    0x29EE, 0x29EE, 0x29EE, 0x29EE, 0x29EE, 0x29EE, 0x29EE, 0x29EE, 0x29EE, 0x29EE, 0x29EE, 0x29EE, 0x29EE, 0x29EE, 0x29EE, 0x29EE,
    0x29EE, 0x29EE, 0x29EE, 0x29EE, 0x29EE, 0x29EE, 0x29EE, 0x29EE, 0x29EE, 0x29EE, 0x29EE, 0x29EE, 0x29EE, 0x29EE, 0x29EE, 0x29EE,
    0x29EE, 0x29EE, 0x29EE, 0x29EE, 0x29EE, 0x29EE, 0x29EE, 0x29EE, 0x29EE, 0x29EE, 0x29EE, 0x29EE, 0x29EE, 0x29EE, 0x29EE, 0x29EE,
    0x29EE, 0x29EE, 0x29EE, 0x29EE, 0x29EE, 0x29EE, 0x29EE, 0x29EE, 0x29EE, 0x29EE, 0x29EE, 0x29EE, 0x29EE, 0x29EE, 0x29EE, 0x29EE,
    0x29EE, 0x29EE, 0x29EE, 0x29EE, 0x29EE, 0x29EE, 0x29EE, 0x29EE, 0x29EE, 0x29EE, 0x29EE, 0x29EE, 0x29EE, 0x29EE, 0x29EE, 0x29EE,
    0x29EE, 0x29EE, 0x29EE, 0x29EE, 0x29EE, 0x29EE, 0x29EE, 0x29EE, 0x29EE, 0x29EE, 0x29EE, 0x29EE, 0x29EE, 0x29EE, 0x29EE, 0x29EE,
    0x29EE, 0x29EE, 0x29EE, 0x29EE, 0x29EE, 0x29EE, 0x29EE, 0x29EE, 0x29EE, 0x29EE, 0x29EE, 0x29EE, 0x29EE, 0x29EE, 0x29EE, 0x29EE,
    0x29EE, 0x29EE, 0x29EE, 0x29EE, 0x29EE, 0x29EE, 0x29EE, 0x29EE, 0x29EE, 0x29EE, 0x29EE, 0x29EE, 0x29EE, 0x29EE, 0x29EE, 0x29EE,
    0x29EE, 0x29EE, 0x29EE, 0x29EE, 0x29EE, 0x29EE, 0x29EE, 0x29EE, 0x29EE, 0x29EE, 0x29EE, 0x29EE, 0x29EE, 0x29EE, 0x29EE, 0x29EE,
    0x29EE, 0x29EE, 0x29EE, 0x29EE, 0x29EE, 0x29EE, 0x29EE, 0x29EE, 0x29EE, 0x29EE, 0x29EE, 0x29EE, 0x29EE, 0x29EE, 0x29EE, 0x29EE,
    0x29EE, 0x29EE, 0x29EE, 0x29EE, 0x29EE, 0x29EE, 0x29EE, 0x29EE, 0x29EE, 0x29EE, 0x29EE, 0x29EE, 0x29EE, 0x29EE, 0x29EE, 0x29EE,
    0x29EE, 0x29EE, 0x29EE, 0x29EE, 0x29EE, 0x29EE, 0x29EE, 0x29EE, 0x29EE, 0x29EE, 0x29EE, 0x29EE, 0x29EE, 0x29EE, 0x29EE, 0x29EE,
    0x29EE, 0x29EE, 0x29EE, 0x29EE, 0x29EE, 0x29EE, 0x29EE, 0x29EE, 0x29EE, 0x29EE, 0x29EE, 0x29EE, 0x29EE, 0x29EE, 0x29EE, 0x29EE,
    0x29EE, 0x29EE, 0x29EE, 0x29EE, 0x29EE, 0x29EE, 0x29EE, 0x29EE, 0x29EE, 0x29EE, 0x29EE, 0x29EE, 0x29EE, 0x29EE, 0x29EE, 0x29EE,
    0x29EE, 0x29EE, 0x29EE, 0x29EE, 0x29EE, 0x29EE, 0x29EE, 0x29EE, 0x29EE, 0x29EE, 0x29EE, 0x29EE, 0x29EE, 0x29EE, 0x29EE, 0x29EE,
    0x29EE, 0x29EE, 0x29EE, 0x29EE, 0x29EE, 0x29EE, 0x29EE, 0x29EE, 0x29EE, 0x29EE, 0x29EE, 0x29EE, 0x29EE, 0x29EE, 0x29EE, 0x29EE,
    0x29EE, 0x29EE, 0x29EE, 0x29EE, 0x29EE, 0x29EE, 0x29EE, 0x29EE, 0x29EE, 0x29EE, 0x29EE, 0x29EE, 0x29EE, 0x29EE, 0x29EE, 0x29EE,
    0x29EE, 0x29EE, 0x29EE, 0x29EE, 0x29EE, 0x29EE, 0x29EE, 0x29EE, 0x29EE, 0x29EE, 0x29EE, 0x29EE, 0x29EE, 0x29EE, 0x29EE, 0x29EE,
    0x29EE, 0x29EE, 0x29EE, 0x29EE, 0x29EE, 0x29EE, 0x29EE, 0x29EE, 0x29EE, 0x29EE, 0x29EE, 0x29EE, 0x29EE, 0x29EE, 0x29EE, 0x29EE,
    0x29EE, 0x29EE, 0x29EE, 0x29EE, 0x29EE, 0x29EE, 0x29EE, 0x29EE, 0x29EE, 0x29EE, 0x29EE, 0x29EE, 0x29EE, 0x29EE, 0x29EE, 0x29EE,
    0x29EE, 0x29EE, 0x29EE, 0x29EE, 0x29EE, 0x29EE, 0x29EE, 0x29EE, 0x29EE, 0x29EE, 0x29EE, 0x29EE, 0x29EE, 0x29EE, 0x29EE, 0x29EE,
    0x29EE, 0x29EE, 0x29EE, 0x29EE, 0x29EE, 0x29EE, 0x29EE, 0x29EE, 0x29EE, 0x29EE, 0x29EE, 0x29EE, 0x29EE, 0x29EE, 0x29EE, 0x29EE,
    0x29EE, 0x29EE, 0x29EE, 0x29EE, 0x29EE, 0x29EE, 0x29EE, 0x29EE, 0x29EE, 0x29EE, 0x29EE, 0x29EE, 0x29EE, 0x29EE, 0x29EE, 0x29EE,
    0x29EE, 0x29EE, 0x29EE, 0x29EE, 0x29EE, 0x29EE, 0x29EE, 0x29EE, 0x29EE, 0x29EE, 0x29EE, 0x29EE, 0x29EE, 0x29EE, 0x29EE, 0x29EE,
    0x29EE, 0x29EE, 0x29EE, 0x29EE, 0x29EE, 0x29EE, 0x29EE, 0x29EE, 0x29EE, 0x29EE, 0x29EE, 0x29EE, 0x29EE, 0x29EE, 0x29EE, 0x29EE,
    0x29EE, 0x29EE, 0x29EE, 0x29EE, 0x29EE, 0x29EE, 0x29EE, 0x29EE, 0x29EE, 0x29EE, 0x29EE, 0x29EE, 0x29EE, 0x29EE, 0x29EE, 0x29EE,
    0x29EE, 0x29EE, 0x29EE, 0x29EE, 0x29EE, 0x29EE, 0x29EE, 0x29EE, 0x29EE, 0x29EE, 0x29EE, 0x29EE, 0x29EE, 0x29EE, 0x29EE, 0x29EE,
    0x29EE, 0x29EE, 0x29EE, 0x29EE, 0x29EE, 0x29EE, 0x29EE, 0x29EE, 0x29EE, 0x29EE, 0x29EE, 0x29EE, 0x29EE, 0x29EE, 0x29EE, 0x29EE,
    0x29EE, 0x29EE, 0x29EE, 0x29EE, 0x29EE, 0x29EE, 0x29EE, 0x29EE, 0x29EE, 0x29EE, 0x29EE, 0x29EE, 0x29EE, 0x29EE, 0x29EE, 0x29EE,
    0x29EE, 0x29EE, 0x29EE, 0x29EE, 0x29EE, 0x29EE, 0x29EE, 0x29EE, 0x29EE, 0x29EE, 0x29EE, 0x29EE, 0x29EE, 0x29EE, 0x29EE, 0x29EE,
    0x29EE, 0x29EE, 0x29EE, 0x29EE, 0x29EE, 0x29EE, 0x29EE, 0x29EE, 0x29EE, 0x29EE, 0x29EE, 0x29EE, 0x29EE, 0x29EE, 0x29EE, 0x29EE,
    0x29EE, 0x29EE, 0x29EE, 0x29EE, 0x29EE, 0x29EE, 0x29EE, 0x29EE, 0x29EE, 0x29EE, 0x29EE, 0x29EE, 0x29EE, 0x29EE, 0x29EE, 0x29EE,
    0x29EE, 0x29EE, 0x29EE, 0x29EE, 0x29EE, 0x29EE, 0x29EE, 0x29EE, 0x29EE, 0x29EE, 0x29EE, 0x29EE, 0x29EE, 0x29EE, 0x29EE, 0x29EE,
    0x29EE, 0x29EE, 0x29EE, 0x29EE, 0x29EE, 0x29EE, 0x29EE, 0x29EE, 0x29EE, 0x29EE, 0x29EE, 0x29EE, 0x29EE, 0x29EE, 0x29EE, 0x29EE,
    0x29EE, 0x29EE, 0x29EE, 0x29EE, 0x29EE, 0x29EE, 0x29EE, 0x29EE, 0x29EE, 0x29EE, 0x29EE, 0x29EE, 0x29EE, 0x29EE, 0x29EE, 0x29EE,
    0x29EE, 0x29EE, 0x29EE, 0x29EE, 0x29EE, 0x29EE, 0x29EE, 0x29EE, 0x29EE, 0x29EE, 0x29EE, 0x29EE, 0x29EE, 0x29EE, 0x29EE, 0x29EE,
    0x29EE, 0x29EE, 0x29EE, 0x29EE, 0x29EE, 0x29EE, 0x29EE, 0x29EE, 0x29EE, 0x29EE, 0x29EE, 0x29EE, 0x29EE, 0x29EE, 0x29EE, 0x29EE,
    0x29EE, 0x29EE, 0x29EE, 0x29EE, 0x29EE, 0x29EE, 0x29EE, 0x29EE, 0x29EE, 0x29EE, 0x29EE, 0x29EE, 0x29EE, 0x29EE, 0x29EE, 0x29EE,
    0x29EE, 0x29EE, 0x29EE, 0x29EE, 0x29EE, 0x29EE, 0x29EE, 0x29EE, 0x29EE, 0x29EE, 0x29EE, 0x29EE, 0x29EE, 0x29EE, 0x29EE, 0x29EE,
    0x29EE, 0x29EE, 0x29EE, 0x29EE, 0x29EE, 0x29EE, 0x29EE, 0x29EE, 0x29EE, 0x29EE, 0x29EE, 0x29EE, 0x29EE, 0x29EE, 0x29EE, 0x29EE,
    0x29EE, 0x29EE, 0x29EE, 0x29EE, 0x29EE, 0x29EE, 0x29EE, 0x29EE, 0x29EE, 0x29EE, 0x29EE, 0x29EE, 0x29EE, 0x29EE, 0x29EE, 0x29EE,
    0x29EE, 0x29EE, 0x29EE, 0x29EE, 0x29EE, 0x29EE, 0x29EE, 0x29EE, 0x29EE, 0x29EE, 0x29EE, 0x29EE, 0x29EE, 0x29EE, 0x29EE, 0x29EE,
    0x29EE, 0x29EE, 0x29EE, 0x29EE, 0x29EE, 0x29EE, 0x29EE, 0x29EE, 0x29EE, 0x29EE, 0x29EE, 0x29EE, 0x29EE, 0x29EE, 0x29EE, 0x29EE,
    0x29EE, 0x29EE, 0x29EE, 0x29EE, 0x29EE, 0x29EE, 0x29EE, 0x29EE, 0x29EE, 0x29EE, 0x29EE, 0x29EE, 0x29EE, 0x29EE, 0x29EE, 0x29EE,
    0x29EE, 0x29EE, 0x29EE, 0x29EE, 0x29EE, 0x29EE, 0x29EE, 0x29EE, 0x29EE, 0x29EE, 0x29EE, 0x29EE, 0x29EE, 0x29EE, 0x29EE, 0x29EE,
    0x29EE, 0x29EE, 0x29EE, 0x29EE, 0x29EE, 0x29EE, 0x29EE, 0x29EE, 0x29EE, 0x29EE, 0x29EE, 0x29EE, 0x29EE, 0x29EE, 0x29EE, 0x29EE,
    0x29EE, 0x29EE, 0x29EE, 0x29EE, 0x29EE, 0x29EE, 0x29EE, 0x29EE, 0x29EE, 0x29EE, 0x29EE, 0x29EE, 0x29EE, 0x29EE, 0x29EE, 0x29EE,
    0x29EE, 0x29EE, 0x29EE, 0x29EE, 0x29EE, 0x29EE, 0x29EE, 0x29EE, 0x29EE, 0x29EE, 0x29EE, 0x29EE, 0x29EE, 0x29EE, 0x29EE, 0x29EE,
    0x29EE, 0x29EE, 0x29EE, 0x29EE, 0x29EE, 0x29EE, 0x29EE, 0x29EE, 0x29EE, 0x29EE, 0x29EE, 0x29EE, 0x29EE, 0x29EE, 0x29EE, 0x29EE,
    0x29EE, 0x29EE, 0x29EE, 0x29EE, 0x29EE, 0x29EE, 0x29EE, 0x29EE, 0x29EE, 0x29EE, 0x29EE, 0x29EE, 0x29EE, 0x29EE, 0x29EE, 0x29EE,
    0x29EE, 0x29EE, 0x29EE, 0x29EE, 0x29EE, 0x29EE, 0x29EE, 0x29EE, 0x29EE, 0x29EE, 0x29EE, 0x29EE, 0x29EE, 0x29EE, 0x29EE, 0x29EE,
    0x29EE, 0x29EE, 0x29EE, 0x29EE, 0x29EE, 0x29EE, 0x29EE, 0x29EE, 0x29EE, 0x29EE, 0x29EE, 0x29EE, 0x29EE, 0x29EE, 0x29EE, 0x29EE,
    0x29EE, 0x29EE, 0x29EE, 0x29EE, 0x29EE, 0x29EE, 0x29EE, 0x29EE, 0x29EE, 0x29EE, 0x29EE, 0x29EE, 0x29EE, 0x29EE, 0x29EE, 0x29EE,
    0x29EE, 0x29EE, 0x29EE, 0x29EE, 0x29EE, 0x29EE, 0x29EE, 0x29EE, 0x29EE, 0x29EE, 0x29EE, 0x29EE, 0x29EE, 0x29EE, 0x29EE, 0x29EE,
    0x29EE, 0x29EE, 0x29EE, 0x29EE, 0x29EE, 0x29EE, 0x29EE, 0x29EE, 0x29EE, 0x29EE, 0x29EE, 0x29EE, 0x29EE, 0x29EE, 0x29EE, 0x29EE,
    0x29EE, 0x29EE, 0x29EE, 0x29EE, 0x29EE, 0x29EE, 0x29EE, 0x29EE, 0x29EE, 0x29EE, 0x29EE, 0x29EE, 0x29EE, 0x29EE, 0x29EE, 0x29EE,
    0x29EE, 0x29EE, 0x29EE, 0x29EE, 0x29EE, 0x29EE, 0x29EE, 0x29EE, 0x29EE, 0x29EE, 0x29EE, 0x29EE, 0x29EE, 0x29EE, 0x29EE, 0x29EE,
    0x29EE, 0x29EE, 0x29EE, 0x29EE, 0x29EE, 0x29EE, 0x29EE, 0x29EE, 0x29EE, 0x29EE, 0x29EE, 0x29EE, 0x29EE, 0x29EE, 0x29EE, 0x29EE,
    0x29EE, 0x29EE, 0x29EE, 0x29EE, 0x29EE, 0x29EE, 0x29EE, 0x29EE, 0x29EE, 0x29EE, 0x29EE, 0x29EE, 0x29EE, 0x29EE, 0x29EE, 0x29EE,
    0x29EE, 0x29EE, 0x29EE, 0x29EE, 0x29EE, 0x29EE, 0x29EE, 0x29EE, 0x29EE, 0x29EE, 0x29EE, 0x29EE, 0x29EE, 0x29EE, 0x29EE, 0x29EE,
    0x29EE, 0x29EE, 0x29EE, 0x29EE, 0x29EE, 0x29EE, 0x29EE, 0x29EE, 0x29EE, 0x29EE, 0x29EE, 0x29EE, 0x29EE, 0x29EE, 0x29EE, 0x29EE,
    0x29EE, 0x29EE, 0x29EE, 0x29EE, 0x29EE, 0x29EE, 0x29EE, 0x29EE, 0x29EE, 0x29EE, 0x29EE, 0x29EE, 0x29EE, 0x29EE, 0x29EE, 0x29EE,
    0x29EE, 0x29EE, 0x29EE, 0x29EE, 0x29EE, 0x29EE, 0x29EE, 0x29EE, 0x29EE, 0x29EE, 0x29EE, 0x29EE, 0x29EE, 0x29EE, 0x29EE, 0x29EE,
    0x29EE, 0x29EE, 0x29EE, 0x29EE, 0x29EE, 0x29EE, 0x29EE, 0x29EE, 0x29EE, 0x29EE, 0x29EE, 0x29EE, 0x29EE, 0x29EE, 0x29EE, 0x29EE,
    0x29EE, 0x29EE, 0x29EE, 0x29EE, 0x29EE, 0x29EE, 0x29EE, 0x29EE, 0x29EE, 0x29EE, 0x29EE, 0x29EE, 0x29EE, 0x29EE, 0x29EE, 0x29EE,
    0x29EE, 0x29EE, 0x29EE, 0x29EE, 0x29EE, 0x29EE, 0x29EE, 0x29EE, 0x29EE, 0x29EE, 0x29EE, 0x29EE, 0x29EE, 0x29EE, 0x29EE, 0x29EE,
    0x29EE, 0x29EE, 0x29EE, 0x29EE, 0x29EE, 0x29EE, 0x29EE, 0x29EE, 0x29EE, 0x29EE, 0x29EE, 0x29EE, 0x29EE, 0x29EE, 0x29EE, 0x29EE,
    0x29EE, 0x29EE, 0x29EE, 0x29EE, 0x29EE, 0x29EE, 0x29EE, 0x29EE, 0x29EE, 0x29EE, 0x29EE, 0x29EE, 0x29EE, 0x29EE, 0x29EE, 0x29EE,
    0x29EE, 0x29EE, 0x29EE, 0x29EE, 0x29EE, 0x29EE, 0x29EE, 0x29EE, 0x29EE, 0x29EE, 0x29EE, 0x29EE, 0x29EE, 0x29EE, 0x29EE, 0x29EE,
    0x29EE, 0x29EE, 0x29EE, 0x29EE, 0x29EE, 0x29EE, 0x29EE, 0x29EE, 0x29EE, 0x29EE, 0x29EE, 0x29EE, 0x29EE, 0x29EE, 0x29EE, 0x29EE,
    0x29EE, 0x29EE, 0x29EE, 0x29EE, 0x29EE, 0x29EE, 0x29EE, 0x29EE, 0x29EE, 0x29EE, 0x29EE, 0x29EE, 0x29EE, 0x29EE, 0x29EE, 0x29EE,
    0x29EE, 0x29EE, 0x29EE, 0x29EE, 0x29EE, 0x29EE, 0x29EE, 0x29EE, 0x29EE, 0x29EE, 0x29EE, 0x29EE, 0x29EE, 0x29EE, 0x29EE, 0x29EE,
    0x29EE, 0x29EE, 0x29EE, 0x29EE, 0x29EE, 0x29EE, 0x29EE, 0x29EE, 0x29EE, 0x29EE, 0x29EE, 0x29EE, 0x29EE, 0x29EE, 0x29EE, 0x29EE,
    0x29EE, 0x29EE, 0x29EE, 0x29EE, 0x29EE, 0x29EE, 0x29EE, 0x29EE, 0x29EE, 0x29EE, 0x29EE, 0x29EE, 0x29EE, 0x29EE, 0x29EE, 0x29EE,
    0x29EE, 0x29EE, 0x29EE, 0x29EE, 0x29EE, 0x29EE, 0x29EE, 0x29EE, 0x29EE, 0x29EE, 0x29EE, 0x29EE, 0x29EE, 0x29EE, 0x29EE, 0x29EE,
    0x29EE, 0x29EE, 0x29EE, 0x29EE, 0x29EE, 0x29EE, 0x29EE, 0x29EE, 0x29EE, 0x29EE, 0x29EE, 0x29EE, 0x29EE, 0x29EE, 0x29EE, 0x29EE,
    0x29EE, 0x29EE, 0x29EE, 0x29EE, 0x29EE, 0x29EE, 0x29EE, 0x29EE, 0x29EE, 0x29EE, 0x29EE, 0x29EE, 0x29EE, 0x29EE, 0x29EE, 0x29EE,
    0x29EE, 0x29EE, 0x29EE, 0x29EE, 0x29EE, 0x29EE, 0x29EE, 0x29EE, 0x29EE, 0x29EE, 0x29EE, 0x29EE, 0x29EE, 0x29EE, 0x29EE, 0x29EE,
    0x29EE, 0x29EE, 0x29EE, 0x29EE, 0x29EE, 0x29EE, 0x29EE, 0x29EE, 0x29EE, 0x29EE, 0x29EE, 0x29EE, 0x29EE, 0x29EE, 0x29EE, 0x29EE,
    0x29EE, 0x29EE, 0x29EE, 0x29EE, 0x29EE, 0x29EE, 0x29EE, 0x29EE, 0x29EE, 0x29EE, 0x29EE, 0x29EE, 0x29EE, 0x29EE, 0x29EE, 0x29EE,
    0x29EE, 0x29EE, 0x29EE, 0x29EE, 0x29EE, 0x29EE, 0x29EE, 0x29EE, 0x29EE, 0x29EE, 0x29EE, 0x29EE, 0x29EE, 0x29EE, 0x29EE, 0x29EE,
    0x29EE, 0x29EE, 0x29EE, 0x29EE, 0x29EE, 0x29EE, 0x29EE, 0x29EE, 0x29EE, 0x29EE, 0x29EE, 0x29EE, 0x29EE, 0x29EE, 0x29EE, 0x29EE,
    0x29EE, 0x29EE, 0x29EE, 0x29EE, 0x29EE, 0x29EE, 0x29EE, 0x29EE, 0x29EE, 0x29EE, 0x29EE, 0x29EE, 0x29EE, 0x29EE, 0x29EE, 0x29EE,
    0x29EE, 0x29EE, 0x29EE, 0x29EE, 0x29EE, 0x29EE, 0x29EE, 0x29EE, 0x29EE, 0x29EE, 0x29EE, 0x29EE, 0x29EE, 0x29EE, 0x29EE, 0x29EE,
    0x29EE, 0x29EE, 0x29EE, 0x29EE, 0x29EE, 0x29EE, 0x29EE, 0x29EE, 0x29EE, 0x29EE, 0x29EE, 0x29EE, 0x29EE, 0x29EE, 0x29EE, 0x29EE,
    0x29EE, 0x29EE, 0x29EE, 0x29EE, 0x29EE, 0x29EE, 0x29EE, 0x29EE, 0x29EE, 0x29EE, 0x29EE, 0x29EE, 0x29EE, 0x29EE, 0x29EE, 0x29EE,
    0x29EE, 0x29EE, 0x29EE, 0x29EE, 0x29EE, 0x29EE, 0x29EE, 0x29EE, 0x29EE, 0x29EE, 0x29EE, 0x29EE, 0x29EE, 0x29EE, 0x29EE, 0x29EE,
    0x29EE, 0x29EE, 0x29EE, 0x29EE, 0x29EE, 0x29EE, 0x29EE, 0x29EE, 0x29EE, 0x29EE, 0x29EE, 0x29EE, 0x29EE, 0x29EE, 0x29EE, 0x29EE,
    0x29EE, 0x29EE, 0x29EE, 0x29EE, 0x29EE, 0x29EE, 0x29EE, 0x29EE, 0x29EE, 0x29EE, 0x29EE, 0x29EE, 0x29EE, 0x29EE, 0x29EE, 0x29EE,
    0x29EE, 0x29EE, 0x29EE, 0x29EE, 0x29EE, 0x29EE, 0x29EE, 0x29EE, 0x29EE, 0x29EE, 0x29EE, 0x29EE, 0x29EE, 0x29EE, 0x29EE, 0x29EE,
    0x29EE, 0x29EE, 0x29EE, 0x29EE, 0x29EE, 0x29EE, 0x29EE, 0x29EE, 0x29EE, 0x29EE, 0x29EE, 0x29EE, 0x29EE, 0x29EE, 0x29EE, 0x29EE,
    0x29EE, 0x29EE, 0x29EE, 0x29EE, 0x29EE, 0x29EE, 0x29EE, 0x29EE, 0x29EE, 0x29EE, 0x29EE, 0x29EE, 0x29EE, 0x29EE, 0x29EE, 0x29EE,
    0x29EE, 0x29EE, 0x29EE, 0x29EE, 0x29EE, 0x29EE, 0x29EE, 0x29EE, 0x29EE, 0x29EE, 0x29EE, 0x29EE, 0x29EE, 0x29EE, 0x29EE, 0x29EE,
    0x29EE, 0x29EE, 0x29EE, 0x29EE, 0x29EE, 0x29EE, 0x29EE, 0x29EE, 0x29EE, 0x29EE, 0x29EE, 0x29EE, 0x29EE, 0x29EE, 0x29EE, 0x29EE,
    0x29EE, 0x29EE, 0x29EE, 0x29EE, 0x29EE, 0x29EE, 0x29EE, 0x29EE, 0x29EE, 0x29EE, 0x29EE, 0x29EE, 0x29EE, 0x29EE, 0x29EE, 0x29EE,
    0x29EE, 0x29EE, 0x29EE, 0x29EE, 0x29EE, 0x29EE, 0x29EE, 0x29EE, 0x29EE, 0x29EE, 0x29EE, 0x29EE, 0x29EE, 0x29EE, 0x29EE, 0x29EE,
    0x29EE, 0x29EE, 0x29EE, 0x29EE, 0x29EE, 0x29EE, 0x29EE, 0x29EE, 0x29EE, 0x29EE, 0x29EE, 0x29EE, 0x29EE, 0x29EE, 0x29EE, 0x29EE,
    0x29EE, 0x29EE, 0x29EE, 0x29EE, 0x29EE, 0x29EE, 0x29EE, 0x29EE, 0x29EE, 0x29EE, 0x29EE, 0x29EE, 0x29EE, 0x29EE, 0x29EE, 0x29EE,
    0x29EE, 0x29EE, 0x29EE, 0x29EE, 0x29EE, 0x29EE, 0x29EE, 0x29EE, 0x29EE, 0x29EE, 0x29EE, 0x29EE, 0x29EE, 0x29EE, 0x29EE, 0x29EE,
    0x29EE, 0x29EE, 0x29EE, 0x29EE, 0x29EE, 0x29EE, 0x29EE, 0x29EE, 0x29EE, 0x29EE, 0x29EE, 0x29EE, 0x29EE, 0x29EE, 0x29EE, 0x29EE,
    0x29EE, 0x29EE, 0x29EE, 0x29EE, 0x29EE, 0x29EE, 0x29EE, 0x29EE, 0x29EE, 0x29EE, 0x29EE, 0x29EE, 0x29EE, 0x29EE, 0x29EE, 0x29EE,
    0x29EE, 0x29EE, 0x29EE, 0x29EE, 0x29EE, 0x29EE, 0x29EE, 0x29EE, 0x29EE, 0x29EE, 0x29EE, 0x29EE, 0x29EE, 0x29EE, 0x29EE, 0x29EE,
    0x29EE, 0x29EE, 0x29EE, 0x29EE, 0x29EE, 0x29EE, 0x29EE, 0x29EE, 0x29EE, 0x29EE, 0x29EE, 0x29EE, 0x29EE, 0x29EE, 0x29EE, 0x29EE,
    0x29EE, 0x29EE, 0x29EE, 0x29EE, 0x29EE, 0x29EE, 0x29EE, 0x29EE, 0x29EE, 0x29EE, 0x29EE, 0x29EE, 0x29EE, 0x29EE, 0x29EE, 0x29EE,
    0x29EE, 0x29EE, 0x29EE, 0x29EE, 0x29EE, 0x29EE, 0x29EE, 0x29EE, 0x29EE, 0x29EE, 0x29EE, 0x29EE, 0x29EE, 0x29EE, 0x29EE, 0x29EE,
    0x29EE, 0x29EE, 0x29EE, 0x29EE, 0x29EE, 0x29EE, 0x29EE, 0x29EE, 0x29EE, 0x29EE, 0x29EE, 0x29EE, 0x29EE, 0x29EE, 0x29EE, 0x29EE,
    0x29EE, 0x29EE, 0x29EE, 0x29EE, 0x29EE, 0x29EE, 0x29EE, 0x29EE, 0x29EE, 0x29EE, 0x29EE, 0x29EE, 0x29EE, 0x29EE, 0x29EE, 0x29EE,
    0x29EE, 0x29EE, 0x29EE, 0x29EE, 0x29EE, 0x29EE, 0x29EE, 0x29EE, 0x29EE, 0x29EE, 0x29EE, 0x29EE, 0x29EE, 0x29EE, 0x29EE, 0x29EE,
    0x29EE, 0x29EE, 0x29EE, 0x29EE, 0x29EE, 0x29EE, 0x29EE, 0x29EE, 0x29EE, 0x29EE, 0x29EE, 0x29EE, 0x29EE, 0x29EE, 0x29EE, 0x29EE,
    0x29EE, 0x29EE, 0x29EE, 0x29EE, 0x29EE, 0x29EE, 0x29EE, 0x29EE, 0x29EE, 0x29EE, 0x29EE, 0x29EE, 0x29EE, 0x29EE, 0x29EE, 0x29EE,
    0x29EE, 0x29EE, 0x29EE, 0x29EE, 0x29EE, 0x29EE, 0x29EE, 0x29EE, 0x29EE, 0x29EE, 0x29EE, 0x29EE, 0x29EE, 0x29EE, 0x29EE, 0x29EE,
    0x29EE, 0x29EE, 0x29EE, 0x29EE, 0x29EE, 0x29EE, 0x29EE, 0x29EE, 0x29EE, 0x29EE, 0x29EE, 0x29EE, 0x29EE, 0x29EE, 0x29EE, 0x29EE,
    0x29EE, 0x29EE, 0x29EE, 0x29EE, 0x29EE, 0x29EE, 0x29EE, 0x29EE, 0x29EE, 0x29EE, 0x29EE, 0x29EE, 0x29EE, 0x29EE, 0x29EE, 0x29EE,
    0x29EE, 0x29EE, 0x29EE, 0x29EE, 0x29EE, 0x29EE, 0x29EE, 0x29EE, 0x29EE, 0x29EE, 0x29EE, 0x29EE, 0x29EE, 0x29EE, 0x29EE, 0x29EE,
    0x29EE, 0x29EE, 0x29EE, 0x29EE, 0x29EE, 0x29EE, 0x29EE, 0x29EE, 0x29EE, 0x29EE, 0x29EE, 0x29EE, 0x29EE, 0x29EE, 0x29EE, 0x29EE,
    0x29EE, 0x29EE, 0x29EE, 0x29EE, 0x29EE, 0x29EE, 0x29EE, 0x29EE, 0x29EE, 0x29EE, 0x29EE, 0x29EE, 0x29EE, 0x29EE, 0x29EE, 0x29EE,
    0x29EE, 0x29EE, 0x29EE, 0x29EE, 0x29EE, 0x29EE, 0x29EE, 0x29EE, 0x29EE, 0x29EE, 0x29EE, 0x29EE, 0x29EE, 0x29EE, 0x29EE, 0x29EE,
    0x29EE, 0x29EE, 0x29EE, 0x29EE, 0x29EE, 0x29EE, 0x29EE, 0x29EE, 0x29EE, 0x29EE, 0x29EE, 0x29EE, 0x29EE, 0x29EE, 0x29EE, 0x29EE,
    0x29EE, 0x29EE, 0x29EE, 0x29EE, 0x29EE, 0x29EE, 0x29EE, 0x29EE, 0x29EE, 0x29EE, 0x29EE, 0x29EE, 0x29EE, 0x29EE, 0x29EE, 0x29EE,
    0x29EE, 0x29EE, 0x29EE, 0x29EE, 0x29EE, 0x29EE, 0x29EE, 0x29EE, 0x29EE, 0x29EE, 0x29EE, 0x29EE, 0x29EE, 0x29EE, 0x29EE, 0x29EE,
    0x29EE, 0x29EE, 0x29EE, 0x29EE, 0x29EE, 0x29EE, 0x29EE, 0x29EE, 0x29EE, 0x29EE, 0x29EE, 0x29EE, 0x29EE, 0x29EE, 0x29EE, 0x29EE,
    0x29EE, 0x29EE, 0x29EE, 0x29EE, 0x29EE, 0x29EE, 0x29EE, 0x29EE, 0x29EE, 0x29EE, 0x29EE, 0x29EE, 0x29EE, 0x29EE, 0x29EE, 0x29EE,
    0x29EE, 0x29EE, 0x29EE, 0x29EE, 0x29EE, 0x29EE, 0x29EE, 0x29EE, 0x29EE, 0x29EE, 0x29EE, 0x29EE, 0x29EE, 0x29EE, 0x29EE, 0x29EE,
    0x29EE, 0x29EE, 0x29EE, 0x29EE, 0x29EE, 0x29EE, 0x29EE, 0x29EE, 0x29EE, 0x29EE, 0x29EE, 0x29EE, 0x29EE, 0x29EE, 0x29EE, 0x29EE,
    0x29EE, 0x29EE, 0x29EE, 0x29EE, 0x29EE, 0x29EE, 0x29EE, 0x29EE, 0x29EE, 0x29EE, 0x29EE, 0x29EE, 0x29EE, 0x29EE, 0x29EE, 0x29EE,
    0x29EE, 0x29EE, 0x29EE, 0x29EE, 0x29EE, 0x29EE, 0x29EE, 0x29EE, 0x29EE, 0x29EE, 0x29EE, 0x29EE, 0x29EE, 0x29EE, 0x29EE, 0x29EE,
    0x29EE, 0x29EE, 0x29EE, 0x29EE, 0x29EE, 0x29EE, 0x29EE, 0x29EE, 0x29EE, 0x29EE, 0x29EE, 0x29EE, 0x29EE, 0x29EE, 0x29EE, 0x29EE,
    0x29EE, 0x29EE, 0x29EE, 0x29EE, 0x29EE, 0x29EE, 0x29EE, 0x29EE, 0x29EE, 0x29EE, 0x29EE, 0x29EE, 0x29EE, 0x29EE, 0x29EE, 0x29EE,
    0x29EE, 0x29EE, 0x29EE, 0x29EE, 0x29EE, 0x29EE, 0x29EE, 0x29EE, 0x29EE, 0x29EE, 0x29EE, 0x29EE, 0x29EE, 0x29EE, 0x29EE, 0x29EE,
    0x29EE, 0x29EE, 0x29EE, 0x29EE, 0x29EE, 0x29EE, 0x29EE, 0x29EE, 0x29EE, 0x29EE, 0x29EE, 0x29EE, 0x29EE, 0x29EE, 0x29EE, 0x29EE,
    0x29EE, 0x29EE, 0x29EE, 0x29EE, 0x29EE, 0x29EE, 0x29EE, 0x29EE, 0x29EE, 0x29EE, 0x29EE, 0x29EE, 0x29EE, 0x29EE, 0x29EE, 0x29EE,
    0x29EE, 0x29EE, 0x29EE, 0x29EE, 0x29EE, 0x29EE, 0x29EE, 0x29EE, 0x29EE, 0x29EE, 0x29EE, 0x29EE, 0x29EE, 0x29EE, 0x29EE, 0x29EE,
    0x29EE, 0x29EE, 0x29EE, 0x29EE, 0x29EE, 0x29EE, 0x29EE, 0x29EE, 0x29EE, 0x29EE, 0x29EE, 0x29EE, 0x29EE, 0x29EE, 0x29EE, 0x29EE,
    0x29EE, 0x29EE, 0x29EE, 0x29EE, 0x29EE, 0x29EE, 0x29EE, 0x29EE, 0x29EE, 0x29EE, 0x29EE, 0x29EE, 0x29EE, 0x29EE, 0x29EE, 0x29EE,
    0x29EE, 0x29EE, 0x29EE, 0x29EE, 0x29EE, 0x29EE, 0x29EE, 0x29EE, 0x29EE, 0x29EE, 0x29EE, 0x29EE, 0x29EE, 0x29EE, 0x29EE, 0x29EE,
    0x29EE, 0x29EE, 0x29EE, 0x29EE, 0x29EE, 0x29EE, 0x29EE, 0x29EE, 0x29EE, 0x29EE, 0x29EE, 0x29EE, 0x29EE, 0x29EE, 0x29EE, 0x29EE,
    0x29EE, 0x29EE, 0x29EE, 0x29EE, 0x29EE, 0x29EE, 0x29EE, 0x29EE, 0x29EE, 0x29EE, 0x29EE, 0x29EE, 0x29EE, 0x29EE, 0x29EE, 0x29EE,
    0x29EE, 0x29EE, 0x29EE, 0x29EE, 0x29EE, 0x29EE, 0x29EE, 0x29EE, 0x29EE, 0x29EE, 0x29EE, 0x29EE, 0x29EE, 0x29EE, 0x29EE, 0x29EE,
    0x29EE, 0x29EE, 0x29EE, 0x29EE, 0x29EE, 0x29EE, 0x29EE, 0x29EE, 0x29EE, 0x29EE, 0x29EE, 0x29EE, 0x29EE, 0x29EE, 0x29EE, 0x29EE,
    0x29EE, 0x29EE, 0x29EE, 0x29EE, 0x29EE, 0x29EE, 0x29EE, 0x29EE, 0x29EE, 0x29EE, 0x29EE, 0x29EE, 0x29EE, 0x29EE, 0x29EE, 0x29EE,
    0x29EE, 0x29EE, 0x29EE, 0x29EE, 0x29EE, 0x29EE, 0x29EE, 0x29EE, 0x29EE, 0x29EE, 0x29EE, 0x29EE, 0x29EE, 0x29EE, 0x29EE, 0x29EE,
    0x29EE, 0x29EE, 0x29EE, 0x29EE, 0x29EE, 0x29EE, 0x29EE, 0x29EE, 0x29EE, 0x29EE, 0x29EE, 0x29EE, 0x29EE, 0x29EE, 0x29EE, 0x29EE,
    0x29EE, 0x29EE, 0x29EE, 0x29EE, 0x29EE, 0x29EE, 0x29EE, 0x29EE, 0x29EE, 0x29EE, 0x29EE, 0x29EE, 0x29EE, 0x29EE, 0x29EE, 0x29EE,
    0x29EE, 0x29EE, 0x29EE, 0x29EE, 0x29EE, 0x29EE, 0x29EE, 0x29EE, 0x29EE, 0x29EE, 0x29EE, 0x29EE, 0x29EE, 0x29EE, 0x29EE, 0x29EE,
    0x29EE, 0x29EE, 0x29EE, 0x29EE, 0x29EE, 0x29EE, 0x29EE, 0x29EE, 0x29EE, 0x29EE, 0x29EE, 0x29EE, 0x29EE, 0x29EE, 0x29EE, 0x29EE,
    0x29EE, 0x29EE, 0x29EE, 0x29EE, 0x29EE, 0x29EE, 0x29EE, 0x29EE, 0x29EE, 0x29EE, 0x29EE, 0x29EE, 0x29EE, 0x29EE, 0x29EE, 0x29EE,
    0x29EE, 0x29EE, 0x29EE, 0x29EE, 0x29EE, 0x29EE, 0x29EE, 0x29EE, 0x29EE, 0x29EE, 0x29EE, 0x29EE, 0x29EE, 0x29EE, 0x29EE, 0x29EE,
    0x29EE, 0x29EE, 0x29EE, 0x29EE, 0x29EE, 0x29EE, 0x29EE, 0x29EE, 0x29EE, 0x29EE, 0x29EE, 0x29EE, 0x29EE, 0x29EE, 0x29EE, 0x29EE,
    0x29EE, 0x29EE, 0x29EE, 0x29EE, 0x29EE, 0x29EE, 0x29EE, 0x29EE, 0x29EE, 0x29EE, 0x29EE, 0x29EE, 0x29EE, 0x29EE, 0x29EE, 0x29EE,
    0x29EE, 0x29EE, 0x29EE, 0x29EE, 0x29EE, 0x29EE, 0x29EE, 0x29EE, 0x29EE, 0x29EE, 0x29EE, 0x29EE, 0x29EE, 0x29EE, 0x29EE, 0x29EE,
    0x29EE, 0x29EE, 0x29EE, 0x29EE, 0x29EE, 0x29EE, 0x29EE, 0x29EE, 0x29EE, 0x29EE, 0x29EE, 0x29EE, 0x29EE, 0x29EE, 0x29EE, 0x29EE,
    0x29EE, 0x29EE, 0x29EE, 0x29EE, 0x29EE, 0x29EE, 0x29EE, 0x29EE, 0x29EE, 0x29EE, 0x29EE, 0x29EE, 0x29EE, 0x29EE, 0x29EE, 0x29EE,
    0x29EE, 0x29EE, 0x29EE, 0x29EE, 0x29EE, 0x29EE, 0x29EE, 0x29EE, 0x29EE, 0x29EE, 0x29EE, 0x29EE, 0x29EE, 0x29EE, 0x29EE, 0x29EE,
    0x29EE, 0x29EE, 0x29EE, 0x29EE, 0x29EE, 0x29EE, 0x29EE, 0x29EE, 0x29EE, 0x29EE, 0x29EE, 0x29EE, 0x29EE, 0x29EE, 0x29EE, 0x29EE,
    0x29EE, 0x29EE, 0x29EE, 0x29EE, 0x29EE, 0x29EE, 0x29EE, 0x29EE, 0x29EE, 0x29EE, 0x29EE, 0x29EE, 0x29EE, 0x29EE, 0x29EE, 0x29EE,
    0x29EE, 0x29EE, 0x29EE, 0x29EE, 0x29EE, 0x29EE, 0x29EE, 0x29EE, 0x29EE, 0x29EE, 0x29EE, 0x29EE, 0x29EE, 0x29EE, 0x29EE, 0x29EE,
    0x29EE, 0x29EE, 0x29EE, 0x29EE, 0x29EE, 0x29EE, 0x29EE, 0x29EE, 0x29EE, 0x29EE, 0x29EE, 0x29EE, 0x29EE, 0x29EE, 0x29EE, 0x29EE,
    0x29EE, 0x29EE, 0x29EE, 0x29EE, 0x29EE, 0x29EE, 0x29EE, 0x29EE, 0x29EE, 0x29EE, 0x29EE, 0x29EE, 0x29EE, 0x29EE, 0x29EE, 0x29EE,
    0x29EE, 0x29EE, 0x29EE, 0x29EE, 0x29EE, 0x29EE, 0x29EE, 0x29EE, 0x29EE, 0x29EE, 0x29EE, 0x29EE, 0x29EE, 0x29EE, 0x29EE, 0x29EE,
    0x29EE, 0x29EE, 0x29EE, 0x29EE, 0x29EE, 0x29EE, 0x29EE, 0x29EE, 0x29EE, 0x29EE, 0x29EE, 0x29EE, 0x29EE, 0x29EE, 0x29EE, 0x29EE,
    0x29EE, 0x29EE, 0x29EE, 0x29EE, 0x29EE, 0x29EE, 0x29EE, 0x29EE, 0x29EE, 0x29EE, 0x29EE, 0x29EE, 0x29EE, 0x29EE, 0x29EE, 0x29EE,
    0x29EE, 0x29EE, 0x29EE, 0x29EE, 0x29EE, 0x29EE, 0x29EE, 0x29EE, 0x29EE, 0x29EE, 0x29EE, 0x29EE, 0x29EE, 0x29EE, 0x29EE, 0x29EE,
    0x29EE, 0x29EE, 0x29EE, 0x29EE, 0x29EE, 0x29EE, 0x29EE, 0x29EE, 0x29EE, 0x29EE, 0x29EE, 0x29EE, 0x29EE, 0x29EE, 0x29EE, 0x29EE,
    0x29EE, 0x29EE, 0x29EE, 0x29EE, 0x29EE, 0x29EE, 0x29EE, 0x29EE, 0x29EE, 0x29EE, 0x29EE, 0x29EE, 0x29EE, 0x29EE, 0x29EE, 0x29EE,
    0x29EE, 0x29EE, 0x29EE, 0x29EE, 0x29EE, 0x29EE, 0x29EE, 0x29EE, 0x29EE, 0x29EE, 0x29EE, 0x29EE, 0x29EE, 0x29EE, 0x29EE, 0x29EE,
    0x29EE, 0x29EE, 0x29EE, 0x29EE, 0x29EE, 0x29EE, 0x29EE, 0x29EE, 0x29EE, 0x29EE, 0x29EE, 0x29EE, 0x29EE, 0x29EE, 0x29EE, 0x29EE,
    0x29EE, 0x29EE, 0x29EE, 0x29EE, 0x29EE, 0x29EE, 0x29EE, 0x29EE, 0x29EE, 0x29EE, 0x29EE, 0x29EE, 0x29EE, 0x29EE, 0x29EE, 0x29EE,
    0x29EE, 0x29EE, 0x29EE, 0x29EE, 0x29EE, 0x29EE, 0x29EE, 0x29EE, 0x29EE, 0x29EE, 0x29EE, 0x29EE, 0x29EE, 0x29EE, 0x29EE, 0x29EE,
    0x29EE, 0x29EE, 0x29EE, 0x29EE, 0x29EE, 0x29EE, 0x29EE, 0x29EE, 0x29EE, 0x29EE, 0x29EE, 0x29EE, 0x29EE, 0x29EE, 0x29EE, 0x29EE,
    0x29EE, 0x29EE, 0x29EE, 0x29EE, 0x29EE, 0x29EE, 0x29EE, 0x29EE, 0x29EE, 0x29EE, 0x29EE, 0x29EE, 0x29EE, 0x29EE, 0x29EE, 0x29EE,
    0x29EE, 0x29EE, 0x29EE, 0x29EE, 0x29EE, 0x29EE, 0x29EE, 0x29EE, 0x29EE, 0x29EE, 0x29EE, 0x29EE, 0x29EE, 0x29EE, 0x29EE, 0x29EE,
    0x29EE, 0x29EE, 0x29EE, 0x29EE, 0x29EE, 0x29EE, 0x29EE, 0x29EE, 0x29EE, 0x29EE, 0x29EE, 0x29EE, 0x29EE, 0x29EE, 0x29EE, 0x29EE,
    0x29EE, 0x29EE, 0x29EE, 0x29EE, 0x29EE, 0x29EE, 0x29EE, 0x29EE, 0x29EE, 0x29EE, 0x29EE, 0x29EE, 0x29EE, 0x29EE, 0x29EE, 0x29EE,
    0x29EE, 0x29EE, 0x29EE, 0x29EE, 0x29EE, 0x29EE, 0x29EE, 0x29EE, 0x29EE, 0x29EE, 0x29EE, 0x29EE, 0x29EE, 0x29EE, 0x29EE, 0x29EE,
    0x29EE, 0x29EE, 0x29EE, 0x29EE, 0x29EE, 0x29EE, 0x29EE, 0x29EE, 0x29EE, 0x29EE, 0x29EE, 0x29EE, 0x29EE, 0x29EE, 0x29EE, 0x29EE,
    0x29EE, 0x29EE, 0x29EE, 0x29EE, 0x29EE, 0x29EE, 0x29EE, 0x29EE, 0x29EE, 0x29EE, 0x29EE, 0x29EE, 0x29EE, 0x29EE, 0x29EE, 0x29EE,
    0x29EE, 0x29EE, 0x29EE, 0x29EE, 0x29EE, 0x29EE, 0x29EE, 0x29EE, 0x29EE, 0x29EE, 0x29EE, 0x29EE, 0x29EE, 0x29EE, 0x29EE, 0x29EE,
    0x29EE, 0x29EE, 0x29EE, 0x29EE, 0x29EE, 0x29EE, 0x29EE, 0x29EE, 0x29EE, 0x29EE, 0x29EE, 0x29EE, 0x29EE, 0x29EE, 0x29EE, 0x29EE,
    0x29EE, 0x29EE, 0x29EE, 0x29EE, 0x29EE, 0x29EE, 0x29EE, 0x29EE, 0x29EE, 0x29EE, 0x29EE, 0x29EE, 0x29EE, 0x29EE, 0x29EE, 0x29EE,
    0x29EE, 0x29EE, 0x29EE, 0x29EE, 0x29EE, 0x29EE, 0x29EE, 0x29EE, 0x29EE, 0x29EE, 0x29EE, 0x29EE, 0x29EE, 0x29EE, 0x29EE, 0x29EE,
    0x29EE, 0x29EE, 0x29EE, 0x29EE, 0x29EE, 0x29EE, 0x29EE, 0x29EE, 0x29EE, 0x29EE, 0x29EE, 0x29EE, 0x29EE, 0x29EE, 0x29EE, 0x29EE,
    0x29EE, 0x29EE, 0x29EE, 0x29EE, 0x29EE, 0x29EE, 0x29EE, 0x29EE, 0x29EE, 0x29EE, 0x29EE, 0x29EE, 0x29EE, 0x29EE, 0x29EE, 0x29EE,
    0x29EE, 0x29EE, 0x29EE, 0x29EE, 0x29EE, 0x29EE, 0x29EE, 0x29EE, 0x29EE, 0x29EE, 0x29EE, 0x29EE, 0x29EE, 0x29EE, 0x29EE, 0x29EE,
    0x29EE, 0x29EE, 0x29EE, 0x29EE, 0x29EE, 0x29EE, 0x29EE, 0x29EE, 0x29EE, 0x29EE, 0x29EE, 0x29EE, 0x29EE, 0x29EE, 0x29EE, 0x29EE,
    0x29EE, 0x29EE, 0x29EE, 0x29EE, 0x29EE, 0x29EE, 0x29EE, 0x29EE, 0x29EE, 0x29EE, 0x29EE, 0x29EE, 0x29EE, 0x29EE, 0x29EE, 0x29EE,
    0x29EE, 0x29EE, 0x29EE, 0x29EE, 0x29EE, 0x29EE, 0x29EE, 0x29EE, 0x29EE, 0x29EE, 0x29EE, 0x29EE, 0x29EE, 0x29EE, 0x29EE, 0x29EE,
    0x29EE, 0x29EE, 0x29EE, 0x29EE, 0x29EE, 0x29EE, 0x29EE, 0x29EE, 0x29EE, 0x29EE, 0x29EE, 0x29EE, 0x29EE, 0x29EE, 0x29EE, 0x29EE,
    0x29EE, 0x29EE, 0x29EE, 0x29EE, 0x29EE, 0x29EE, 0x29EE, 0x29EE, 0x29EE, 0x29EE, 0x29EE, 0x29EE, 0x29EE, 0x29EE, 0x29EE, 0x29EE,
    0x29EE, 0x29EE, 0x29EE, 0x29EE, 0x29EE, 0x29EE, 0x29EE, 0x29EE, 0x29EE, 0x29EE, 0x29EE, 0x29EE, 0x29EE, 0x29EE, 0x29EE, 0x29EE,
    0x29EE, 0x29EE, 0x29EE, 0x29EE, 0x29EE, 0x29EE, 0x29EE, 0x29EE, 0x29EE, 0x29EE, 0x29EE, 0x29EE, 0x29EE, 0x29EE, 0x29EE, 0x29EE,
    0x29EE, 0x29EE, 0x29EE, 0x29EE, 0x29EE, 0x29EE, 0x29EE, 0x29EE, 0x29EE, 0x29EE, 0x29EE, 0x29EE, 0x29EE, 0x29EE, 0x29EE, 0x29EE,
    0x29EE, 0x29EE, 0x29EE, 0x29EE, 0x29EE, 0x29EE, 0x29EE, 0x29EE, 0x29EE, 0x29EE, 0x29EE, 0x29EE, 0x29EE, 0x29EE, 0x29EE, 0x29EE,
    0x29EE, 0x29EE, 0x29EE, 0x29EE, 0x29EE, 0x29EE, 0x29EE, 0x29EE, 0x29EE, 0x29EE, 0x29EE, 0x29EE, 0x29EE, 0x29EE, 0x29EE, 0x29EE,
    0x29EE, 0x29EE, 0x29EE, 0x29EE, 0x29EE, 0x29EE, 0x29EE, 0x29EE, 0x29EE, 0x29EE, 0x29EE, 0x29EE, 0x29EE, 0x29EE, 0x29EE, 0x29EE,
    0x29EE, 0x29EE, 0x29EE, 0x29EE, 0x29EE, 0x29EE, 0x29EE, 0x29EE, 0x29EE, 0x29EE, 0x29EE, 0x29EE, 0x29EE, 0x29EE, 0x29EE, 0x29EE,
    0x29EE, 0x29EE, 0x29EE, 0x29EE, 0x29EE, 0x29EE, 0x29EE, 0x29EE, 0x29EE, 0x29EE, 0x29EE, 0x29EE, 0x29EE, 0x29EE, 0x29EE, 0x29EE,
    0x29EE, 0x29EE, 0x29EE, 0x29EE, 0x29EE, 0x29EE, 0x29EE, 0x29EE, 0x29EE, 0x29EE, 0x29EE, 0x29EE, 0x29EE, 0x29EE, 0x29EE, 0x29EE,
    0x29EE, 0x29EE, 0x29EE, 0x29EE, 0x29EE, 0x29EE, 0x29EE, 0x29EE, 0x29EE, 0x29EE, 0x29EE, 0x29EE, 0x29EE, 0x29EE, 0x29EE, 0x29EE,
    0x29EE, 0x29EE, 0x29EE, 0x29EE, 0x29EE, 0x29EE, 0x29EE, 0x29EE, 0x29EE, 0x29EE, 0x29EE, 0x29EE, 0x29EE, 0x29EE, 0x29EE, 0x29EE,
    0x29EE, 0x29EE, 0x29EE, 0x29EE, 0x29EE, 0x29EE, 0x29EE, 0x29EE, 0x29EE, 0x29EE, 0x29EE, 0x29EE, 0x29EE, 0x29EE, 0x29EE, 0x29EE,
    0x29EE, 0x29EE, 0x29EE, 0x29EE, 0x29EE, 0x29EE, 0x29EE, 0x29EE, 0x29EE, 0x29EE, 0x29EE, 0x29EE, 0x29EE, 0x29EE, 0x29EE, 0x29EE,
    0x29EE, 0x29EE, 0x29EE, 0x29EE, 0x29EE, 0x29EE, 0x29EE, 0x29EE, 0x29EE, 0x29EE, 0x29EE, 0x29EE, 0x29EE, 0x29EE, 0x29EE, 0x29EE,
    0x29EE, 0x29EE, 0x29EE, 0x29EE, 0x29EE, 0x29EE, 0x29EE, 0x29EE, 0x29EE, 0x29EE, 0x29EE, 0x29EE, 0x29EE, 0x29EE, 0x29EE, 0x29EE,
    0x29EE, 0x29EE, 0x29EE, 0x29EE, 0x29EE, 0x29EE, 0x29EE, 0x29EE, 0x29EE, 0x29EE, 0x29EE, 0x29EE, 0x29EE, 0x29EE, 0x29EE, 0x29EE,
    0x29EE, 0x29EE, 0x29EE, 0x29EE, 0x29EE, 0x29EE, 0x29EE, 0x29EE, 0x29EE, 0x29EE, 0x29EE, 0x29EE, 0x29EE, 0x29EE, 0x29EE, 0x29EE,
    0x29EE, 0x29EE, 0x29EE, 0x29EE, 0x29EE, 0x29EE, 0x29EE, 0x29EE, 0x29EE, 0x29EE, 0x29EE, 0x29EE, 0x29EE, 0x29EE, 0x29EE, 0x29EE,
    0x29EE, 0x29EE, 0x29EE, 0x29EE, 0x29EE, 0x29EE, 0x29EE, 0x29EE, 0x29EE, 0x29EE, 0x29EE, 0x29EE, 0x29EE, 0x29EE, 0x29EE, 0x29EE,
    0x29EE, 0x29EE, 0x29EE, 0x29EE, 0x29EE, 0x29EE, 0x29EE, 0x29EE, 0x29EE, 0x29EE, 0x29EE, 0x29EE, 0x29EE, 0x29EE, 0x29EE, 0x29EE,
    0x29EE, 0x29EE, 0x29EE, 0x29EE, 0x29EE, 0x29EE, 0x29EE, 0x29EE, 0x29EE, 0x29EE, 0x29EE, 0x29EE, 0x29EE, 0x29EE, 0x29EE, 0x29EE,
    0x29EE, 0x29EE, 0x29EE, 0x29EE, 0x29EE, 0x29EE, 0x29EE, 0x29EE, 0x29EE, 0x29EE, 0x29EE, 0x29EE, 0x29EE, 0x29EE, 0x29EE, 0x29EE,
    0x29EE, 0x29EE, 0x29EE, 0x29EE, 0x29EE, 0x29EE, 0x29EE, 0x29EE, 0x29EE, 0x29EE, 0x29EE, 0x29EE, 0x29EE, 0x29EE, 0x29EE, 0x29EE,
    0x29EE, 0x29EE, 0x29EE, 0x29EE, 0x29EE, 0x29EE, 0x29EE, 0x29EE, 0x29EE, 0x29EE, 0x29EE, 0x29EE, 0x29EE, 0x29EE, 0x29EE, 0x29EE,
    0x29EE, 0x29EE, 0x29EE, 0x29EE, 0x29EE, 0x29EE, 0x29EE, 0x29EE, 0x29EE, 0x29EE, 0x29EE, 0x29EE, 0x29EE, 0x29EE, 0x29EE, 0x29EE,
    0x29EE, 0x29EE, 0x29EE, 0x29EE, 0x29EE, 0x29EE, 0x29EE, 0x29EE, 0x29EE, 0x29EE, 0x29EE, 0x29EE, 0x29EE, 0x29EE, 0x29EE, 0x29EE,
    0x29EE, 0x29EE, 0x29EE, 0x29EE, 0x29EE, 0x29EE, 0x29EE, 0x29EE, 0x29EE, 0x29EE, 0x29EE, 0x29EE, 0x29EE, 0x29EE, 0x29EE, 0x29EE,
    0x29EE, 0x29EE, 0x29EE, 0x29EE, 0x29EE, 0x29EE, 0x29EE, 0x29EE, 0x29EE, 0x29EE, 0x29EE, 0x29EE, 0x29EE, 0x29EE, 0x29EE, 0x29EE,
    0x29EE, 0x29EE, 0x29EE, 0x29EE, 0x29EE, 0x29EE, 0x29EE, 0x29EE, 0x29EE, 0x29EE, 0x29EE, 0x29EE, 0x29EE, 0x29EE, 0x29EE, 0x29EE,
    0x29EE, 0x29EE, 0x29EE, 0x29EE, 0x29EE, 0x29EE, 0x29EE, 0x29EE, 0x29EE, 0x29EE, 0x29EE, 0x29EE, 0x29EE, 0x29EE, 0x29EE, 0x29EE,
    0x29EE, 0x29EE, 0x29EE, 0x29EE, 0x29EE, 0x29EE, 0x29EE, 0x29EE, 0x29EE, 0x29EE, 0x29EE, 0x29EE, 0x29EE, 0x29EE, 0x29EE, 0x29EE,
    0x29EE, 0x29EE, 0x29EE, 0x29EE, 0x29EE, 0x29EE, 0x29EE, 0x29EE, 0x29EE, 0x29EE, 0x29EE, 0x29EE, 0x29EE, 0x29EE, 0x29EE, 0x29EE,
    0x29EE, 0x29EE, 0x29EE, 0x29EE, 0x29EE, 0x29EE, 0x29EE, 0x29EE, 0x29EE, 0x29EE, 0x29EE, 0x29EE, 0x29EE, 0x29EE, 0x29EE, 0x29EE,
    0x29EE, 0x29EE, 0x29EE, 0x29EE, 0x29EE, 0x29EE, 0x29EE, 0x29EE, 0x29EE, 0x29EE, 0x29EE, 0x29EE, 0x29EE, 0x29EE, 0x29EE, 0x29EE,
    0x29EE, 0x29EE, 0x29EE, 0x29EE, 0x29EE, 0x29EE, 0x29EE, 0x29EE, 0x29EE, 0x29EE, 0x29EE, 0x29EE, 0x29EE, 0x29EE, 0x29EE, 0x29EE,
    0x29EE, 0x29EE, 0x29EE, 0x29EE, 0x29EE, 0x29EE, 0x29EE, 0x29EE, 0x29EE, 0x29EE, 0x29EE, 0x29EE, 0x29EE, 0x29EE, 0x29EE, 0x29EE,
    0x29EE, 0x29EE, 0x29EE, 0x29EE, 0x29EE, 0x29EE, 0x29EE, 0x29EE, 0x29EE, 0x29EE, 0x29EE, 0x29EE, 0x29EE, 0x29EE, 0x29EE, 0x29EE,
    0x29EE, 0x29EE, 0x29EE, 0x29EE, 0x29EE, 0x29EE, 0x29EE, 0x29EE, 0x29EE, 0x29EE, 0x29EE, 0x29EE, 0x29EE, 0x29EE, 0x29EE, 0x29EE,
    0x29EE, 0x29EE, 0x29EE, 0x29EE, 0x29EE, 0x29EE, 0x29EE, 0x29EE, 0x29EE, 0x29EE, 0x29EE, 0x29EE, 0x29EE, 0x29EE, 0x29EE, 0x29EE,
    0x29EE, 0x29EE, 0x29EE, 0x29EE, 0x29EE, 0x29EE, 0x29EE, 0x29EE, 0x29EE, 0x29EE, 0x29EE, 0x29EE, 0x29EE, 0x29EE, 0x29EE, 0x29EE,
    0x29EE, 0x29EE, 0x29EE, 0x29EE, 0x29EE, 0x29EE, 0x29EE, 0x29EE, 0x29EE, 0x29EE, 0x29EE, 0x29EE, 0x29EE, 0x29EE, 0x29EE, 0x29EE,
    0x29EE, 0x29EE, 0x29EE, 0x29EE, 0x29EE, 0x29EE, 0x29EE, 0x29EE, 0x29EE, 0x29EE, 0x29EE, 0x29EE, 0x29EE, 0x29EE, 0x29EE, 0x29EE,
    0x29EE, 0x29EE, 0x29EE, 0x29EE, 0x29EE, 0x29EE, 0x29EE, 0x29EE, 0x29EE, 0x29EE, 0x29EE, 0x29EE, 0x29EE, 0x29EE, 0x29EE, 0x29EE,
    0x29EE, 0x29EE, 0x29EE, 0x29EE, 0x29EE, 0x29EE, 0x29EE, 0x29EE, 0x29EE, 0x29EE, 0x29EE, 0x29EE, 0x29EE, 0x29EE, 0x29EE, 0x29EE,
    0x29EE, 0x29EE, 0x29EE, 0x29EE, 0x29EE, 0x29EE, 0x29EE, 0x29EE, 0x29EE, 0x29EE, 0x29EE, 0x29EE, 0x29EE, 0x29EE, 0x29EE, 0x29EE,
    0x29EE, 0x29EE, 0x29EE, 0x29EE, 0x29EE, 0x29EE, 0x29EE, 0x29EE, 0x29EE, 0x29EE, 0x29EE, 0x29EE, 0x29EE, 0x29EE, 0x29EE, 0x29EE,
    0x29EE, 0x29EE, 0x29EE, 0x29EE, 0x29EE, 0x29EE, 0x29EE, 0x29EE, 0x29EE, 0x29EE, 0x29EE, 0x29EE, 0x29EE, 0x29EE, 0x29EE, 0x29EE,
    0x29EE, 0x29EE, 0x29EE, 0x29EE, 0x29EE, 0x29EE, 0x29EE, 0x29EE, 0x29EE, 0x29EE, 0x29EE, 0x29EE, 0x29EE, 0x29EE, 0x29EE, 0x29EE,
    0x29EE, 0x29EE, 0x29EE, 0x29EE, 0x29EE, 0x29EE, 0x29EE, 0x29EE, 0x29EE, 0x29EE, 0x29EE, 0x29EE, 0x29EE, 0x29EE, 0x29EE, 0x29EE,
    0x29EE, 0x29EE, 0x29EE, 0x29EE, 0x29EE, 0x29EE, 0x29EE, 0x29EE, 0x29EE, 0x29EE, 0x29EE, 0x29EE, 0x29EE, 0x29EE, 0x29EE, 0x29EE,
    0x29EE, 0x29EE, 0x29EE, 0x29EE, 0x29EE, 0x29EE, 0x29EE, 0x29EE, 0x29EE, 0x29EE, 0x29EE, 0x29EE, 0x29EE, 0x29EE, 0x29EE, 0x29EE,
    0x29EE, 0x29EE, 0x29EE, 0x29EE, 0x29EE, 0x29EE, 0x29EE, 0x29EE, 0x29EE, 0x29EE, 0x29EE, 0x29EE, 0x29EE, 0x29EE, 0x29EE, 0x29EE,
    0x29EE, 0x29EE, 0x29EE, 0x29EE, 0x29EE, 0x29EE, 0x29EE, 0x29EE, 0x29EE, 0x29EE, 0x29EE, 0x29EE, 0x29EE, 0x29EE, 0x29EE, 0x29EE,
    0x29EE, 0x29EE, 0x29EE, 0x29EE, 0x29EE, 0x29EE, 0x29EE, 0x29EE, 0x29EE, 0x29EE, 0x29EE, 0x29EE, 0x29EE, 0x29EE, 0x29EE, 0x29EE,
    0x29EE, 0x29EE, 0x29EE, 0x29EE, 0x29EE, 0x29EE, 0x29EE, 0x29EE, 0x29EE, 0x29EE, 0x29EE, 0x29EE, 0x29EE, 0x29EE, 0x29EE, 0x29EE,
    0x29EE, 0x29EE, 0x29EE, 0x29EE, 0x29EE, 0x29EE, 0x29EE, 0x29EE, 0x29EE, 0x29EE, 0x29EE, 0x29EE, 0x29EE, 0x29EE, 0x29EE, 0x29EE,
    0x29EE, 0x29EE, 0x29EE, 0x29EE, 0x29EE, 0x29EE, 0x29EE, 0x29EE, 0x29EE, 0x29EE, 0x29EE, 0x29EE, 0x29EE, 0x29EE, 0x29EE, 0x29EE,
    0x29EE, 0x29EE, 0x29EE, 0x29EE, 0x29EE, 0x29EE, 0x29EE, 0x29EE, 0x29EE, 0x29EE, 0x29EE, 0x29EE, 0x29EE, 0x29EE, 0x29EE, 0x29EE,
    0x29EE, 0x29EE, 0x29EE, 0x29EE, 0x29EE, 0x29EE, 0x29EE, 0x29EE, 0x29EE, 0x29EE, 0x29EE, 0x29EE, 0x29EE, 0x29EE, 0x29EE, 0x29EE,
    0x29EE, 0x29EE, 0x29EE, 0x29EE, 0x29EE, 0x29EE, 0x29EE, 0x29EE, 0x29EE, 0x29EE, 0x29EE, 0x29EE, 0x29EE, 0x29EE, 0x29EE, 0x29EE,
    0x29EE, 0x29EE, 0x29EE, 0x29EE, 0x29EE, 0x29EE, 0x29EE, 0x29EE, 0x29EE, 0x29EE, 0x29EE, 0x29EE, 0x29EE, 0x29EE, 0x29EE, 0x29EE,
    0x29EE, 0x29EE, 0x29EE, 0x29EE, 0x29EE, 0x29EE, 0x29EE, 0x29EE, 0x29EE, 0x29EE, 0x29EE, 0x29EE, 0x29EE, 0x29EE, 0x29EE, 0x29EE,
    0x29EE, 0x29EE, 0x29EE, 0x29EE, 0x29EE, 0x29EE, 0x29EE, 0x29EE, 0x29EE, 0x29EE, 0x29EE, 0x29EE, 0x29EE, 0x29EE, 0x29EE, 0x29EE,
    0x29EE, 0x29EE, 0x29EE, 0x29EE, 0x29EE, 0x29EE, 0x29EE, 0x29EE, 0x29EE, 0x29EE, 0x29EE, 0x29EE, 0x29EE, 0x29EE, 0x29EE, 0x29EE,
    0x29EE, 0x29EE, 0x29EE, 0x29EE, 0x29EE, 0x29EE, 0x29EE, 0x29EE, 0x29EE, 0x29EE, 0x29EE, 0x29EE, 0x29EE, 0x29EE, 0x29EE, 0x29EE,
    0x29EE, 0x29EE, 0x29EE, 0x29EE, 0x29EE, 0x29EE, 0x29EE, 0x29EE, 0x29EE, 0x29EE, 0x29EE, 0x29EE, 0x29EE, 0x29EE, 0x29EE, 0x29EE,
    0x29EE, 0x29EE, 0x29EE, 0x29EE, 0x29EE, 0x29EE, 0x29EE, 0x29EE, 0x29EE, 0x29EE, 0x29EE, 0x29EE, 0x29EE, 0x29EE, 0x29EE, 0x29EE,
    0x29EE, 0x29EE, 0x29EE, 0x29EE, 0x29EE, 0x29EE, 0x29EE, 0x29EE, 0x29EE, 0x29EE, 0x29EE, 0x29EE, 0x29EE, 0x29EE, 0x29EE, 0x29EE,
    0x29EE, 0x29EE, 0x29EE, 0x29EE, 0x29EE, 0x29EE, 0x29EE, 0x29EE, 0x29EE, 0x29EE, 0x29EE, 0x29EE, 0x29EE, 0x29EE, 0x29EE, 0x29EE,
    0x29EE, 0x29EE, 0x29EE, 0x29EE, 0x29EE, 0x29EE, 0x29EE, 0x29EE, 0x29EE, 0x29EE, 0x29EE, 0x29EE, 0x29EE, 0x29EE, 0x29EE, 0x29EE,
    0x29EE, 0x29EE, 0x29EE, 0x29EE, 0x29EE, 0x29EE, 0x29EE, 0x29EE, 0x29EE, 0x29EE, 0x29EE, 0x29EE, 0x29EE, 0x29EE, 0x29EE, 0x29EE,
    0x29EE, 0x29EE, 0x29EE, 0x29EE, 0x29EE, 0x29EE, 0x29EE, 0x29EE, 0x29EE, 0x29EE, 0x29EE, 0x29EE, 0x29EE, 0x29EE, 0x29EE, 0x29EE,
    0x29EE, 0x29EE, 0x29EE, 0x29EE, 0x29EE, 0x29EE, 0x29EE, 0x29EE, 0x29EE, 0x29EE, 0x29EE, 0x29EE, 0x29EE, 0x29EE, 0x29EE, 0x29EE,
    0x29EE, 0x29EE, 0x29EE, 0x29EE, 0x29EE, 0x29EE, 0x29EE, 0x29EE, 0x29EE, 0x29EE, 0x29EE, 0x29EE, 0x29EE, 0x29EE, 0x29EE, 0x29EE,
    0x29EE, 0x29EE, 0x29EE, 0x29EE, 0x29EE, 0x29EE, 0x29EE, 0x29EE, 0x29EE, 0x29EE, 0x29EE, 0x29EE, 0x29EE, 0x29EE, 0x29EE, 0x29EE,
    0x29EE, 0x29EE, 0x29EE, 0x29EE, 0x29EE, 0x29EE, 0x29EE, 0x29EE, 0x29EE, 0x29EE, 0x29EE, 0x29EE, 0x29EE, 0x29EE, 0x29EE, 0x29EE,
    0x29EE, 0x29EE, 0x29EE, 0x29EE, 0x29EE, 0x29EE, 0x29EE, 0x29EE, 0x29EE, 0x29EE, 0x29EE, 0x29EE, 0x29EE, 0x29EE, 0x29EE, 0x29EE,
    0x29EE, 0x29EE, 0x29EE, 0x29EE, 0x29EE, 0x29EE, 0x29EE, 0x29EE, 0x29EE, 0x29EE, 0x29EE, 0x29EE, 0x29EE, 0x29EE, 0x29EE, 0x29EE,
    0x29EE, 0x29EE, 0x29EE, 0x29EE, 0x29EE, 0x29EE, 0x29EE, 0x29EE, 0x29EE, 0x29EE, 0x29EE, 0x29EE, 0x29EE, 0x29EE, 0x29EE, 0x29EE,
    0x29EE, 0x29EE, 0x29EE, 0x29EE, 0x29EE, 0x29EE, 0x29EE, 0x29EE, 0x29EE, 0x29EE, 0x29EE, 0x29EE, 0x29EE, 0x29EE, 0x29EE, 0x29EE,
    0x29EE, 0x29EE, 0x29EE, 0x29EE, 0x29EE, 0x29EE, 0x29EE, 0x29EE, 0x29EE, 0x29EE, 0x29EE, 0x29EE, 0x29EE, 0x29EE, 0x29EE, 0x29EE,
    0x29EE, 0x29EE, 0x29EE, 0x29EE, 0x29EE, 0x29EE, 0x29EE, 0x29EE, 0x29EE, 0x29EE, 0x29EE, 0x29EE, 0x29EE, 0x29EE, 0x29EE, 0x29EE,
    0x29EE, 0x29EE, 0x29EE, 0x29EE, 0x29EE, 0x29EE, 0x29EE, 0x29EE, 0x29EE, 0x29EE, 0x29EE, 0x29EE, 0x29EE, 0x29EE, 0x29EE, 0x29EE,
    0x29EE, 0x29EE, 0x29EE, 0x29EE, 0x29EE, 0x29EE, 0x29EE, 0x29EE, 0x29EE, 0x29EE, 0x29EE, 0x29EE, 0x29EE, 0x29EE, 0x29EE, 0x29EE,
    0x29EE, 0x29EE, 0x29EE, 0x29EE, 0x29EE, 0x29EE, 0x29EE, 0x29EE, 0x29EE, 0x29EE, 0x29EE, 0x29EE, 0x29EE, 0x29EE, 0x29EE, 0x29EE,
    0x29EE, 0x29EE, 0x29EE, 0x29EE, 0x29EE, 0x29EE, 0x29EE, 0x29EE, 0x29EE, 0x29EE, 0x29EE, 0x29EE, 0x29EE, 0x29EE, 0x29EE, 0x29EE,
    0x29EE, 0x29EE, 0x29EE, 0x29EE, 0x29EE, 0x29EE, 0x29EE, 0x29EE, 0x29EE, 0x29EE, 0x29EE, 0x29EE, 0x29EE, 0x29EE, 0x29EE, 0x29EE,
    0x29EE, 0x29EE, 0x29EE, 0x29EE, 0x29EE, 0x29EE, 0x29EE, 0x29EE, 0x29EE, 0x29EE, 0x29EE, 0x29EE, 0x29EE, 0x29EE, 0x29EE, 0x29EE,
    0x29EE, 0x29EE, 0x29EE, 0x29EE, 0x29EE, 0x29EE, 0x29EE, 0x29EE, 0x29EE, 0x29EE, 0x29EE, 0x29EE, 0x29EE, 0x29EE, 0x29EE, 0x29EE,
    0x29EE, 0x29EE, 0x29EE, 0x29EE, 0x29EE, 0x29EE, 0x29EE, 0x29EE, 0x29EE, 0x29EE, 0x29EE, 0x29EE, 0x29EE, 0x29EE, 0x29EE, 0x29EE,
    0x29EE, 0x29EE, 0x29EE, 0x29EE, 0x29EE, 0x29EE, 0x29EE, 0x29EE, 0x29EE, 0x29EE, 0x29EE, 0x29EE, 0x29EE, 0x29EE, 0x29EE, 0x29EE,
    0x29EE, 0x29EE, 0x29EE, 0x29EE, 0x29EE, 0x29EE, 0x29EE, 0x29EE, 0x29EE, 0x29EE, 0x29EE, 0x29EE, 0x29EE, 0x29EE, 0x29EE, 0x29EE,
    0x29EE, 0x29EE, 0x29EE, 0x29EE, 0x29EE, 0x29EE, 0x29EE, 0x29EE, 0x29EE, 0x29EE, 0x29EE, 0x29EE, 0x29EE, 0x29EE, 0x29EE, 0x29EE,
    0x29EE, 0x29EE, 0x29EE, 0x29EE, 0x29EE, 0x29EE, 0x29EE, 0x29EE, 0x29EE, 0x29EE, 0x29EE, 0x29EE, 0x29EE, 0x29EE, 0x29EE, 0x29EE,
    0x29EE, 0x29EE, 0x29EE, 0x29EE, 0x29EE, 0x29EE, 0x29EE, 0x29EE, 0x29EE, 0x29EE, 0x29EE, 0x29EE, 0x29EE, 0x29EE, 0x29EE, 0x29EE,
    0x29EE, 0x29EE, 0x29EE, 0x29EE, 0x29EE, 0x29EE, 0x29EE, 0x29EE, 0x29EE, 0x29EE, 0x29EE, 0x29EE, 0x29EE, 0x29EE, 0x29EE, 0x29EE,
    0x29EE, 0x29EE, 0x29EE, 0x29EE, 0x29EE, 0x29EE, 0x29EE, 0x29EE, 0x29EE, 0x29EE, 0x29EE, 0x29EE, 0x29EE, 0x29EE, 0x29EE, 0x29EE,
    0x29EE, 0x29EE, 0x29EE, 0x29EE, 0x29EE, 0x29EE, 0x29EE, 0x29EE, 0x29EE, 0x29EE, 0x29EE, 0x29EE, 0x29EE, 0x29EE, 0x29EE, 0x29EE,
    0x29EE, 0x29EE, 0x29EE, 0x29EE, 0x29EE, 0x29EE, 0x29EE, 0x29EE, 0x29EE, 0x29EE, 0x29EE, 0x29EE, 0x29EE, 0x29EE, 0x29EE, 0x29EE,
    0x29EE, 0x29EE, 0x29EE, 0x29EE, 0x29EE, 0x29EE, 0x29EE, 0x29EE, 0x29EE, 0x29EE, 0x29EE, 0x29EE, 0x29EE, 0x29EE, 0x29EE, 0x29EE,
    0x29EE, 0x29EE, 0x29EE, 0x29EE, 0x29EE, 0x29EE, 0x29EE, 0x29EE, 0x29EE, 0x29EE, 0x29EE, 0x29EE, 0x29EE, 0x29EE, 0x29EE, 0x29EE,
    0x29EE, 0x29EE, 0x29EE, 0x29EE, 0x29EE, 0x29EE, 0x29EE, 0x29EE, 0x29EE, 0x29EE, 0x29EE, 0x29EE, 0x29EE, 0x29EE, 0x29EE, 0x29EE,
    0x29EE, 0x29EE, 0x29EE, 0x29EE, 0x29EE, 0x29EE, 0x29EE, 0x29EE, 0x29EE, 0x29EE, 0x29EE, 0x29EE, 0x29EE, 0x29EE, 0x29EE, 0x29EE,
    0x29EE, 0x29EE, 0x29EE, 0x29EE, 0x29EE, 0x29EE, 0x29EE, 0x29EE, 0x29EE, 0x29EE, 0x29EE, 0x29EE, 0x29EE, 0x29EE, 0x29EE, 0x29EE,
    0x29EE, 0x29EE, 0x29EE, 0x29EE, 0x29EE, 0x29EE, 0x29EE, 0x29EE, 0x29EE, 0x29EE, 0x29EE, 0x29EE, 0x29EE, 0x29EE, 0x29EE, 0x29EE,
    0x29EE, 0x29EE, 0x29EE, 0x29EE, 0x29EE, 0x29EE, 0x29EE, 0x29EE, 0x29EE, 0x29EE, 0x29EE, 0x29EE, 0x29EE, 0x29EE, 0x29EE, 0x29EE,
    0x29EE, 0x29EE, 0x29EE, 0x29EE, 0x29EE, 0x29EE, 0x29EE, 0x29EE, 0x29EE, 0x29EE, 0x29EE, 0x29EE, 0x29EE, 0x29EE, 0x29EE, 0x29EE,
    0x29EE, 0x29EE, 0x29EE, 0x29EE, 0x29EE, 0x29EE, 0x29EE, 0x29EE, 0x29EE, 0x29EE, 0x29EE, 0x29EE, 0x29EE, 0x29EE, 0x29EE, 0x29EE,
    0x29EE, 0x29EE, 0x29EE, 0x29EE, 0x29EE, 0x29EE, 0x29EE, 0x29EE, 0x29EE, 0x29EE, 0x29EE, 0x29EE, 0x29EE, 0x29EE, 0x29EE, 0x29EE,
    0x29EE, 0x29EE, 0x29EE, 0x29EE, 0x29EE, 0x29EE, 0x29EE, 0x29EE, 0x29EE, 0x29EE, 0x29EE, 0x29EE, 0x29EE, 0x29EE, 0x29EE, 0x29EE,
    0x29EE, 0x29EE, 0x29EE, 0x29EE, 0x29EE, 0x29EE, 0x29EE, 0x29EE, 0x29EE, 0x29EE, 0x29EE, 0x29EE, 0x29EE, 0x29EE, 0x29EE, 0x29EE,
    0x29EE, 0x29EE, 0x29EE, 0x29EE, 0x29EE, 0x29EE, 0x29EE, 0x29EE, 0x29EE, 0x29EE, 0x29EE, 0x29EE, 0x29EE, 0x29EE, 0x29EE, 0x29EE,
    0x29EE, 0x29EE, 0x29EE, 0x29EE, 0x29EE, 0x29EE, 0x29EE, 0x29EE, 0x29EE, 0x29EE, 0x29EE, 0x29EE, 0x29EE, 0x29EE, 0x29EE, 0x29EE,
    0x29EE, 0x29EE, 0x29EE, 0x29EE, 0x29EE, 0x29EE, 0x29EE, 0x29EE, 0x29EE, 0x29EE, 0x29EE, 0x29EE, 0x29EE, 0x29EE, 0x29EE, 0x29EE,
    0x29EE, 0x29EE, 0x29EE, 0x29EE, 0x29EE, 0x29EE, 0x29EE, 0x29EE, 0x29EE, 0x29EE, 0x29EE, 0x29EE, 0x29EE, 0x29EE, 0x29EE, 0x29EE,
    0x29EE, 0x29EE, 0x29EE, 0x29EE, 0x29EE, 0x29EE, 0x29EE, 0x29EE, 0x29EE, 0x29EE, 0x29EE, 0x29EE, 0x29EE, 0x29EE, 0x29EE, 0x29EE,
    0x29EE, 0x29EE, 0x29EE, 0x29EE, 0x29EE, 0x29EE, 0x29EE, 0x29EE, 0x29EE, 0x29EE, 0x29EE, 0x29EE, 0x29EE, 0x29EE, 0x29EE, 0x29EE,
    0x29EE, 0x29EE, 0x29EE, 0x29EE, 0x29EE, 0x29EE, 0x29EE, 0x29EE, 0x29EE, 0x29EE, 0x29EE, 0x29EE, 0x29EE, 0x29EE, 0x29EE, 0x29EE,
    0x29EE, 0x29EE, 0x29EE, 0x29EE, 0x29EE, 0x29EE, 0x29EE, 0x29EE, 0x29EE, 0x29EE, 0x29EE, 0x29EE, 0x29EE, 0x29EE, 0x29EE, 0x29EE,
    0x29EE, 0x29EE, 0x29EE, 0x29EE, 0x29EE, 0x29EE, 0x29EE, 0x29EE, 0x29EE, 0x29EE, 0x29EE, 0x29EE, 0x29EE, 0x29EE, 0x29EE, 0x29EE,
    0x29EE, 0x29EE, 0x29EE, 0x29EE, 0x29EE, 0x29EE, 0x29EE, 0x29EE, 0x29EE, 0x29EE, 0x29EE, 0x29EE, 0x29EE, 0x29EE, 0x29EE, 0x29EE,
    0x29EE, 0x29EE, 0x29EE, 0x29EE, 0x29EE, 0x29EE, 0x29EE, 0x29EE, 0x29EE, 0x29EE, 0x29EE, 0x29EE, 0x29EE, 0x29EE, 0x29EE, 0x29EE,
    0x29EE, 0x29EE, 0x29EE, 0x29EE, 0x29EE, 0x29EE, 0x29EE, 0x29EE, 0x29EE, 0x29EE, 0x29EE, 0x29EE, 0x29EE, 0x29EE, 0x29EE, 0x29EE,
    0x29EE, 0x29EE, 0x29EE, 0x29EE, 0x29EE, 0x29EE, 0x29EE, 0x29EE, 0x29EE, 0x29EE, 0x29EE, 0x29EE, 0x29EE, 0x29EE, 0x29EE, 0x29EE,
    0x29EE, 0x29EE, 0x29EE, 0x29EE, 0x29EE, 0x29EE, 0x29EE, 0x29EE, 0x29EE, 0x29EE, 0x29EE, 0x29EE, 0x29EE, 0x29EE, 0x29EE, 0x29EE,
    0x29EE, 0x29EE, 0x29EE, 0x29EE, 0x29EE, 0x29EE, 0x29EE, 0x29EE, 0x29EE, 0x29EE, 0x29EE, 0x29EE, 0x29EE, 0x29EE, 0x29EE, 0x29EE,
    0x29EE, 0x29EE, 0x29EE, 0x29EE, 0x29EE, 0x29EE, 0x29EE, 0x29EE, 0x29EE, 0x29EE, 0x29EE, 0x29EE, 0x29EE, 0x29EE, 0x29EE, 0x29EE,
    0x29EE, 0x29EE, 0x29EE, 0x29EE, 0x29EE, 0x29EE, 0x29EE, 0x29EE, 0x29EE, 0x29EE, 0x29EE, 0x29EE, 0x29EE, 0x29EE, 0x29EE, 0x29EE,
    0x29EE, 0x29EE, 0x29EE, 0x29EE, 0x29EE, 0x29EE, 0x29EE, 0x29EE, 0x29EE, 0x29EE, 0x29EE, 0x29EE, 0x29EE, 0x29EE, 0x29EE, 0x29EE,
    0x29EE, 0x29EE, 0x29EE, 0x29EE, 0x29EE, 0x29EE, 0x29EE, 0x29EE, 0x29EE, 0x29EE, 0x29EE, 0x29EE, 0x29EE, 0x29EE, 0x29EE, 0x29EE,
    0x29EE, 0x29EE, 0x29EE, 0x29EE, 0x29EE, 0x29EE, 0x29EE, 0x29EE, 0x29EE, 0x29EE, 0x29EE, 0x29EE, 0x29EE, 0x29EE, 0x29EE, 0x29EE,
    0x29EE, 0x29EE, 0x29EE, 0x29EE, 0x29EE, 0x29EE, 0x29EE, 0x29EE, 0x29EE, 0x29EE, 0x29EE, 0x29EE, 0x29EE, 0x29EE, 0x29EE, 0x29EE,
    0x29EE, 0x29EE, 0x29EE, 0x29EE, 0x29EE, 0x29EE, 0x29EE, 0x29EE, 0x29EE, 0x29EE, 0x29EE, 0x29EE, 0x29EE, 0x29EE, 0x29EE, 0x29EE,
    0x29EE, 0x29EE, 0x29EE, 0x29EE, 0x29EE, 0x29EE, 0x29EE, 0x29EE, 0x29EE, 0x29EE, 0x29EE, 0x29EE, 0x29EE, 0x29EE, 0x29EE, 0x29EE,
    0x29EE, 0x29EE, 0x29EE, 0x29EE, 0x29EE, 0x29EE, 0x29EE, 0x29EE, 0x29EE, 0x29EE, 0x29EE, 0x29EE, 0x29EE, 0x29EE, 0x29EE, 0x29EE,
    0x29EE, 0x29EE, 0x29EE, 0x29EE, 0x29EE, 0x29EE, 0x29EE, 0x29EE, 0x29EE, 0x29EE, 0x29EE, 0x29EE, 0x29EE, 0x29EE, 0x29EE, 0x29EE,
    0x29EE, 0x29EE, 0x29EE, 0x29EE, 0x29EE, 0x29EE, 0x29EE, 0x29EE, 0x29EE, 0x29EE, 0x29EE, 0x29EE, 0x29EE, 0x29EE, 0x29EE, 0x29EE,
    0x29EE, 0x29EE, 0x29EE, 0x29EE, 0x29EE, 0x29EE, 0x29EE, 0x29EE, 0x29EE, 0x29EE, 0x29EE, 0x29EE, 0x29EE, 0x29EE, 0x29EE, 0x29EE,
    0x29EE, 0x29EE, 0x29EE, 0x29EE, 0x29EE, 0x29EE, 0x29EE, 0x29EE, 0x29EE, 0x29EE, 0x29EE, 0x29EE, 0x29EE, 0x29EE, 0x29EE, 0x29EE,
    0x29EE, 0x29EE, 0x29EE, 0x29EE, 0x29EE, 0x29EE, 0x29EE, 0x29EE, 0x29EE, 0x29EE, 0x29EE, 0x29EE, 0x29EE, 0x29EE, 0x29EE, 0x29EE,
    0x29EE, 0x29EE, 0x29EE, 0x29EE, 0x29EE, 0x29EE, 0x29EE, 0x29EE, 0x29EE, 0x29EE, 0x29EE, 0x29EE, 0x29EE, 0x29EE, 0x29EE, 0x29EE,
    0x29EE, 0x29EE, 0x29EE, 0x29EE, 0x29EE, 0x29EE, 0x29EE, 0x29EE, 0x29EE, 0x29EE, 0x29EE, 0x29EE, 0x29EE, 0x29EE, 0x29EE, 0x29EE,
    0x29EE, 0x29EE, 0x29EE, 0x29EE, 0x29EE, 0x29EE, 0x29EE, 0x29EE, 0x29EE, 0x29EE, 0x29EE, 0x29EE, 0x29EE, 0x29EE, 0x29EE, 0x29EE,
    0x29EE, 0x29EE, 0x29EE, 0x29EE, 0x29EE, 0x29EE, 0x29EE, 0x29EE, 0x29EE, 0x29EE, 0x29EE, 0x29EE, 0x29EE, 0x29EE, 0x29EE, 0x29EE,
    0x29EE, 0x29EE, 0x29EE, 0x29EE, 0x29EE, 0x29EE, 0x29EE, 0x29EE, 0x29EE, 0x29EE, 0x29EE, 0x29EE, 0x29EE, 0x29EE, 0x29EE, 0x29EE,
    0x29EE, 0x29EE, 0x29EE, 0x29EE, 0x29EE, 0x29EE, 0x29EE, 0x29EE, 0x29EE, 0x29EE, 0x29EE, 0x29EE, 0x29EE, 0x29EE, 0x29EE, 0x29EE,
    0x29EE, 0x29EE, 0x29EE, 0x29EE, 0x29EE, 0x29EE, 0x29EE, 0x29EE, 0x29EE, 0x29EE, 0x29EE, 0x29EE, 0x29EE, 0x29EE, 0x29EE, 0x29EE,
    0x29EE, 0x29EE, 0x29EE, 0x29EE, 0x29EE, 0x29EE, 0x29EE, 0x29EE, 0x29EE, 0x29EE, 0x29EE, 0x29EE, 0x29EE, 0x29EE, 0x29EE, 0x29EE,
    0x29EE, 0x29EE, 0x29EE, 0x29EE, 0x29EE, 0x29EE, 0x29EE, 0x29EE, 0x29EE, 0x29EE, 0x29EE, 0x29EE, 0x29EE, 0x29EE, 0x29EE, 0x29EE,
    0x29EE, 0x29EE, 0x29EE, 0x29EE, 0x29EE, 0x29EE, 0x29EE, 0x29EE, 0x29EE, 0x29EE, 0x29EE, 0x29EE, 0x29EE, 0x29EE, 0x29EE, 0x29EE,
    0x29EE, 0x29EE, 0x29EE, 0x29EE, 0x29EE, 0x29EE, 0x29EE, 0x29EE, 0x29EE, 0x29EE, 0x29EE, 0x29EE, 0x29EE, 0x29EE, 0x29EE, 0x29EE,
    0x29EE, 0x29EE, 0x29EE, 0x29EE, 0x29EE, 0x29EE, 0x29EE, 0x29EE, 0x29EE, 0x29EE, 0x29EE, 0x29EE, 0x29EE, 0x29EE, 0x29EE, 0x29EE,
    0x29EE, 0x29EE, 0x29EE, 0x29EE, 0x29EE, 0x29EE, 0x29EE, 0x29EE, 0x29EE, 0x29EE, 0x29EE, 0x29EE, 0x29EE, 0x29EE, 0x29EE, 0x29EE,
    0x29EE, 0x29EE, 0x29EE, 0x29EE, 0x29EE, 0x29EE, 0x29EE, 0x29EE, 0x29EE, 0x29EE, 0x29EE, 0x29EE, 0x29EE, 0x29EE, 0x29EE, 0x29EE,
    0x29EE, 0x29EE, 0x29EE, 0x29EE, 0x29EE, 0x29EE, 0x29EE, 0x29EE, 0x29EE, 0x29EE, 0x29EE, 0x29EE, 0x29EE, 0x29EE, 0x29EE, 0x29EE,
    0x29EE, 0x29EE, 0x29EE, 0x29EE, 0x29EE, 0x29EE, 0x29EE, 0x29EE, 0x29EE, 0x29EE, 0x29EE, 0x29EE, 0x29EE, 0x29EE, 0x29EE, 0x29EE,
    0x29EE, 0x29EE, 0x29EE, 0x29EE, 0x29EE, 0x29EE, 0x29EE, 0x29EE, 0x29EE, 0x29EE, 0x29EE, 0x29EE, 0x29EE, 0x29EE, 0x29EE, 0x29EE,
    0x29EE, 0x29EE, 0x29EE, 0x29EE, 0x29EE, 0x29EE, 0x29EE, 0x29EE, 0x29EE, 0x29EE, 0x29EE, 0x29EE, 0x29EE, 0x29EE, 0x29EE, 0x29EE,
    0x29EE, 0x29EE, 0x29EE, 0x29EE, 0x29EE, 0x29EE, 0x29EE, 0x29EE, 0x29EE, 0x29EE, 0x29EE, 0x29EE, 0x29EE, 0x29EE, 0x29EE, 0x29EE,
    0x29EE, 0x29EE, 0x29EE, 0x29EE, 0x29EE, 0x29EE, 0x29EE, 0x29EE, 0x29EE, 0x29EE, 0x29EE, 0x29EE, 0x29EE, 0x29EE, 0x29EE, 0x29EE,
    0x29EE, 0x29EE, 0x29EE, 0x29EE, 0x29EE, 0x29EE, 0x29EE, 0x29EE, 0x29EE, 0x29EE, 0x29EE, 0x29EE, 0x29EE, 0x29EE, 0x29EE, 0x29EE,
    0x29EE, 0x29EE, 0x29EE, 0x29EE, 0x29EE, 0x29EE, 0x29EE, 0x29EE, 0x29EE, 0x29EE, 0x29EE, 0x29EE, 0x29EE, 0x29EE, 0x29EE, 0x29EE,
    0x29EE, 0x29EE, 0x29EE, 0x29EE, 0x29EE, 0x29EE, 0x29EE, 0x29EE, 0x29EE, 0x29EE, 0x29EE, 0x29EE, 0x29EE, 0x29EE, 0x29EE, 0x29EE,
    0x29EE, 0x29EE, 0x29EE, 0x29EE, 0x29EE, 0x29EE, 0x29EE, 0x29EE, 0x29EE, 0x29EE, 0x29EE, 0x29EE, 0x29EE, 0x29EE, 0x29EE, 0x29EE,
    0x29EE, 0x29EE, 0x29EE, 0x29EE, 0x29EE, 0x29EE, 0x29EE, 0x29EE, 0x29EE, 0x29EE, 0x29EE, 0x29EE, 0x29EE, 0x29EE, 0x29EE, 0x29EE,
    0x29EE, 0x29EE, 0x29EE, 0x29EE, 0x29EE, 0x29EE, 0x29EE, 0x29EE, 0x29EE, 0x29EE, 0x29EE, 0x29EE, 0x29EE, 0x29EE, 0x29EE, 0x29EE,
    0x29EE, 0x29EE, 0x29EE, 0x29EE, 0x29EE, 0x29EE, 0x29EE, 0x29EE, 0x29EE, 0x29EE, 0x29EE, 0x29EE, 0x29EE, 0x29EE, 0x29EE, 0x29EE,
    0x29EE, 0x29EE, 0x29EE, 0x29EE, 0x29EE, 0x29EE, 0x29EE, 0x29EE, 0x29EE, 0x29EE, 0x29EE, 0x29EE, 0x29EE, 0x29EE, 0x29EE, 0x29EE,
    0x29EE, 0x29EE, 0x29EE, 0x29EE, 0x29EE, 0x29EE, 0x29EE, 0x29EE, 0x29EE, 0x29EE, 0x29EE, 0x29EE, 0x29EE, 0x29EE, 0x29EE, 0x29EE,
    0x29EE, 0x29EE, 0x29EE, 0x29EE, 0x29EE, 0x29EE, 0x29EE, 0x29EE, 0x29EE, 0x29EE, 0x29EE, 0x29EE, 0x29EE, 0x29EE, 0x29EE, 0x29EE,
    0x29EE, 0x29EE, 0x29EE, 0x29EE, 0x29EE, 0x29EE, 0x29EE, 0x29EE, 0x29EE, 0x29EE, 0x29EE, 0x29EE, 0x29EE, 0x29EE, 0x29EE, 0x29EE,
    0x29EE, 0x29EE, 0x29EE, 0x29EE, 0x29EE, 0x29EE, 0x29EE, 0x29EE, 0x29EE, 0x29EE, 0x29EE, 0x29EE, 0x29EE, 0x29EE, 0x29EE, 0x29EE,
    0x29EE, 0x29EE, 0x29EE, 0x29EE, 0x29EE, 0x29EE, 0x29EE, 0x29EE, 0x29EE, 0x29EE, 0x29EE, 0x29EE, 0x29EE, 0x29EE, 0x29EE, 0x29EE,
    0x29EE, 0x29EE, 0x29EE, 0x29EE, 0x29EE, 0x29EE, 0x29EE, 0x29EE, 0x29EE, 0x29EE, 0x29EE, 0x29EE, 0x29EE, 0x29EE, 0x29EE, 0x29EE,
    0x29EE, 0x29EE, 0x29EE, 0x29EE, 0x29EE, 0x29EE, 0x29EE, 0x29EE, 0x29EE, 0x29EE, 0x29EE, 0x29EE, 0x29EE, 0x29EE, 0x29EE, 0x29EE,
    0x29EE, 0x29EE, 0x29EE, 0x29EE, 0x29EE, 0x29EE, 0x29EE, 0x29EE, 0x29EE, 0x29EE, 0x29EE, 0x29EE, 0x29EE, 0x29EE, 0x29EE, 0x29EE,
    0x29EE, 0x29EE, 0x29EE, 0x29EE, 0x29EE, 0x29EE, 0x29EE, 0x29EE, 0x29EE, 0x29EE, 0x29EE, 0x29EE, 0x29EE, 0x29EE, 0x29EE, 0x29EE,
    0x29EE, 0x29EE, 0x29EE, 0x29EE, 0x29EE, 0x29EE, 0x29EE, 0x29EE, 0x29EE, 0x29EE, 0x29EE, 0x29EE, 0x29EE, 0x29EE, 0x29EE, 0x29EE,
    0x29EE, 0x29EE, 0x29EE, 0x29EE, 0x29EE, 0x29EE, 0x29EE, 0x29EE, 0x29EE, 0x29EE, 0x29EE, 0x29EE, 0x29EE, 0x29EE, 0x29EE, 0x29EE,
    0x29EE, 0x29EE, 0x29EE, 0x29EE, 0x29EE, 0x29EE, 0x29EE, 0x29EE, 0x29EE, 0x29EE, 0x29EE, 0x29EE, 0x29EE, 0x29EE, 0x29EE, 0x29EE,
    0x29EE, 0x29EE, 0x29EE, 0x29EE, 0x29EE, 0x29EE, 0x29EE, 0x29EE, 0x29EE, 0x29EE, 0x29EE, 0x29EE, 0x29EE, 0x29EE, 0x29EE, 0x29EE,
    0x29EE, 0x29EE, 0x29EE, 0x29EE, 0x29EE, 0x29EE, 0x29EE, 0x29EE, 0x29EE, 0x29EE, 0x29EE, 0x29EE, 0x29EE, 0x29EE, 0x29EE, 0x29EE,
    0x29EE, 0x29EE, 0x29EE, 0x29EE, 0x29EE, 0x29EE, 0x29EE, 0x29EE, 0x29EE, 0x29EE, 0x29EE, 0x29EE, 0x29EE, 0x29EE, 0x29EE, 0x29EE,
    0x29EE, 0x29EE, 0x29EE, 0x29EE, 0x29EE, 0x29EE, 0x29EE, 0x29EE, 0x29EE, 0x29EE, 0x29EE, 0x29EE, 0x29EE, 0x29EE, 0x29EE, 0x29EE,
    0x29EE, 0x29EE, 0x29EE, 0x29EE, 0x29EE, 0x29EE, 0x29EE, 0x29EE, 0x29EE, 0x29EE, 0x29EE, 0x29EE, 0x29EE, 0x29EE, 0x29EE, 0x29EE,
    0x29EE, 0x29EE, 0x29EE, 0x29EE, 0x29EE, 0x29EE, 0x29EE, 0x29EE, 0x29EE, 0x29EE, 0x29EE, 0x29EE, 0x29EE, 0x29EE, 0x29EE, 0x29EE,
    0x29EE, 0x29EE, 0x29EE, 0x29EE, 0x29EE, 0x29EE, 0x29EE, 0x29EE, 0x29EE, 0x29EE, 0x29EE, 0x29EE, 0x29EE, 0x29EE, 0x29EE, 0x29EE,
    0x29EE, 0x29EE, 0x29EE, 0x29EE, 0x29EE, 0x29EE, 0x29EE, 0x29EE, 0x29EE, 0x29EE, 0x29EE, 0x29EE, 0x29EE, 0x29EE, 0x29EE, 0x29EE,
    0x29EE, 0x29EE, 0x29EE, 0x29EE, 0x29EE, 0x29EE, 0x29EE, 0x29EE, 0x29EE, 0x29EE, 0x29EE, 0x29EE, 0x29EE, 0x29EE, 0x29EE, 0x29EE,
    0x29EE, 0x29EE, 0x29EE, 0x29EE, 0x29EE, 0x29EE, 0x29EE, 0x29EE, 0x29EE, 0x29EE, 0x29EE, 0x29EE, 0x29EE, 0x29EE, 0x29EE, 0x29EE,
    0x29EE, 0x29EE, 0x29EE, 0x29EE, 0x29EE, 0x29EE, 0x29EE, 0x29EE, 0x29EE, 0x29EE, 0x29EE, 0x29EE, 0x29EE, 0x29EE, 0x29EE, 0x29EE,
    0x29EE, 0x29EE, 0x29EE, 0x29EE, 0x29EE, 0x29EE, 0x29EE, 0x29EE, 0x29EE, 0x29EE, 0x29EE, 0x29EE, 0x29EE, 0x29EE, 0x29EE, 0x29EE,
    0x29EE, 0x29EE, 0x29EE, 0x29EE, 0x29EE, 0x29EE, 0x29EE, 0x29EE, 0x29EE, 0x29EE, 0x29EE, 0x29EE, 0x29EE, 0x29EE, 0x29EE, 0x29EE,
    0x29EE, 0x29EE, 0x29EE, 0x29EE, 0x29EE, 0x29EE, 0x29EE, 0x29EE, 0x29EE, 0x29EE, 0x29EE, 0x29EE, 0x29EE, 0x29EE, 0x29EE, 0x29EE,
    0x29EE, 0x29EE, 0x29EE, 0x29EE, 0x612E, 0x612E, 0x612E, 0x613E, 0x29EE, 0x29EE, 0x29EE, 0x29EE, 0x29EE, 0x29EE, 0x29EE, 0x29EE,
    0x29EE, 0x29EE, 0x29EE, 0x29EE, 0x29EE, 0x29EE, 0x29EE, 0x29EE, 0x29EE, 0x29EE, 0x29EE, 0x29EE, 0x29EE, 0x29EE, 0x29EE, 0x29EE,
    0x29EE, 0x29EE, 0x29EE, 0x29EE, 0x29EE, 0x29EE, 0x29EE, 0x29EE, 0x29EE, 0x29EE, 0x29EE, 0x29EE, 0x29EE, 0x29EE, 0x29EE, 0x29EE,
    0x29EE, 0x29EE, 0x29EE, 0x29EE, 0x29EE, 0x29EE, 0x29EE, 0x29EE, 0x29EE, 0x29EE, 0x29EE, 0x29EE, 0x29EE, 0x29EE, 0x29EE, 0x29EE,
    0x29EE, 0x29EE, 0x29EE, 0x29EE, 0x29EE, 0x29EE, 0x29EE, 0x29EE, 0x29EE, 0x29EE, 0x29EE, 0x29EE, 0x29EE, 0x29EE, 0x29EE, 0x29EE,
    0x29EE, 0x29EE, 0x29EE, 0x29EE, 0x29EE, 0x29EE, 0x29EE, 0x29EE, 0x29EE, 0x29EE, 0x29EE, 0x29EE, 0x29EE, 0x29EE, 0x29EE, 0x29EE,
    0x29EE, 0x29EE, 0x29EE, 0x29EE, 0x29EE, 0x29EE, 0x29EE, 0x29EE, 0x29EE, 0x29EE, 0x29EE, 0x29EE, 0x29EE, 0x29EE, 0x29EE, 0x29EE,
    0x29EE, 0x29EE, 0x29EE, 0x29EE, 0x29EE, 0x29EE, 0x29EE, 0x29EE, 0x29EE, 0x29EE, 0x29EE, 0x29EE, 0x29EE, 0x29EE, 0x29EE, 0x29EE,
    0x29EE, 0x29EE, 0x29EE, 0x29EE, 0x29EE, 0x29EE, 0x29EE, 0x29EE, 0x29EE, 0x29EE, 0x29EE, 0x29EE, 0x29EE, 0x29EE, 0x29EE, 0x29EE,
    0x29EE, 0x29EE, 0x29EE, 0x29EE, 0x29EE, 0x29EE, 0x29EE, 0x29EE, 0x29EE, 0x29EE, 0x29EE, 0x29EE, 0x29EE, 0x29EE, 0x29EE, 0x29EE,
    0x29EE, 0x29EE, 0x29EE, 0x29EE, 0x29EE, 0x29EE, 0x29EE, 0x29EE, 0x29EE, 0x29EE, 0x29EE, 0x29EE, 0x29EE, 0x29EE, 0x29EE, 0x29EE,
    0x29EE, 0x29EE, 0x29EE, 0x29EE, 0x29EE, 0x29EE, 0x29EE, 0x29EE, 0x29EE, 0x29EE, 0x29EE, 0x29EE, 0x29EE, 0x29EE, 0x29EE, 0x29EE,
    0x29EE, 0x29EE, 0x29EE, 0x29EE, 0x29EE, 0x29EE, 0x29EE, 0x29EE, 0x29EE, 0x29EE, 0x29EE, 0x29EE, 0x29EE, 0x29EE, 0x29EE, 0x29EE,
    0x29EE, 0x29EE, 0x29EE, 0x29EE, 0x29EE, 0x29EE, 0x29EE, 0x29EE, 0x29EE, 0x29EE, 0x29EE, 0x29EE, 0x29EE, 0x29EE, 0x29EE, 0x29EE,
    0x29EE, 0x29EE, 0x29EE, 0x29EE, 0x29EE, 0x29EE, 0x29EE, 0x29EE, 0x29EE, 0x29EE, 0x29EE, 0x29EE, 0x29EE, 0x29EE, 0x29EE, 0x29EE,
    0x29EE, 0x29EE, 0x29EE, 0x29EE, 0x29EE, 0x29EE, 0x29EE, 0x29EE, 0x29EE, 0x29EE, 0x29EE, 0x29EE, 0x29EE, 0x29EE, 0x29EE, 0x29EE,
    0x29EE, 0x29EE, 0x29EE, 0x29EE, 0x29EE, 0x29EE, 0x29EE, 0x29EE, 0x29EE, 0x29EE, 0x29EE, 0x29EE, 0x29EE, 0x29EE, 0x29EE, 0x29EE,
    0x29EE, 0x29EE, 0x29EE, 0x29EE, 0x29EE, 0x29EE, 0x29EE, 0x29EE, 0x29EE, 0x29EE, 0x29EE, 0x29EE, 0x29EE, 0x29EE, 0x29EE, 0x29EE,
    0x29EE, 0x29EE, 0x29EE, 0x29EE, 0x29EE, 0x29EE, 0x29EE, 0x29EE, 0x29EE, 0x29EE, 0x29EE, 0x29EE, 0x29EE, 0x29EE, 0x29EE, 0x29EE,
    0x29EE, 0x29EE, 0x29EE, 0x29EE, 0x29EE, 0x29EE, 0x29EE, 0x29EE, 0x29EE, 0x29EE, 0x29EE, 0x29EE, 0x29EE, 0x29EE, 0x29EE, 0x29EE,
    0x29EE, 0x29EE, 0x29EE, 0x29EE, 0x29EE, 0x29EE, 0x29EE, 0x29EE, 0x29EE, 0x29EE, 0x29EE, 0x29EE, 0x29EE, 0x29EE, 0x29EE, 0x29EE,
    0x29EE, 0x29EE, 0x29EE, 0x29EE, 0x29EE, 0x29EE, 0x29EE, 0x29EE, 0x29EE, 0x29EE, 0x29EE, 0x29EE, 0x29EE, 0x29EE, 0x29EE, 0x29EE,
    0x29EE, 0x29EE, 0x29EE, 0x29EE, 0x29EE, 0x29EE, 0x29EE, 0x29EE, 0x29EE, 0x29EE, 0x29EE, 0x29EE, 0x29EE, 0x29EE, 0x29EE, 0x29EE,
    0x29EE, 0x29EE, 0x29EE, 0x29EE, 0x29EE, 0x29EE, 0x29EE, 0x29EE, 0x29EE, 0x29EE, 0x29EE, 0x29EE, 0x29EE, 0x29EE, 0x29EE, 0x29EE,
    0x29EE, 0x29EE, 0x29EE, 0x29EE, 0x29EE, 0x29EE, 0x29EE, 0x29EE, 0x29EE, 0x29EE, 0x29EE, 0x29EE, 0x29EE, 0x29EE, 0x29EE, 0x29EE,
    0x29EE, 0x29EE, 0x29EE, 0x29EE, 0x29EE, 0x29EE, 0x29EE, 0x29EE, 0x29EE, 0x29EE, 0x29EE, 0x29EE, 0x29EE, 0x29EE, 0x29EE, 0x29EE,
    0x29EE, 0x29EE, 0x29EE, 0x29EE, 0x29EE, 0x29EE, 0x29EE, 0x29EE, 0x29EE, 0x29EE, 0x29EE, 0x29EE, 0x29EE, 0x29EE, 0x29EE, 0x29EE,
    0x29EE, 0x29EE, 0x29EE, 0x29EE, 0x29EE, 0x29EE, 0x29EE, 0x29EE, 0x29EE, 0x29EE, 0x29EE, 0x29EE, 0x29EE, 0x29EE, 0x29EE, 0x29EE,
    0x29EE, 0x29EE, 0x29EE, 0x29EE, 0x29EE, 0x29EE, 0x29EE, 0x29EE, 0x29EE, 0x29EE, 0x29EE, 0x29EE, 0x29EE, 0x29EE, 0x29EE, 0x29EE,
    0x29EE, 0x29EE, 0x29EE, 0x29EE, 0x29EE, 0x29EE, 0x29EE, 0x29EE, 0x29EE, 0x29EE, 0x29EE, 0x29EE, 0x29EE, 0x29EE, 0x29EE, 0x29EE,
    0x29EE, 0x29EE, 0x29EE, 0x29EE, 0x29EE, 0x29EE, 0x29EE, 0x29EE, 0x29EE, 0x29EE, 0x29EE, 0x29EE, 0x29EE, 0x29EE, 0x29EE, 0x29EE,
    0x29EE, 0x29EE, 0x29EE, 0x29EE, 0x29EE, 0x29EE, 0x29EE, 0x29EE, 0x29EE, 0x29EE, 0x29EE, 0x29EE, 0x29EE, 0x29EE, 0x29EE, 0x29EE,
    0x29EE, 0x29EE, 0x29EE, 0x29EE, 0x29EE, 0x29EE, 0x29EE, 0x29EE, 0x29EE, 0x29EE, 0x29EE, 0x29EE, 0x29EE, 0x29EE, 0x29EE, 0x29EE,
    0x29EE, 0x29EE, 0x29EE, 0x29EE, 0x29EE, 0x29EE, 0x29EE, 0x29EE, 0x29EE, 0x29EE, 0x29EE, 0x29EE, 0x29EE, 0x29EE, 0x29EE, 0x29EE,
    0x29EE, 0x29EE, 0x29EE, 0x29EE, 0x29EE, 0x29EE, 0x29EE, 0x29EE, 0x29EE, 0x29EE, 0x29EE, 0x29EE, 0x29EE, 0x29EE, 0x29EE, 0x29EE,
    0x29EE, 0x29EE, 0x29EE, 0x29EE, 0x29EE, 0x29EE, 0x29EE, 0x29EE, 0x29EE, 0x29EE, 0x29EE, 0x29EE, 0x29EE, 0x29EE, 0x29EE, 0x29EE,
    0x29EE, 0x29EE, 0x29EE, 0x29EE, 0x29EE, 0x29EE, 0x29EE, 0x29EE, 0x29EE, 0x29EE, 0x29EE, 0x29EE, 0x29EE, 0x29EE, 0x29EE, 0x29EE,
    0x29EE, 0x29EE, 0x29EE, 0x29EE, 0x29EE, 0x29EE, 0x29EE, 0x29EE, 0x29EE, 0x29EE, 0x29EE, 0x29EE, 0x29EE, 0x29EE, 0x29EE, 0x29EE,
    0x29EE, 0x29EE, 0x29EE, 0x29EE, 0x29EE, 0x29EE, 0x29EE, 0x29EE, 0x29EE, 0x29EE, 0x29EE, 0x29EE, 0x29EE, 0x29EE, 0x29EE, 0x29EE,
    0x29EE, 0x29EE, 0x29EE, 0x29EE, 0x29EE, 0x29EE, 0x29EE, 0x29EE, 0x29EE, 0x29EE, 0x29EE, 0x29EE, 0x29EE, 0x29EE, 0x29EE, 0x29EE,
    0x29EE, 0x29EE, 0x29EE, 0x29EE, 0x29EE, 0x29EE, 0x29EE, 0x29EE, 0x29EE, 0x29EE, 0x29EE, 0x29EE, 0x29EE, 0x29EE, 0x29EE, 0x29EE,
    0x29EE, 0x29EE, 0x29EE, 0x29EE, 0x29EE, 0x29EE, 0x29EE, 0x29EE, 0x29EE, 0x29EE, 0x29EE, 0x29EE, 0x29EE, 0x29EE, 0x29EE, 0x29EE,
    0x29EE, 0x29EE, 0x29EE, 0x29EE, 0x29EE, 0x29EE, 0x29EE, 0x29EE, 0x29EE, 0x29EE, 0x29EE, 0x29EE, 0x29EE, 0x29EE, 0x29EE, 0x29EE,
    0x29EE, 0x29EE, 0x29EE, 0x29EE, 0x29EE, 0x29EE, 0x29EE, 0x29EE, 0x29EE, 0x29EE, 0x29EE, 0x29EE, 0x29EE, 0x29EE, 0x29EE, 0x29EE,
    0x29EE, 0x29EE, 0x29EE, 0x29EE, 0x29EE, 0x29EE, 0x29EE, 0x29EE, 0x29EE, 0x29EE, 0x29EE, 0x29EE, 0x29EE, 0x29EE, 0x29EE, 0x29EE,
    0x29EE, 0x29EE, 0x29EE, 0x29EE, 0x29EE, 0x29EE, 0x29EE, 0x29EE, 0x29EE, 0x29EE, 0x29EE, 0x29EE, 0x29EE, 0x29EE, 0x29EE, 0x29EE,
    0x29EE, 0x29EE, 0x29EE, 0x29EE, 0x29EE, 0x29EE, 0x29EE, 0x29EE, 0x29EE, 0x29EE, 0x29EE, 0x29EE, 0x29EE, 0x29EE, 0x29EE, 0x29EE,
    0x29EE, 0x29EE, 0x29EE, 0x29EE, 0x29EE, 0x29EE, 0x29EE, 0x29EE, 0x29EE, 0x29EE, 0x29EE, 0x29EE, 0x29EE, 0x29EE, 0x29EE, 0x29EE,
    0x29EE, 0x29EE, 0x29EE, 0x29EE, 0x29EE, 0x29EE, 0x29EE, 0x29EE, 0x29EE, 0x29EE, 0x29EE, 0x29EE, 0x29EE, 0x29EE, 0x29EE, 0x29EE,
    0x29EE, 0x29EE, 0x29EE, 0x29EE, 0x29EE, 0x29EE, 0x29EE, 0x29EE, 0x29EE, 0x29EE, 0x29EE, 0x29EE, 0x29EE, 0x29EE, 0x29EE, 0x29EE,
    0x29EE, 0x29EE, 0x29EE, 0x29EE, 0x29EE, 0x29EE, 0x29EE, 0x29EE, 0x29EE, 0x29EE, 0x29EE, 0x29EE, 0x29EE, 0x29EE, 0x29EE, 0x29EE,
    0x29EE, 0x29EE, 0x29EE, 0x29EE, 0x29EE, 0x29EE, 0x29EE, 0x29EE, 0x29EE, 0x29EE, 0x29EE, 0x29EE, 0x29EE, 0x29EE, 0x29EE, 0x29EE,
    0x29EE, 0x29EE, 0x29EE, 0x29EE, 0x29EE, 0x29EE, 0x29EE, 0x29EE, 0x29EE, 0x29EE, 0x29EE, 0x29EE, 0x29EE, 0x29EE, 0x29EE, 0x29EE,
    0x29EE, 0x29EE, 0x29EE, 0x29EE, 0x29EE, 0x29EE, 0x29EE, 0x29EE, 0x29EE, 0x29EE, 0x29EE, 0x29EE, 0x29EE, 0x29EE, 0x29EE, 0x29EE,
    0x29EE, 0x29EE, 0x29EE, 0x29EE, 0x29EE, 0x29EE, 0x29EE, 0x29EE, 0x29EE, 0x29EE, 0x29EE, 0x29EE, 0x29EE, 0x29EE, 0x29EE, 0x29EE,
    0x29EE, 0x29EE, 0x29EE, 0x29EE, 0x29EE, 0x29EE, 0x29EE, 0x29EE, 0x29EE, 0x29EE, 0x29EE, 0x29EE, 0x29EE, 0x29EE, 0x29EE, 0x29EE,
    0x29EE, 0x29EE, 0x29EE, 0x29EE, 0x29EE, 0x29EE, 0x29EE, 0x29EE, 0x29EE, 0x29EE, 0x29EE, 0x29EE, 0x29EE, 0x29EE, 0x29EE, 0x29EE,
    0x29EE, 0x29EE, 0x29EE, 0x29EE, 0x29EE, 0x29EE, 0x29EE, 0x29EE, 0x29EE, 0x29EE, 0x29EE, 0x29EE, 0x29EE, 0x29EE, 0x29EE, 0x29EE,
    0x29EE, 0x29EE, 0x29EE, 0x29EE, 0x29EE, 0x29EE, 0x29EE, 0x29EE, 0x29EE, 0x29EE, 0x29EE, 0x29EE, 0x29EE, 0x29EE, 0x29EE, 0x29EE,
    0x29EE, 0x29EE, 0x29EE, 0x29EE, 0x29EE, 0x29EE, 0x29EE, 0x29EE, 0x29EE, 0x29EE, 0x29EE, 0x29EE, 0x29EE, 0x29EE, 0x29EE, 0x29EE,
    0x29EE, 0x29EE, 0x29EE, 0x29EE, 0x29EE, 0x29EE, 0x29EE, 0x29EE, 0x29EE, 0x29EE, 0x29EE, 0x29EE, 0x29EE, 0x29EE, 0x29EE, 0x29EE,
    0x29EE, 0x29EE, 0x29EE, 0x29EE, 0x29EE, 0x29EE, 0x29EE, 0x29EE, 0x29EE, 0x29EE, 0x29EE, 0x29EE, 0x29EE, 0x29EE, 0x29EE, 0x29EE,
    0x29EE, 0x29EE, 0x29EE, 0x29EE, 0x29EE, 0x29EE, 0x29EE, 0x29EE, 0x29EE, 0x29EE, 0x29EE, 0x29EE, 0x29EE, 0x29EE, 0x29EE, 0x29EE,
    0x29EE, 0x29EE, 0x29EE, 0x29EE, 0x29EE, 0x29EE, 0x29EE, 0x29EE, 0x29EE, 0x29EE, 0x29EE, 0x29EE, 0x29EE, 0x29EE, 0x29EE, 0x29EE,
    0x29EE, 0x29EE, 0x29EE, 0x29EE, 0x29EE, 0x29EE, 0x29EE, 0x29EE, 0x29EE, 0x29EE, 0x29EE, 0x29EE, 0x29EE, 0x29EE, 0x29EE, 0x29EE,
    0x29EE, 0x29EE, 0x29EE, 0x29EE, 0x29EE, 0x29EE, 0x29EE, 0x29EE, 0x29EE, 0x29EE, 0x29EE, 0x29EE, 0x29EE, 0x29EE, 0x29EE, 0x29EE,
    0x29EE, 0x29EE, 0x29EE, 0x29EE, 0x29EE, 0x29EE, 0x29EE, 0x29EE, 0x29EE, 0x29EE, 0x29EE, 0x29EE, 0x29EE, 0x29EE, 0x29EE, 0x29EE,
    0x29EE, 0x29EE, 0x29EE, 0x29EE, 0x29EE, 0x29EE, 0x29EE, 0x29EE, 0x29EE, 0x29EE, 0x29EE, 0x29EE, 0x29EE, 0x29EE, 0x29EE, 0x29EE,
    0x29EE, 0x29EE, 0x29EE, 0x29EE, 0x29EE, 0x29EE, 0x29EE, 0x29EE, 0x29EE, 0x29EE, 0x29EE, 0x29EE, 0x29EE, 0x29EE, 0x29EE, 0x29EE,
    0x29EE, 0x29EE, 0x29EE, 0x29EE, 0x29EE, 0x29EE, 0x29EE, 0x29EE, 0x29EE, 0x29EE, 0x29EE, 0x29EE, 0x29EE, 0x29EE, 0x29EE, 0x29EE,
    0x29EE, 0x29EE, 0x29EE, 0x29EE, 0x29EE, 0x29EE, 0x29EE, 0x29EE, 0x29EE, 0x29EE, 0x29EE, 0x29EE, 0x29EE, 0x29EE, 0x29EE, 0x29EE,
    0x29EE, 0x29EE, 0x29EE, 0x29EE, 0x29EE, 0x29EE, 0x29EE, 0x29EE, 0x29EE, 0x29EE, 0x29EE, 0x29EE, 0x29EE, 0x29EE, 0x29EE, 0x29EE,
    0x29EE, 0x29EE, 0x29EE, 0x29EE, 0x29EE, 0x29EE, 0x29EE, 0x29EE, 0x29EE, 0x29EE, 0x29EE, 0x29EE, 0x29EE, 0x29EE, 0x29EE, 0x29EE,
    0x29EE, 0x29EE, 0x29EE, 0x29EE, 0x29EE, 0x29EE, 0x29EE, 0x29EE, 0x29EE, 0x29EE, 0x29EE, 0x29EE, 0x29EE, 0x29EE, 0x29EE, 0x29EE,
    0x29EE, 0x29EE, 0x29EE, 0x29EE, 0x29EE, 0x29EE, 0x29EE, 0x29EE, 0x29EE, 0x29EE, 0x29EE, 0x29EE, 0x29EE, 0x29EE, 0x29EE, 0x29EE,
    0x29EE, 0x29EE, 0x29EE, 0x29EE, 0x29EE, 0x29EE, 0x29EE, 0x29EE, 0x29EE, 0x29EE, 0x29EE, 0x29EE, 0x29EE, 0x29EE, 0x29EE, 0x29EE,
    0x29EE, 0x29EE, 0x29EE, 0x29EE, 0x29EE, 0x29EE, 0x29EE, 0x29EE, 0x29EE, 0x29EE, 0x29EE, 0x29EE, 0x29EE, 0x29EE, 0x29EE, 0x29EE,
    0x29EE, 0x29EE, 0x29EE, 0x29EE, 0x29EE, 0x29EE, 0x29EE, 0x29EE, 0x29EE, 0x29EE, 0x29EE, 0x29EE, 0x29EE, 0x29EE, 0x29EE, 0x29EE,
    0x29EE, 0x29EE, 0x29EE, 0x29EE, 0x29EE, 0x29EE, 0x29EE, 0x29EE, 0x29EE, 0x29EE, 0x29EE, 0x29EE, 0x29EE, 0x29EE, 0x29EE, 0x29EE,
    0x29EE, 0x29EE, 0x29EE, 0x29EE, 0x29EE, 0x29EE, 0x29EE, 0x29EE, 0x29EE, 0x29EE, 0x29EE, 0x29EE, 0x29EE, 0x29EE, 0x29EE, 0x29EE,
    0x29EE, 0x29EE, 0x29EE, 0x29EE, 0x29EE, 0x29EE, 0x29EE, 0x29EE, 0x29EE, 0x29EE, 0x29EE, 0x29EE, 0x29EE, 0x29EE, 0x29EE, 0x29EE,
    0x29EE, 0x29EE, 0x29EE, 0x29EE, 0x29EE, 0x29EE, 0x29EE, 0x29EE, 0x29EE, 0x29EE, 0x29EE, 0x29EE, 0x29EE, 0x29EE, 0x29EE, 0x29EE,
    0x29EE, 0x29EE, 0x29EE, 0x29EE, 0x29EE, 0x29EE, 0x29EE, 0x29EE, 0x29EE, 0x29EE, 0x29EE, 0x29EE, 0x29EE, 0x29EE, 0x29EE, 0x29EE,
    0x29EE, 0x29EE, 0x29EE, 0x29EE, 0x29EE, 0x29EE, 0x29EE, 0x29EE, 0x29EE, 0x29EE, 0x29EE, 0x29EE, 0x29EE, 0x29EE, 0x29EE, 0x29EE,
    0x29EE, 0x29EE, 0x29EE, 0x29EE, 0x29EE, 0x29EE, 0x29EE, 0x29EE, 0x29EE, 0x29EE, 0x29EE, 0x29EE, 0x29EE, 0x29EE, 0x29EE, 0x29EE,
    0x29EE, 0x29EE, 0x29EE, 0x29EE, 0x29EE, 0x29EE, 0x29EE, 0x29EE, 0x29EE, 0x29EE, 0x29EE, 0x29EE, 0x29EE, 0x29EE, 0x29EE, 0x29EE,
    0x29EE, 0x29EE, 0x29EE, 0x29EE, 0x29EE, 0x29EE, 0x29EE, 0x29EE, 0x29EE, 0x29EE, 0x29EE, 0x29EE, 0x29EE, 0x29EE, 0x29EE, 0x29EE,
    0x29EE, 0x29EE, 0x29EE, 0x29EE, 0x29EE, 0x29EE, 0x29EE, 0x29EE, 0x29EE, 0x29EE, 0x29EE, 0x29EE, 0x29EE, 0x29EE, 0x29EE, 0x29EE,
    0x29EE, 0x29EE, 0x29EE, 0x29EE, 0x29EE, 0x29EE, 0x29EE, 0x29EE, 0x29EE, 0x29EE, 0x29EE, 0x29EE, 0x29EE, 0x29EE, 0x29EE, 0x29EE,
    0x29EE, 0x29EE, 0x29EE, 0x29EE, 0x29EE, 0x29EE, 0x29EE, 0x29EE, 0x29EE, 0x29EE, 0x29EE, 0x29EE, 0x29EE, 0x29EE, 0x29EE, 0x29EE,
    0x29EE, 0x29EE, 0x29EE, 0x29EE, 0x29EE, 0x29EE, 0x29EE, 0x29EE, 0x29EE, 0x29EE, 0x29EE, 0x29EE, 0x29EE, 0x29EE, 0x29EE, 0x29EE,
    0x29EE, 0x29EE, 0x29EE, 0x29EE, 0x29EE, 0x29EE, 0x29EE, 0x29EE, 0x29EE, 0x29EE, 0x29EE, 0x29EE, 0x29EE, 0x29EE, 0x29EE, 0x29EE,
    0x29EE, 0x29EE, 0x29EE, 0x29EE, 0x29EE, 0x29EE, 0x29EE, 0x29EE, 0x29EE, 0x29EE, 0x29EE, 0x29EE, 0x29EE, 0x29EE, 0x29EE, 0x29EE,
    0x29EE, 0x29EE, 0x29EE, 0x29EE, 0x29EE, 0x29EE, 0x29EE, 0x29EE, 0x29EE, 0x29EE, 0x29EE, 0x29EE, 0x29EE, 0x29EE, 0x29EE, 0x29EE,
    0x29EE, 0x29EE, 0x29EE, 0x29EE, 0x29EE, 0x29EE, 0x29EE, 0x29EE, 0x29EE, 0x29EE, 0x29EE, 0x29EE, 0x29EE, 0x29EE, 0x29EE, 0x29EE,
    0x29EE, 0x29EE, 0x29EE, 0x29EE, 0x29EE, 0x29EE, 0x29EE, 0x29EE, 0x29EE, 0x29EE, 0x29EE, 0x29EE, 0x29EE, 0x29EE, 0x29EE, 0x29EE,
    0x29EE, 0x29EE, 0x29EE, 0x29EE, 0x29EE, 0x29EE, 0x29EE, 0x29EE, 0x29EE, 0x29EE, 0x29EE, 0x29EE, 0x29EE, 0x29EE, 0x29EE, 0x29EE,
    0x29EE, 0x29EE, 0x29EE, 0x29EE, 0x29EE, 0x29EE, 0x29EE, 0x29EE, 0x29EE, 0x29EE, 0x29EE, 0x29EE, 0x29EE, 0x29EE, 0x29EE, 0x29EE,
    0x29EE, 0x29EE, 0x29EE, 0x29EE, 0x29EE, 0x29EE, 0x29EE, 0x29EE, 0x29EE, 0x29EE, 0x29EE, 0x29EE, 0x29EE, 0x29EE, 0x29EE, 0x29EE,
    0x29EE, 0x29EE, 0x29EE, 0x29EE, 0x29EE, 0x29EE, 0x29EE, 0x29EE, 0x29EE, 0x29EE, 0x29EE, 0x29EE, 0x29EE, 0x29EE, 0x29EE, 0x29EE,
    0x29EE, 0x29EE, 0x29EE, 0x29EE, 0x29EE, 0x29EE, 0x29EE, 0x29EE, 0x29EE, 0x29EE, 0x29EE, 0x29EE, 0x29EE, 0x29EE, 0x29EE, 0x29EE,
    0x29EE, 0x29EE, 0x29EE, 0x29EE, 0x29EE, 0x29EE, 0x29EE, 0x29EE, 0x29EE, 0x29EE, 0x29EE, 0x29EE, 0x29EE, 0x29EE, 0x29EE, 0x29EE,
    0x29EE, 0x29EE, 0x29EE, 0x29EE, 0x29EE, 0x29EE, 0x29EE, 0x29EE, 0x29EE, 0x29EE, 0x29EE, 0x29EE, 0x29EE, 0x29EE, 0x29EE, 0x29EE,
    0x29EE, 0x29EE, 0x29EE, 0x29EE, 0x29EE, 0x29EE, 0x29EE, 0x29EE, 0x29EE, 0x29EE, 0x29EE, 0x29EE, 0x29EE, 0x29EE, 0x29EE, 0x29EE,
    0x29EE, 0x29EE, 0x29EE, 0x29EE, 0x29EE, 0x29EE, 0x29EE, 0x29EE, 0x29EE, 0x29EE, 0x29EE, 0x29EE, 0x29EE, 0x29EE, 0x29EE, 0x29EE,
    0x29EE, 0x29EE, 0x29EE, 0x29EE, 0x29EE, 0x29EE, 0x29EE, 0x29EE, 0x29EE, 0x29EE, 0x29EE, 0x29EE, 0x29EE, 0x29EE, 0x29EE, 0x29EE,
    0x29EE, 0x29EE, 0x29EE, 0x29EE, 0x29EE, 0x29EE, 0x29EE, 0x29EE, 0x29EE, 0x29EE, 0x29EE, 0x29EE, 0x29EE, 0x29EE, 0x29EE, 0x29EE,
    0x29EE, 0x29EE, 0x29EE, 0x29EE, 0x29EE, 0x29EE, 0x29EE, 0x29EE, 0x29EE, 0x29EE, 0x29EE, 0x29EE, 0x29EE, 0x29EE, 0x29EE, 0x29EE,
    0x29EE, 0x29EE, 0x29EE, 0x29EE, 0x29EE, 0x29EE, 0x29EE, 0x29EE, 0x29EE, 0x29EE, 0x29EE, 0x29EE, 0x29EE, 0x29EE, 0x29EE, 0x29EE,
    0x29EE, 0x29EE, 0x29EE, 0x29EE, 0x29EE, 0x29EE, 0x29EE, 0x29EE, 0x29EE, 0x29EE, 0x29EE, 0x29EE, 0x29EE, 0x29EE, 0x29EE, 0x29EE,
    0x29EE, 0x29EE, 0x29EE, 0x29EE, 0x29EE, 0x29EE, 0x29EE, 0x29EE, 0x29EE, 0x29EE, 0x29EE, 0x29EE, 0x29EE, 0x29EE, 0x29EE, 0x29EE,
    0x29EE, 0x29EE, 0x29EE, 0x29EE, 0x29EE, 0x29EE, 0x29EE, 0x29EE, 0x29EE, 0x29EE, 0x29EE, 0x29EE, 0x29EE, 0x29EE, 0x29EE, 0x29EE,
    0x29EE, 0x29EE, 0x29EE, 0x29EE, 0x29EE, 0x29EE, 0x29EE, 0x29EE, 0x29EE, 0x29EE, 0x29EE, 0x29EE, 0x29EE, 0x29EE, 0x29EE, 0x29EE,
    0x29EE, 0x29EE, 0x29EE, 0x29EE, 0x29EE, 0x29EE, 0x29EE, 0x29EE, 0x29EE, 0x29EE, 0x29EE, 0x29EE, 0x29EE, 0x29EE, 0x29EE, 0x29EE,
    0x29EE, 0x29EE, 0x29EE, 0x29EE, 0x29EE, 0x29EE, 0x29EE, 0x29EE, 0x29EE, 0x29EE, 0x29EE, 0x29EE, 0x29EE, 0x29EE, 0x29EE, 0x29EE,
    0x29EE, 0x29EE, 0x29EE, 0x29EE, 0x29EE, 0x29EE, 0x29EE, 0x29EE, 0x29EE, 0x29EE, 0x29EE, 0x29EE, 0x29EE, 0x29EE, 0x29EE, 0x29EE,
    0x29EE, 0x29EE, 0x29EE, 0x29EE, 0x29EE, 0x29EE, 0x29EE, 0x29EE, 0x29EE, 0x29EE, 0x29EE, 0x29EE, 0x29EE, 0x29EE, 0x29EE, 0x29EE,
    0x29EE, 0x29EE, 0x29EE, 0x29EE, 0x29EE, 0x29EE, 0x29EE, 0x29EE, 0x29EE, 0x29EE, 0x29EE, 0x29EE, 0x29EE, 0x29EE, 0x29EE, 0x29EE,
    0x29EE, 0x29EE, 0x29EE, 0x29EE, 0x29EE, 0x29EE, 0x29EE, 0x29EE, 0x29EE, 0x29EE, 0x29EE, 0x29EE, 0x29EE, 0x29EE, 0x29EE, 0x29EE,
    0x29EE, 0x29EE, 0x29EE, 0x29EE, 0x29EE, 0x29EE, 0x29EE, 0x29EE, 0x29EE, 0x29EE, 0x29EE, 0x29EE, 0x29EE, 0x29EE, 0x29EE, 0x29EE,
    0x29EE, 0x29EE, 0x29EE, 0x29EE, 0x29EE, 0x29EE, 0x29EE, 0x29EE, 0x29EE, 0x29EE, 0x29EE, 0x29EE, 0x29EE, 0x29EE, 0x29EE, 0x29EE,
    0x29EE, 0x29EE, 0x29EE, 0x29EE, 0x29EE, 0x29EE, 0x29EE, 0x29EE, 0x29EE, 0x29EE, 0x29EE, 0x29EE, 0x29EE, 0x29EE, 0x29EE, 0x29EE,
    0x29EE, 0x29EE, 0x29EE, 0x29EE, 0x29EE, 0x29EE, 0x29EE, 0x29EE, 0x29EE, 0x29EE, 0x29EE, 0x29EE, 0x29EE, 0x29EE, 0x29EE, 0x29EE,
    0x29EE, 0x29EE, 0x29EE, 0x29EE, 0x29EE, 0x29EE, 0x29EE, 0x29EE, 0x29EE, 0x29EE, 0x29EE, 0x29EE, 0x29EE, 0x29EE, 0x29EE, 0x29EE,
    0x29EE, 0x29EE, 0x29EE, 0x29EE, 0x29EE, 0x29EE, 0x29EE, 0x29EE, 0x29EE, 0x29EE, 0x29EE, 0x29EE, 0x29EE, 0x29EE, 0x29EE, 0x29EE,
    0x29EE, 0x29EE, 0x29EE, 0x29EE, 0x29EE, 0x29EE, 0x29EE, 0x29EE, 0x29EE, 0x29EE, 0x29EE, 0x29EE, 0x29EE, 0x29EE, 0x29EE, 0x29EE,
    0x29EE, 0x29EE, 0x29EE, 0x29EE, 0x29EE, 0x29EE, 0x29EE, 0x29EE, 0x29EE, 0x29EE, 0x29EE, 0x29EE, 0x29EE, 0x29EE, 0x29EE, 0x29EE,
    0x29EE, 0x29EE, 0x29EE, 0x29EE, 0x29EE, 0x29EE, 0x29EE, 0x29EE, 0x29EE, 0x29EE, 0x29EE, 0x29EE, 0x29EE, 0x29EE, 0x29EE, 0x29EE,
    0x29EE, 0x29EE, 0x29EE, 0x29EE, 0x29EE, 0x29EE, 0x29EE, 0x29EE, 0x29EE, 0x29EE, 0x29EE, 0x29EE, 0x29EE, 0x29EE, 0x29EE, 0x29EE,
    0x29EE, 0x29EE, 0x29EE, 0x29EE, 0x29EE, 0x29EE, 0x29EE, 0x29EE, 0x29EE, 0x29EE, 0x29EE, 0x29EE, 0x29EE, 0x29EE, 0x29EE, 0x29EE,
    0x29EE, 0x29EE, 0x29EE, 0x29EE, 0x29EE, 0x29EE, 0x29EE, 0x29EE, 0x29EE, 0x29EE, 0x29EE, 0x29EE, 0x29EE, 0x29EE, 0x29EE, 0x29EE,
    0x29EE, 0x29EE, 0x29EE, 0x29EE, 0x29EE, 0x29EE, 0x29EE, 0x29EE, 0x29EE, 0x29EE, 0x29EE, 0x29EE, 0x29EE, 0x29EE, 0x29EE, 0x29EE,
    0x29EE, 0x29EE, 0x29EE, 0x29EE, 0x29EE, 0x29EE, 0x29EE, 0x29EE, 0x29EE, 0x29EE, 0x29EE, 0x29EE, 0x29EE, 0x29EE, 0x29EE, 0x29EE,
    0x29EE, 0x29EE, 0x29EE, 0x29EE, 0x29EE, 0x29EE, 0x29EE, 0x29EE, 0x29EE, 0x29EE, 0x29EE, 0x29EE, 0x29EE, 0x29EE, 0x29EE, 0x29EE,
    0x29EE, 0x29EE, 0x29EE, 0x29EE, 0x29EE, 0x29EE, 0x29EE, 0x29EE, 0x29EE, 0x29EE, 0x29EE, 0x29EE, 0x29EE, 0x29EE, 0x29EE, 0x29EE,
    0x29EE, 0x29EE, 0x29EE, 0x29EE, 0x29EE, 0x29EE, 0x29EE, 0x29EE, 0x29EE, 0x29EE, 0x29EE, 0x29EE, 0x29EE, 0x29EE, 0x29EE, 0x29EE,
    0x29EE, 0x29EE, 0x29EE, 0x29EE, 0x29EE, 0x29EE, 0x29EE, 0x29EE, 0x29EE, 0x29EE, 0x29EE, 0x29EE, 0x29EE, 0x29EE, 0x29EE, 0x29EE,
    0x29EE, 0x29EE, 0x29EE, 0x29EE, 0x29EE, 0x29EE, 0x29EE, 0x29EE, 0x29EE, 0x29EE, 0x29EE, 0x29EE, 0x29EE, 0x29EE, 0x29EE, 0x29EE,
    0x29EE, 0x29EE, 0x29EE, 0x29EE, 0x29EE, 0x29EE, 0x29EE, 0x29EE, 0x29EE, 0x29EE, 0x29EE, 0x29EE, 0x29EE, 0x29EE, 0x29EE, 0x29EE,
    0x29EE, 0x29EE, 0x29EE, 0x29EE, 0x29EE, 0x29EE, 0x29EE, 0x29EE, 0x29EE, 0x29EE, 0x29EE, 0x29EE, 0x29EE, 0x29EE, 0x29EE, 0x29EE,
    0x29EE, 0x29EE, 0x29EE, 0x29EE, 0x29EE, 0x29EE, 0x29EE, 0x29EE, 0x29EE, 0x29EE, 0x29EE, 0x29EE, 0x29EE, 0x29EE, 0x29EE, 0x29EE,
    0x29EE, 0x29EE, 0x29EE, 0x29EE, 0x29EE, 0x29EE, 0x29EE, 0x29EE, 0x29EE, 0x29EE, 0x29EE, 0x29EE, 0x29EE, 0x29EE, 0x29EE, 0x29EE,
    0x29EE, 0x29EE, 0x29EE, 0x29EE, 0x29EE, 0x29EE, 0x29EE, 0x29EE, 0x29EE, 0x29EE, 0x29EE, 0x29EE, 0x29EE, 0x29EE, 0x29EE, 0x29EE,
    0x29EE, 0x29EE, 0x29EE, 0x29EE, 0x29EE, 0x29EE, 0x29EE, 0x29EE, 0x29EE, 0x29EE, 0x29EE, 0x29EE, 0x29EE, 0x29EE, 0x29EE, 0x29EE,
    0x29EE, 0x29EE, 0x29EE, 0x29EE, 0x29EE, 0x29EE, 0x29EE, 0x29EE, 0x29EE, 0x29EE, 0x29EE, 0x29EE, 0x29EE, 0x29EE, 0x29EE, 0x29EE,
    0x29EE, 0x29EE, 0x29EE, 0x29EE, 0x29EE, 0x29EE, 0x29EE, 0x29EE, 0x29EE, 0x29EE, 0x29EE, 0x29EE, 0x29EE, 0x29EE, 0x29EE, 0x29EE,
    0x29EE, 0x29EE, 0x29EE, 0x29EE, 0x29EE, 0x29EE, 0x29EE, 0x29EE, 0x29EE, 0x29EE, 0x29EE, 0x29EE, 0x29EE, 0x29EE, 0x29EE, 0x29EE,
    0x29EE, 0x29EE, 0x29EE, 0x29EE, 0x29EE, 0x29EE, 0x29EE, 0x29EE, 0x29EE, 0x29EE, 0x29EE, 0x29EE, 0x29EE, 0x29EE, 0x29EE, 0x29EE,
    0x29EE, 0x29EE, 0x29EE, 0x29EE, 0x29EE, 0x29EE, 0x29EE, 0x29EE, 0x29EE, 0x29EE, 0x29EE, 0x29EE, 0x29EE, 0x29EE, 0x29EE, 0x29EE,
    0x29EE, 0x29EE, 0x29EE, 0x29EE, 0x29EE, 0x29EE, 0x29EE, 0x29EE, 0x29EE, 0x29EE, 0x29EE, 0x29EE, 0x29EE, 0x29EE, 0x29EE, 0x29EE,
    0x29EE, 0x29EE, 0x29EE, 0x29EE, 0x29EE, 0x29EE, 0x29EE, 0x29EE, 0x29EE, 0x29EE, 0x29EE, 0x29EE, 0x29EE, 0x29EE, 0x29EE, 0x29EE,
    0x29EE, 0x29EE, 0x29EE, 0x29EE, 0x29EE, 0x29EE, 0x29EE, 0x29EE, 0x29EE, 0x29EE, 0x29EE, 0x29EE, 0x29EE, 0x29EE, 0x29EE, 0x29EE,
    0x29EE, 0x29EE, 0x29EE, 0x29EE, 0x29EE, 0x29EE, 0x29EE, 0x29EE, 0x29EE, 0x29EE, 0x29EE, 0x29EE, 0x29EE, 0x29EE, 0x29EE, 0x29EE,
    0x29EE, 0x29EE, 0x29EE, 0x29EE, 0x29EE, 0x29EE, 0x29EE, 0x29EE, 0x29EE, 0x29EE, 0x29EE, 0x29EE, 0x29EE, 0x29EE, 0x29EE, 0x29EE,
    0x29EE, 0x29EE, 0x29EE, 0x29EE, 0x29EE, 0x29EE, 0x29EE, 0x29EE, 0x29EE, 0x29EE, 0x29EE, 0x29EE, 0x29EE, 0x29EE, 0x29EE, 0x29EE,
    0x29EE, 0x29EE, 0x29EE, 0x29EE, 0x29EE, 0x29EE, 0x29EE, 0x29EE, 0x29EE, 0x29EE, 0x29EE, 0x29EE, 0x29EE, 0x29EE, 0x29EE, 0x29EE,
    0x29EE, 0x29EE, 0x29EE, 0x29EE, 0x29EE, 0x29EE, 0x29EE, 0x29EE, 0x29EE, 0x29EE, 0x29EE, 0x29EE, 0x29EE, 0x29EE, 0x29EE, 0x29EE,
    0x29EE, 0x29EE, 0x29EE, 0x29EE, 0x29EE, 0x29EE, 0x29EE, 0x29EE, 0x29EE, 0x29EE, 0x29EE, 0x29EE, 0x29EE, 0x29EE, 0x29EE, 0x29EE,
    0x29EE, 0x29EE, 0x29EE, 0x29EE, 0x29EE, 0x29EE, 0x29EE, 0x29EE, 0x29EE, 0x29EE, 0x29EE, 0x29EE, 0x29EE, 0x29EE, 0x29EE, 0x29EE,
    0x29EE, 0x29EE, 0x29EE, 0x29EE, 0x29EE, 0x29EE, 0x29EE, 0x29EE, 0x29EE, 0x29EE, 0x29EE, 0x29EE, 0x29EE, 0x29EE, 0x29EE, 0x29EE,
    0x29EE, 0x29EE, 0x29EE, 0x29EE, 0x29EE, 0x29EE, 0x29EE, 0x29EE, 0x29EE, 0x29EE, 0x29EE, 0x29EE, 0x29EE, 0x29EE, 0x29EE, 0x29EE,
    0x29EE, 0x29EE, 0x29EE, 0x29EE, 0x29EE, 0x29EE, 0x29EE, 0x29EE, 0x29EE, 0x29EE, 0x29EE, 0x29EE, 0x29EE, 0x29EE, 0x29EE, 0x29EE,
    0x29EE, 0x29EE, 0x29EE, 0x29EE, 0x29EE, 0x29EE, 0x29EE, 0x29EE, 0x29EE, 0x29EE, 0x29EE, 0x29EE, 0x29EE, 0x29EE, 0x29EE, 0x29EE,
    0x29EE, 0x29EE, 0x29EE, 0x29EE, 0x29EE, 0x29EE, 0x29EE, 0x29EE, 0x29EE, 0x29EE, 0x29EE, 0x29EE, 0x29EE, 0x29EE, 0x29EE, 0x29EE,
    0x29EE, 0x29EE, 0x29EE, 0x29EE, 0x29EE, 0x29EE, 0x29EE, 0x29EE, 0x29EE, 0x29EE, 0x29EE, 0x29EE, 0x29EE, 0x29EE, 0x29EE, 0x29EE,
    0x29EE, 0x29EE, 0x29EE, 0x29EE, 0x29EE, 0x29EE, 0x29EE, 0x29EE, 0x29EE, 0x29EE, 0x29EE, 0x29EE, 0x29EE, 0x29EE, 0x29EE, 0x29EE,
    0x29EE, 0x29EE, 0x29EE, 0x29EE, 0x29EE, 0x29EE, 0x29EE, 0x29EE, 0x29EE, 0x29EE, 0x29EE, 0x29EE, 0x29EE, 0x29EE, 0x29EE, 0x29EE,
    0x29EE, 0x29EE, 0x29EE, 0x29EE, 0x29EE, 0x29EE, 0x29EE, 0x29EE, 0x29EE, 0x29EE, 0x29EE, 0x29EE, 0x29EE, 0x29EE, 0x29EE, 0x29EE,
    0x29EE, 0x29EE, 0x29EE, 0x29EE, 0x29EE, 0x29EE, 0x29EE, 0x29EE, 0x29EE, 0x29EE, 0x29EE, 0x29EE, 0x29EE, 0x29EE, 0x29EE, 0x29EE,
    0x29EE, 0x29EE, 0x29EE, 0x29EE, 0x29EE, 0x29EE, 0x29EE, 0x29EE, 0x29EE, 0x29EE, 0x29EE, 0x29EE, 0x29EE, 0x29EE, 0x29EE, 0x29EE,
    0x29EE, 0x29EE, 0x29EE, 0x29EE, 0x29EE, 0x29EE, 0x29EE, 0x29EE, 0x29EE, 0x29EE, 0x29EE, 0x29EE, 0x29EE, 0x29EE, 0x29EE, 0x29EE,
    0x29EE, 0x29EE, 0x29EE, 0x29EE, 0x29EE, 0x29EE, 0x29EE, 0x29EE, 0x29EE, 0x29EE, 0x29EE, 0x29EE, 0x29EE, 0x29EE, 0x29EE, 0x29EE,
    0x29EE, 0x29EE, 0x29EE, 0x29EE, 0x29EE, 0x29EE, 0x29EE, 0x29EE, 0x29EE, 0x29EE, 0x29EE, 0x29EE, 0x29EE, 0x29EE, 0x29EE, 0x29EE,
    0x29EE, 0x29EE, 0x29EE, 0x29EE, 0x29EE, 0x29EE, 0x29EE, 0x29EE, 0x29EE, 0x29EE, 0x29EE, 0x29EE, 0x29EE, 0x29EE, 0x29EE, 0x29EE,
    0x29EE, 0x29EE, 0x29EE, 0x29EE, 0x29EE, 0x29EE, 0x29EE, 0x29EE, 0x29EE, 0x29EE, 0x29EE, 0x29EE, 0x29EE, 0x29EE, 0x29EE, 0x29EE,
    0x29EE, 0x29EE, 0x29EE, 0x29EE, 0x29EE, 0x29EE, 0x29EE, 0x29EE, 0x29EE, 0x29EE, 0x29EE, 0x29EE, 0x29EE, 0x29EE, 0x29EE, 0x29EE,
    0x29EE, 0x29EE, 0x29EE, 0x29EE, 0x29EE, 0x29EE, 0x29EE, 0x29EE, 0x29EE, 0x29EE, 0x29EE, 0x29EE, 0x29EE, 0x29EE, 0x29EE, 0x29EE,
    0x29EE, 0x29EE, 0x29EE, 0x29EE, 0x29EE, 0x29EE, 0x29EE, 0x29EE, 0x29EE, 0x29EE, 0x29EE, 0x29EE, 0x29EE, 0x29EE, 0x29EE, 0x29EE,
    0x29EE, 0x29EE, 0x29EE, 0x29EE, 0x29EE, 0x29EE, 0x29EE, 0x29EE, 0x29EE, 0x29EE, 0x29EE, 0x29EE, 0x29EE, 0x29EE, 0x29EE, 0x29EE,
    0x29EE, 0x29EE, 0x29EE, 0x29EE, 0x29EE, 0x29EE, 0x29EE, 0x29EE, 0x29EE, 0x29EE, 0x29EE, 0x29EE, 0x29EE, 0x29EE, 0x29EE, 0x29EE,
    0x29EE, 0x29EE, 0x29EE, 0x29EE, 0x29EE, 0x29EE, 0x29EE, 0x29EE, 0x29EE, 0x29EE, 0x29EE, 0x29EE, 0x29EE, 0x29EE, 0x29EE, 0x29EE,
    0x29EE, 0x29EE, 0x29EE, 0x29EE, 0x29EE, 0x29EE, 0x29EE, 0x29EE, 0x29EE, 0x29EE, 0x29EE, 0x29EE, 0x29EE, 0x29EE, 0x29EE, 0x29EE,
    0x29EE, 0x29EE, 0x29EE, 0x29EE, 0x29EE, 0x29EE, 0x29EE, 0x29EE, 0x29EE, 0x29EE, 0x29EE, 0x29EE, 0x29EE, 0x29EE, 0x29EE, 0x29EE,
    0x29EE, 0x29EE, 0x29EE, 0x29EE, 0x29EE, 0x29EE, 0x29EE, 0x29EE, 0x29EE, 0x29EE, 0x29EE, 0x29EE, 0x29EE, 0x29EE, 0x29EE, 0x29EE,
    0x29EE, 0x29EE, 0x29EE, 0x29EE, 0x29EE, 0x29EE, 0x29EE, 0x29EE, 0x29EE, 0x29EE, 0x29EE, 0x29EE, 0x29EE, 0x29EE, 0x29EE, 0x29EE,
    0x29EE, 0x29EE, 0x29EE, 0x29EE, 0x29EE, 0x29EE, 0x29EE, 0x29EE, 0x29EE, 0x29EE, 0x29EE, 0x29EE, 0x29EE, 0x29EE, 0x29EE, 0x29EE,
    0x29EE, 0x29EE, 0x29EE, 0x29EE, 0x29EE, 0x29EE, 0x29EE, 0x29EE, 0x29EE, 0x29EE, 0x29EE, 0x29EE, 0x29EE, 0x29EE, 0x29EE, 0x29EE,
    0x29EE, 0x29EE, 0x29EE, 0x29EE, 0x29EE, 0x29EE, 0x29EE, 0x29EE, 0x29EE, 0x29EE, 0x29EE, 0x29EE, 0x29EE, 0x29EE, 0x29EE, 0x29EE,
    0x29EE, 0x29EE, 0x29EE, 0x29EE, 0x29EE, 0x29EE, 0x29EE, 0x29EE, 0x29EE, 0x29EE, 0x29EE, 0x29EE, 0x29EE, 0x29EE, 0x29EE, 0x29EE,
    0x29EE, 0x29EE, 0x29EE, 0x29EE, 0x29EE, 0x29EE, 0x29EE, 0x29EE, 0x29EE, 0x29EE, 0x29EE, 0x29EE, 0x29EE, 0x29EE, 0x29EE, 0x29EE,
    0x29EE, 0x29EE, 0x29EE, 0x29EE, 0x29EE, 0x29EE, 0x29EE, 0x29EE, 0x29EE, 0x29EE, 0x29EE, 0x29EE, 0x29EE, 0x29EE, 0x29EE, 0x29EE,
    0x29EE, 0x29EE, 0x29EE, 0x29EE, 0x29EE, 0x29EE, 0x29EE, 0x29EE, 0x29EE, 0x29EE, 0x29EE, 0x29EE, 0x29EE, 0x29EE, 0x29EE, 0x29EE,
};

const uint16_t cswift_idna_packed_values[24958] = {
    0x2000, 0x2000, 0x2000, 0x2000, 0x2000, 0x2000, 0x2000, 0x2000, 0x2000, 0x2000, 0x2000, 0x2000, 0x2000, 0x2000, 0x2000, 0x2000,
    0x2000, 0x2000, 0x2000, 0x2000, 0x2000, 0x2000, 0x2000, 0x2000, 0x2000, 0x2000, 0x2000, 0x2000, 0x2000, 0x2000, 0x2000, 0x2000,
    0x2000, 0x2000, 0x2000, 0x2000, 0x2000, 0x2000, 0x2000, 0x2000, 0x2000, 0x2000, 0x2000, 0x2000, 0x2000, 0x0, 0x0, 0x2000,
    0x0, 0x0, 0x0, 0x0, 0x0, 0x0, 0x0, 0x0, 0x0, 0x0, 0x2000, 0x2000, 0x2000, 0x2000, 0x2000, 0x2000,
    0xC000, 0xC001, 0xC002, 0xC003, 0xC004, 0xC005, 0xC006, 0xC007, 0xC008, 0xC009, 0xC00A, 0xC00B, 0xC00C, 0xC00D, 0xC00E, 0xC00F,
    0xC010, 0xC011, 0xC012, 0xC013, 0xC014, 0xC015, 0xC016, 0xC017, 0xC018, 0xC019, 0x2000, 0x2000, 0x2000, 0x2000, 0x2000, 0x2000,
    0x0, 0x0, 0x0, 0x0, 0x0, 0x0, 0x0, 0x0, 0x0, 0x0, 0x0, 0x0, 0x0, 0x0, 0x0, 0x0,
    0x0, 0x0, 0x0, 0x0, 0x0, 0x0, 0x0, 0x0, 0x0, 0x0, 0x2000, 0x2000, 0x2000, 0x2000, 0x2000, 0x8000,
    0x8000, 0x8000, 0x8000, 0x8000, 0x8000, 0x8000, 0x8000, 0x8000, 0x8000, 0x8000, 0x8000, 0x8000, 0x8000, 0x8000, 0x8000, 0x8000,
    0x8000, 0x8000, 0x8000, 0x8000, 0x8000, 0x8000, 0x8000, 0x8000, 0x8000, 0x8000, 0x8000, 0x8000, 0x8000, 0x8000, 0x8000, 0xC01A,
    0x2000, 0x2000, 0x2000, 0x2000, 0x2000, 0x2000, 0x2000, 0xC01B, 0x2000, 0xC000, 0x2000, 0x2000, 0x6000, 0x2000, 0xC01C, 0x2000,
    0x2000, 0xC01D, 0xC01E, 0xC01F, 0xC020, 0x2000, 0x0, 0xC021, 0xC022, 0xC00E, 0x2000, 0xC023, 0xC024, 0xC025, 0x2000, 0xC026,
    0xC027, 0xC028, 0xC029, 0xC02A, 0xC02B, 0xC02C, 0xC02D, 0xC02E, 0xC02F, 0xC030, 0xC031, 0xC032, 0xC033, 0xC034, 0xC035, 0xC036,
    0xC037, 0xC038, 0xC039, 0xC03A, 0xC03B, 0xC03C, 0x2000, 0xC03D, 0xC03E, 0xC03F, 0xC040, 0xC041, 0xC042, 0xC043, 0xA044, 0x0,
    0x0, 0x0, 0x0, 0x0, 0x0, 0x0, 0x0, 0x0, 0x0, 0x0, 0x0, 0x0, 0x0, 0x0, 0x0, 0x0,
    0x0, 0x0, 0x0, 0x0, 0x0, 0x0, 0x2000, 0x0, 0x0, 0x0, 0x0, 0x0, 0x0, 0x0, 0x0, 0xC045,
    0x0, 0xC046, 0x0, 0xC047, 0x0, 0xC048, 0x0, 0xC049, 0x0, 0xC04A, 0x0, 0xC04B, 0x0, 0xC04C, 0x0, 0xC04D,
    0x0, 0xC04E, 0x0, 0xC04F, 0x0, 0xC050, 0x0, 0xC051, 0x0, 0xC052, 0x0, 0xC053, 0x0, 0xC054, 0x0, 0xC055,
    0x0, 0xC056, 0x0, 0xC057, 0x0, 0xC058, 0x0, 0xC059, 0x0, 0xC05A, 0x0, 0xC05B, 0x0, 0xC05C, 0x0, 0xC05D,
    0x0, 0xC05E, 0xC05E, 0xC05F, 0x0, 0xC060, 0x0, 0x0, 0xC061, 0x0, 0xC062, 0x0, 0xC063, 0x0, 0xC064, 0xC065,
    0x0, 0xC066, 0x0, 0xC067, 0x0, 0xC068, 0x0, 0xC069, 0xC06A, 0x0, 0xC06B, 0x0, 0xC06C, 0x0, 0xC06D, 0x0,
    0xC06E, 0x0, 0xC06F, 0x0, 0xC070, 0x0, 0xC071, 0x0, 0xC072, 0x0, 0xC073, 0x0, 0xC074, 0x0, 0xC075, 0x0,
    0xC076, 0x0, 0xC077, 0x0, 0xC078, 0x0, 0xC079, 0x0, 0xC07A, 0x0, 0xC07B, 0x0, 0xC07C, 0x0, 0xC07D, 0x0,
    0xC07E, 0x0, 0xC07F, 0x0, 0xC080, 0x0, 0xC081, 0xC082, 0x0, 0xC083, 0x0, 0xC084, 0x0, 0xC012, 0x0, 0xC085,
    0xC086, 0x0, 0xC087, 0x0, 0xC088, 0xC089, 0x0, 0xC08A, 0xC08B, 0xC08C, 0x0, 0x0, 0xC08D, 0xC08E, 0xC08F, 0xC090,
    0x0, 0xC091, 0xC092, 0x0, 0xC093, 0xC094, 0xC095, 0x0, 0x0, 0x0, 0xC096, 0xC097, 0x0, 0xC098, 0xC099, 0x0,
    0xC09A, 0x0, 0xC09B, 0x0, 0xC09C, 0xC09D, 0x0, 0xC09E, 0x0, 0x0, 0xC09F, 0x0, 0xC0A0, 0xC0A1, 0x0, 0xC0A2,
    0xC0A3, 0xC0A4, 0x0, 0xC0A5, 0x0, 0xC0A6, 0xC0A7, 0x0, 0x0, 0x0, 0xC0A8, 0x0, 0x0, 0x0, 0x0, 0xC0A9,
    0xC0A9, 0xC0A9, 0xC0AA, 0xC0AA, 0xC0AA, 0xC0AB, 0xC0AB, 0xC0AB, 0xC0AC, 0x0, 0xC0AD, 0x0, 0xC0AE, 0x0, 0xC0AF, 0x0,
    0xC0B0, 0x0, 0xC0B1, 0x0, 0xC0B2, 0x0, 0xC0B3, 0x0, 0x0, 0xC0B4, 0x0, 0xC0B5, 0x0, 0xC0B6, 0x0, 0xC0B7,
    0x0, 0xC0B8, 0x0, 0xC0B9, 0x0, 0xC0BA, 0x0, 0xC0BB, 0x0, 0xC0BC, 0x0, 0x0, 0xC0BD, 0xC0BD, 0xC0BD, 0xC0BE,
    0x0, 0xC0BF, 0xC0C0, 0xC0C1, 0x0, 0xC0C2, 0x0, 0xC0C3, 0x0, 0xC0C4, 0x0, 0xC0C5, 0x0, 0xC0C6, 0x0, 0xC0C7,
    0x0, 0xC0C8, 0x0, 0xC0C9, 0x0, 0xC0CA, 0x0, 0xC0CB, 0x0, 0xC0CC, 0x0, 0xC0CD, 0x0, 0xC0CE, 0x0, 0xC0CF,
    0x0, 0xC0D0, 0x0, 0xC0D1, 0x0, 0xC0D2, 0x0, 0xC0D3, 0x0, 0xC0D4, 0x0, 0xC0D5, 0x0, 0xC0D6, 0x0, 0xC0D7,
    0x0, 0xC0D8, 0x0, 0xC0D9, 0x0, 0xC0DA, 0x0, 0xC0DB, 0x0, 0xC0DC, 0x0, 0xC0DD, 0x0, 0xC0DE, 0x0, 0x0,
    0x0, 0x0, 0x0, 0x0, 0x0, 0xC0DF, 0xC0E0, 0x0, 0xC0E1, 0xC0E2, 0x0, 0xC0E3, 0x0, 0xC0E4, 0xC0E5, 0xC0E6,
    0xC0E7, 0x0, 0xC0E8, 0x0, 0xC0E9, 0x0, 0xC0EA, 0x0, 0xC0EB, 0x0, 0x0, 0x0, 0x0, 0x0, 0x0, 0x0,
    0x0, 0x0, 0x0, 0x0, 0x0, 0x0, 0x0, 0x0, 0x0, 0x0, 0x0, 0x0, 0x0, 0x0, 0x0, 0x0,
    0x0, 0x0, 0x0, 0x0, 0x0, 0x0, 0x0, 0x0, 0x0, 0x0, 0x0, 0x0, 0x0, 0x0, 0x0, 0x0,
    0x0, 0x0, 0x0, 0x0, 0x0, 0x0, 0x0, 0x0, 0x0, 0x0, 0xC007, 0xC0EC, 0xC009, 0xC011, 0xC0ED, 0xC0EE,
    0xC0EF, 0xC016, 0xC018, 0x0, 0x0, 0x0, 0x0, 0x0, 0x0, 0x0, 0x2000, 0x2000, 0x2000, 0x2000, 0x0, 0x0,
    0x0, 0x0, 0x0, 0x0, 0x0, 0x0, 0x0, 0x0, 0x0, 0x0, 0x2000, 0x2000, 0x2000, 0x2000, 0x2000, 0x2000,
    0xC0F0, 0xC0F1, 0xC0F2, 0xC0F3, 0xC0F4, 0xC0F5, 0x2000, 0x2000, 0xC092, 0xC00B, 0xC012, 0xC017, 0xC0F6, 0x2000, 0x2000, 0x2000,
    0x2000, 0x2000, 0x2000, 0x2000, 0x0, 0x2000, 0x0, 0x2000, 0x2000, 0x2000, 0x2000, 0x2000, 0x2000, 0x2000, 0x2000, 0x2000,
    0x2000, 0x2000, 0x2000, 0x2000, 0x2000, 0x2000, 0x2000, 0x2000, 0x0, 0x0, 0x0, 0x0, 0x0, 0x0, 0x0, 0x0,
    0x0, 0x0, 0x0, 0x0, 0x0, 0x0, 0x0, 0x0, 0x0, 0x0, 0x0, 0x0, 0x0, 0x0, 0x0, 0x0,
    0x0, 0x0, 0x0, 0x0, 0x0, 0x0, 0x0, 0x0, 0x0, 0x0, 0x0, 0x0, 0x0, 0x0, 0x0, 0x0,
    0x0, 0x0, 0x0, 0x0, 0x0, 0x0, 0x0, 0x0, 0x0, 0x0, 0x0, 0x0, 0x0, 0x0, 0x0, 0x0,
    0x0, 0x0, 0x0, 0x0, 0x0, 0x0, 0x0, 0x0, 0xC0F7, 0xC0F8, 0x0, 0xC0F9, 0xC0FA, 0xC0FB, 0x0, 0x0,
    0x0, 0x0, 0x0, 0x0, 0x0, 0x0, 0x0, 0x6000, 0x0, 0x0, 0x0, 0x0, 0x0, 0x0, 0x0, 0x0,
    0x0, 0x0, 0x0, 0x0, 0x0, 0x0, 0x0, 0x0, 0x0, 0x0, 0x0, 0x0, 0x0, 0x0, 0x0, 0x0,
    0x0, 0x0, 0x0, 0x0, 0x0, 0x0, 0x0, 0x0, 0xC0FC, 0x0, 0xC0FD, 0x0, 0xC0FE, 0x0, 0xC0FF, 0x0,
    0x8000, 0x8000, 0xC100, 0x0, 0x0, 0x0, 0xC101, 0xC102, 0x8000, 0x8000, 0x8000, 0x8000, 0xC01F, 0xC103, 0xC104, 0xC105,
    0xC106, 0xC107, 0xC108, 0x8000, 0xC109, 0x8000, 0xC10A, 0xC10B, 0x0, 0xC10C, 0xC10D, 0xC10E, 0xC10F, 0xC110, 0xC111, 0xC112,
    0xC113, 0xC0FB, 0xC114, 0xC115, 0xC020, 0xC116, 0xC117, 0xC118, 0xC119, 0xC11A, 0x8000, 0xC11B, 0xC11C, 0xC11D, 0xC11E, 0xC11F,
    0xC120, 0xC121, 0xC122, 0xC123, 0x0, 0x0, 0x0, 0x0, 0x0, 0x0, 0x0, 0x0, 0x0, 0x0, 0x0, 0x0,
    0x0, 0x0, 0x0, 0x0, 0x0, 0x0, 0x0, 0x0, 0xA11B, 0x0, 0x0, 0x0, 0x0, 0x0, 0x0, 0x0,
    0x0, 0x0, 0x0, 0x0, 0x0, 0xC124, 0xC10D, 0xC113, 0xC11D, 0xC10A, 0xC123, 0xC11E, 0xC119, 0x0, 0xC125, 0x0,
    0xC126, 0x0, 0xC127, 0x0, 0xC128, 0x0, 0xC129, 0x0, 0xC12A, 0x0, 0xC12B, 0x0, 0xC12C, 0x0, 0xC12D, 0x0,
    0xC12E, 0x0, 0xC12F, 0x0, 0xC130, 0x0, 0xC114, 0xC11A, 0xC11B, 0x0, 0xC113, 0xC110, 0x2000, 0xC131, 0x0, 0xC11B,
    0xC132, 0x0, 0x0, 0xC133, 0xC134, 0xC135, 0xC136, 0xC137, 0xC138, 0xC139, 0xC13A, 0xC13B, 0xC13C, 0xC13D, 0xC13E, 0xC13F,
    0xC140, 0xC141, 0xC142, 0xC143, 0xC144, 0xC145, 0xC146, 0xC147, 0xC148, 0xC149, 0xC14A, 0xC14B, 0xC14C, 0xC14D, 0xC14E, 0xC14F,
    0xC150, 0xC151, 0xC152, 0xC153, 0xC154, 0xC155, 0xC156, 0xC157, 0xC158, 0xC159, 0xC15A, 0xC15B, 0xC15C, 0xC15D, 0xC15E, 0xC15F,
    0xC160, 0xC161, 0xC162, 0xC163, 0xC164, 0xC165, 0x0, 0x0, 0x0, 0x0, 0x0, 0x0, 0x0, 0x0, 0x0, 0x0,
    0x0, 0x0, 0x0, 0x0, 0x0, 0x0, 0x0, 0x0, 0x0, 0x0, 0x0, 0x0, 0x0, 0x0, 0x0, 0x0,
    0x0, 0x0, 0x0, 0x0, 0x0, 0x0, 0xC166, 0x0, 0xC167, 0x0, 0xC168, 0x0, 0xC169, 0x0, 0xC16A, 0x0,
    0xC16B, 0x0, 0xC16C, 0x0, 0xC16D, 0x0, 0xC16E, 0x0, 0xC16F, 0x0, 0xC170, 0x0, 0xC171, 0x0, 0xC172, 0x0,
    0xC173, 0x0, 0xC174, 0x0, 0xC175, 0x0, 0xC176, 0x0, 0x2000, 0x0, 0x0, 0x0, 0x0, 0x0, 0x2000, 0x2000,
    0xC177, 0x0, 0xC178, 0x0, 0xC179, 0x0, 0xC17A, 0x0, 0xC17B, 0x0, 0xC17C, 0x0, 0xC17D, 0x0, 0xC17E, 0x0,
    0xC17F, 0x0, 0xC180, 0x0, 0xC181, 0x0, 0xC182, 0x0, 0xC183, 0x0, 0xC184, 0x0, 0xC185, 0x0, 0xC186, 0x0,
    0xC187, 0x0, 0xC188, 0x0, 0xC189, 0x0, 0xC18A, 0x0, 0xC18B, 0x0, 0xC18C, 0x0, 0xC18D, 0x0, 0xC18E, 0x0,
    0xC18F, 0x0, 0xC190, 0x0, 0xC191, 0x0, 0xC192, 0xC193, 0x0, 0xC194, 0x0, 0xC195, 0x0, 0xC196, 0x0, 0xC197,
    0x0, 0xC198, 0x0, 0xC199, 0x0, 0x0, 0xC19A, 0x0, 0xC19B, 0x0, 0xC19C, 0x0, 0xC19D, 0x0, 0xC19E, 0x0,
    0xC19F, 0x0, 0xC1A0, 0x0, 0xC1A1, 0x0, 0xC1A2, 0x0, 0xC1A3, 0x0, 0xC1A4, 0x0, 0xC1A5, 0x0, 0xC1A6, 0x0,
    0xC1A7, 0x0, 0xC1A8, 0x0, 0xC1A9, 0x0, 0xC1AA, 0x0, 0xC1AB, 0x0, 0xC1AC, 0x0, 0xC1AD, 0x0, 0xC1AE, 0x0,
    0xC1AF, 0x0, 0xC1B0, 0x0, 0xC1B1, 0x0, 0xC1B2, 0x0, 0xC1B3, 0x0, 0xC1B4, 0x0, 0xC1B5, 0x0, 0xC1B6, 0x0,
    0xC1B7, 0x0, 0xC1B8, 0x0, 0xC1B9, 0x0, 0xC1BA, 0x0, 0xC1BB, 0x0, 0xC1BC, 0x0, 0xC1BD, 0x0, 0xC1BE, 0x0,
    0xC1BF, 0x0, 0xC1C0, 0x0, 0xC1C1, 0x0, 0xC1C2, 0x0, 0xC1C3, 0x0, 0xC1C4, 0x0, 0xC1C5, 0x0, 0xC1C6, 0x0,
    0xC1C7, 0x0, 0xC1C8, 0x0, 0xC1C9, 0x0, 0x8000, 0xC1CA, 0xC1CB, 0xC1CC, 0xC1CD, 0xC1CE, 0xC1CF, 0xC1D0, 0xC1D1, 0xC1D2,
    0xC1D3, 0xC1D4, 0xC1D5, 0xC1D6, 0xC1D7, 0xC1D8, 0xC1D9, 0xC1DA, 0xC1DB, 0xC1DC, 0xC1DD, 0xC1DE, 0xC1DF, 0xC1E0, 0xC1E1, 0xC1E2,
    0xC1E3, 0xC1E4, 0xC1E5, 0xC1E6, 0xC1E7, 0xC1E8, 0xC1E9, 0xC1EA, 0xC1EB, 0xC1EC, 0xC1ED, 0xC1EE, 0xC1EF, 0x8000, 0xC1D0, 0x0,
    0x2000, 0x2000, 0x2000, 0x2000, 0x2000, 0x2000, 0x0, 0x0, 0x0, 0x0, 0x0, 0x0, 0x0, 0x0, 0x0, 0x0,
    0x0, 0x0, 0x0, 0x0, 0x0, 0x0, 0x0, 0x0, 0x0, 0x0, 0x0, 0x0, 0x0, 0x0, 0x0, 0x0,
    0x0, 0x0, 0x0, 0x0, 0x0, 0x0, 0xC1F0, 0x0, 0x2000, 0x2000, 0xC1D4, 0xC1DE, 0x2000, 0x2000, 0x2000, 0x8000,
    0x0, 0x0, 0x0, 0x0, 0x0, 0x0, 0x0, 0x0, 0x0, 0x0, 0x0, 0x0, 0x0, 0x0, 0x0, 0x0,
    0x0, 0x0, 0x0, 0x0, 0x0, 0x0, 0x0, 0x0, 0x0, 0x0, 0x0, 0x0, 0x0, 0x0, 0x0, 0x0,
    0x0, 0x0, 0x0, 0x0, 0x0, 0x0, 0x0, 0x0, 0x0, 0x0, 0x0, 0x0, 0x0, 0x2000, 0x0, 0x0,
    0x2000, 0x0, 0x0, 0x2000, 0x0, 0x0, 0x0, 0x8000, 0x8000, 0x8000, 0x8000, 0x8000, 0x8000, 0x0, 0x0, 0x0,
    0x0, 0x0, 0x0, 0x0, 0x0, 0x0, 0x0, 0x0, 0x0, 0x0, 0x0, 0x0, 0x0, 0x0, 0x0, 0x0,
    0x0, 0x0, 0x0, 0x0, 0x0, 0x0, 0x0, 0x0, 0x8000, 0x8000, 0x8000, 0x8000, 0x0, 0x0, 0x0, 0x0,
    0x0, 0x0, 0x8000, 0x8000, 0x8000, 0x8000, 0x8000, 0x8000, 0x8000, 0x8000, 0x8000, 0x8000, 0x8000, 0x2000, 0x2000, 0x2000,
    0x2000, 0x2000, 0x2000, 0x2000, 0x2000, 0x2000, 0x2000, 0x0, 0x0, 0x0, 0x0, 0x0, 0x0, 0x0, 0x0, 0x0,
    0x0, 0x0, 0x2000, 0x8000, 0x2000, 0x2000, 0x2000, 0x0, 0x0, 0x0, 0x0, 0x0, 0x0, 0x0, 0x0, 0x0,
    0x0, 0x0, 0x0, 0x0, 0x0, 0x0, 0x0, 0x0, 0x0, 0x0, 0x0, 0x0, 0x0, 0x0, 0x0, 0x0,
    0x0, 0x0, 0x0, 0x0, 0x0, 0x0, 0x0, 0x0, 0x0, 0x0, 0x0, 0x0, 0x0, 0x0, 0x0, 0x0,
    0x2000, 0x2000, 0x2000, 0x2000, 0x0, 0x0, 0x0, 0x0, 0x0, 0x0, 0x0, 0xC1F1, 0xC1F2, 0xC1F3, 0xC1F4, 0x0,
    0x0, 0x0, 0x0, 0x0, 0x0, 0x0, 0x0, 0x0, 0x0, 0x0, 0x0, 0x0, 0x0, 0x0, 0x0, 0x0,
    0x0, 0x0, 0x0, 0x2000, 0x0, 0x0, 0x0, 0x0, 0x0, 0x0, 0x0, 0x0, 0x8000, 0x2000, 0x0, 0x0,
    0x0, 0x0, 0x0, 0x0, 0x0, 0x0, 0x0, 0x0, 0x2000, 0x0, 0x0, 0x0, 0x0, 0x0, 0x0, 0x0,
    0x0, 0x0, 0x0, 0x0, 0x0, 0x0, 0x0, 0x0, 0x0, 0x0, 0x0, 0x0, 0x0, 0x0, 0x0, 0x2000,
    0x2000, 0x2000, 0x2000, 0x2000, 0x2000, 0x2000, 0x2000, 0x2000, 0x2000, 0x2000, 0x2000, 0x2000, 0x2000, 0x8000, 0x8000, 0x0,
    0x0, 0x0, 0x0, 0x0, 0x0, 0x0, 0x0, 0x0, 0x0, 0x0, 0x0, 0x0, 0x0, 0x0, 0x0, 0x0,
    0x0, 0x0, 0x0, 0x0, 0x0, 0x0, 0x0, 0x0, 0x0, 0x0, 0x0, 0x0, 0x0, 0x0, 0x0, 0x0,
    0x0, 0x0, 0x0, 0x0, 0x0, 0x0, 0x0, 0x0, 0x0, 0x0, 0x0, 0x0, 0x0, 0x0, 0x0, 0x8000,
    0x8000, 0x0, 0x0, 0x0, 0x0, 0x0, 0x0, 0x0, 0x0, 0x0, 0x0, 0x0, 0x0, 0x0, 0x0, 0x0,
    0x0, 0x0, 0x0, 0x0, 0x0, 0x0, 0x0, 0x0, 0x0, 0x0, 0x0, 0x0, 0x0, 0x0, 0x0, 0x0,
    0x0, 0x0, 0x0, 0x0, 0x0, 0x0, 0x0, 0x0, 0x0, 0x0, 0x0, 0x0, 0x0, 0x0, 0x0, 0x0,
    0x0, 0x0, 0x0, 0x0, 0x8000, 0x8000, 0x8000, 0x8000, 0x8000, 0x8000, 0x8000, 0x8000, 0x8000, 0x8000, 0x8000, 0x8000,
    0x8000, 0x8000, 0x0, 0x0, 0x0, 0x0, 0x0, 0x0, 0x0, 0x0, 0x0, 0x0, 0x0, 0x0, 0x0, 0x0,
    0x0, 0x0, 0x0, 0x0, 0x0, 0x0, 0x0, 0x0, 0x0, 0x0, 0x0, 0x0, 0x0, 0x0, 0x0, 0x0,
    0x0, 0x0, 0x0, 0x0, 0x0, 0x0, 0x0, 0x0, 0x0, 0x0, 0x0, 0x0, 0x0, 0x0, 0x0, 0x0,
    0x0, 0x0, 0x0, 0x0, 0x0, 0x0, 0x0, 0x0, 0x2000, 0x2000, 0x2000, 0x2000, 0x2000, 0x8000, 0x8000, 0x0,
    0x2000, 0x2000, 0x0, 0x0, 0x0, 0x0, 0x0, 0x0, 0x0, 0x0, 0x0, 0x0, 0x0, 0x0, 0x0, 0x0,
    0x0, 0x0, 0x0, 0x0, 0x0, 0x0, 0x0, 0x0, 0x0, 0x0, 0x0, 0x0, 0x0, 0x0, 0x0, 0x0,
    0x0, 0x0, 0x0, 0x0, 0x0, 0x0, 0x0, 0x0, 0x0, 0x0, 0x0, 0x0, 0x0, 0x0, 0x0, 0x0,
    0x8000, 0x8000, 0x2000, 0x2000, 0x2000, 0x2000, 0x2000, 0x2000, 0x2000, 0x2000, 0x2000, 0x2000, 0x2000, 0x2000, 0x2000, 0x2000,
    0x2000, 0x8000, 0x0, 0x0, 0x0, 0x0, 0x0, 0x0, 0x0, 0x0, 0x0, 0x0, 0x0, 0x0, 0x0, 0x0,
    0x0, 0x0, 0x0, 0x0, 0x0, 0x0, 0x0, 0x0, 0x0, 0x0, 0x0, 0x0, 0x0, 0x0, 0x8000, 0x8000,
    0x2000, 0x8000, 0x0, 0x0, 0x0, 0x0, 0x0, 0x0, 0x0, 0x0, 0x0, 0x0, 0x0, 0x8000, 0x8000, 0x8000,
    0x8000, 0x8000, 0x0, 0x0, 0x0, 0x0, 0x0, 0x0, 0x0, 0x0, 0x0, 0x0, 0x0, 0x0, 0x0, 0x0,
    0x0, 0x0, 0x2000, 0x0, 0x0, 0x0, 0x0, 0x0, 0x0, 0x0, 0x8000, 0x8000, 0x8000, 0x8000, 0x8000, 0x8000,
    0x8000, 0x0, 0x0, 0x0, 0x0, 0x0, 0x0, 0x0, 0x0, 0x0, 0x0, 0x0, 0x0, 0x0, 0x0, 0x0,
    0x0, 0x0, 0x0, 0x0, 0x0, 0x0, 0x0, 0x0, 0x0, 0x0, 0x0, 0x0, 0x0, 0x0, 0x0, 0x0,
    0x0, 0x0, 0x0, 0x0, 0x0, 0x0, 0x0, 0x0, 0x0, 0x0, 0x8000, 0x0, 0x0, 0x0, 0x0, 0x0,
    0x0, 0x0, 0x0, 0x0, 0x0, 0x0, 0x0, 0x0, 0x0, 0x0, 0x0, 0x0, 0x0, 0x0, 0x0, 0x0,
    0x0, 0x0, 0x0, 0x0, 0x0, 0x0, 0x0, 0x0, 0xC1F5, 0xC1F6, 0xC1F7, 0xC1F8, 0xC1F9, 0xC1FA, 0xC1FB, 0xC1FC,
    0x0, 0x0, 0x0, 0x0, 0x2000, 0x2000, 0x0, 0x0, 0x0, 0x0, 0x0, 0x0, 0x0, 0x0, 0x0, 0x0,
    0x2000, 0x0, 0x0, 0x0, 0x0, 0x0, 0x0, 0x0, 0x0, 0x0, 0x0, 0x0, 0x0, 0x0, 0x0, 0x0,
    0x8000, 0x0, 0x0, 0x0, 0x0, 0x0, 0x0, 0x0, 0x0, 0x8000, 0x8000, 0x0, 0x0, 0x8000, 0x8000, 0x0,
    0x0, 0x0, 0x0, 0x0, 0x0, 0x0, 0x0, 0x0, 0x0, 0x0, 0x0, 0x0, 0x0, 0x0, 0x0, 0x0,
    0x0, 0x0, 0x0, 0x0, 0x0, 0x8000, 0x0, 0x0, 0x0, 0x0, 0x0, 0x0, 0x0, 0x8000, 0x0, 0x8000,
    0x8000, 0x8000, 0x0, 0x0, 0x0, 0x0, 0x8000, 0x8000, 0x0, 0x0, 0x0, 0x0, 0x0, 0x8000, 0x8000, 0x0,
    0x0, 0x8000, 0x8000, 0x0, 0x0, 0x0, 0x0, 0x8000, 0x8000, 0x8000, 0x8000, 0x8000, 0x8000, 0x8000, 0x8000, 0x0,
    0x8000, 0x8000, 0x8000, 0x8000, 0xC1FD, 0xC1FE, 0x8000, 0xC1FF, 0x0, 0x0, 0x0, 0x0, 0x8000, 0x8000, 0x0, 0x0,
    0x0, 0x0, 0x0, 0x0, 0x0, 0x0, 0x0, 0x0, 0x0, 0x0, 0x2000, 0x2000, 0x2000, 0x2000, 0x2000, 0x2000,
    0x2000, 0x2000, 0x2000, 0x2000, 0x0, 0x2000, 0x0, 0x8000, 0x0, 0x0, 0x0, 0x8000, 0x0, 0x0, 0x0, 0x0,
    0x0, 0x0, 0x8000, 0x8000, 0x8000, 0x8000, 0x0, 0x0, 0x8000, 0x8000, 0x0, 0x0, 0x0, 0x0, 0x0, 0x0,
    0x0, 0x0, 0x0, 0x0, 0x0, 0x0, 0x0, 0x0, 0x0, 0x0, 0x0, 0x0, 0x0, 0x0, 0x0, 0x0,
    0x8000, 0x0, 0x0, 0x0, 0x0, 0x0, 0x0, 0x0, 0x8000, 0x0, 0xC200, 0x8000, 0x0, 0xC201, 0x8000, 0x0,
    0x0, 0x8000, 0x8000, 0x0, 0x8000, 0x0, 0x0, 0x0, 0x8000, 0x8000, 0x8000, 0x8000, 0x0, 0x0, 0x8000, 0x8000,
    0x0, 0x0, 0x0, 0x8000, 0x8000, 0x8000, 0x0, 0x8000, 0x8000, 0x8000, 0x8000, 0x8000, 0x8000, 0x8000, 0xC202, 0xC203,
    0xC204, 0x0, 0x8000, 0xC205, 0x8000, 0x8000, 0x8000, 0x8000, 0x8000, 0x8000, 0x8000, 0x0, 0x0, 0x0, 0x0, 0x0,
    0x0, 0x0, 0x0, 0x0, 0x0, 0x0, 0x0, 0x0, 0x0, 0x0, 0x0, 0x2000, 0x8000, 0x8000, 0x8000, 0x8000,
    0x8000, 0x8000, 0x8000, 0x8000, 0x8000, 0x0, 0x0, 0x0, 0x8000, 0x0, 0x0, 0x0, 0x0, 0x0, 0x0, 0x0,
    0x0, 0x0, 0x8000, 0x0, 0x0, 0x0, 0x8000, 0x0, 0x0, 0x0, 0x0, 0x0, 0x0, 0x0, 0x0, 0x0,
    0x0, 0x0, 0x0, 0x0, 0x0, 0x0, 0x0, 0x0, 0x0, 0x0, 0x0, 0x0, 0x0, 0x8000, 0x0, 0x0,
    0x0, 0x0, 0x0, 0x0, 0x0, 0x8000, 0x0, 0x0, 0x8000, 0x0, 0x0, 0x0, 0x0, 0x0, 0x8000, 0x8000,
    0x0, 0x0, 0x0, 0x0, 0x0, 0x0, 0x8000, 0x0, 0x0, 0x0, 0x8000, 0x0, 0x0, 0x0, 0x8000, 0x8000,
    0x0, 0x8000, 0x8000, 0x8000, 0x8000, 0x8000, 0x8000, 0x8000, 0x8000, 0x8000, 0x8000, 0x8000, 0x8000, 0x8000, 0x8000, 0x8000,
    0x0, 0x0, 0x0, 0x0, 0x8000, 0x8000, 0x0, 0x0, 0x0, 0x0, 0x0, 0x0, 0x0, 0x0, 0x0, 0x0,
    0x2000, 0x2000, 0x8000, 0x8000, 0x8000, 0x8000, 0x8000, 0x8000, 0x8000, 0x0, 0x0, 0x0, 0x0, 0x0, 0x0, 0x0,
    0x8000, 0x0, 0x0, 0x0, 0x8000, 0x0, 0x0, 0x0, 0x0, 0x0, 0x0, 0x0, 0x0, 0x8000, 0x8000, 0x0,
    0x0, 0x8000, 0x8000, 0x0, 0x0, 0x0, 0x0, 0x0, 0x0, 0x0, 0x0, 0x0, 0x0, 0x0, 0x0, 0x0,
    0x0, 0x0, 0x0, 0x0, 0x0, 0x0, 0x0, 0x0, 0x0, 0x8000, 0x0, 0x0, 0x0, 0x0, 0x0, 0x0,
    0x0, 0x8000, 0x0, 0x0, 0x8000, 0x0, 0x0, 0x0, 0x0, 0x0, 0x8000, 0x8000, 0x0, 0x0, 0x0, 0x0,
    0x0, 0x8000, 0x8000, 0x0, 0x0, 0x8000, 0x8000, 0x0, 0x0, 0x0, 0x8000, 0x8000, 0x8000, 0x8000, 0x8000, 0x0,
    0x0, 0x0, 0x0, 0x0, 0x8000, 0x8000, 0x8000, 0x8000, 0xC206, 0xC207, 0x8000, 0x0, 0x0, 0x0, 0x0, 0x0,
    0x8000, 0x8000, 0x0, 0x0, 0x0, 0x0, 0x0, 0x0, 0x0, 0x0, 0x0, 0x0, 0x2000, 0x0, 0x2000, 0x2000,
    0x2000, 0x2000, 0x2000, 0x2000, 0x8000, 0x8000, 0x8000, 0x8000, 0x8000, 0x8000, 0x8000, 0x8000, 0x0, 0x0, 0x8000, 0x0,
    0x0, 0x0, 0x0, 0x0, 0x0, 0x8000, 0x8000, 0x8000, 0x0, 0x0, 0x0, 0x8000, 0x0, 0x0, 0x0, 0x0,
    0x8000, 0x8000, 0x8000, 0x0, 0x0, 0x8000, 0x0, 0x8000, 0x0, 0x0, 0x8000, 0x8000, 0x8000, 0x0, 0x0, 0x8000,
    0x8000, 0x8000, 0x0, 0x0, 0x0, 0x8000, 0x8000, 0x8000, 0x0, 0x0, 0x0, 0x0, 0x0, 0x0, 0x0, 0x0,
    0x0, 0x0, 0x0, 0x0, 0x8000, 0x8000, 0x8000, 0x8000, 0x0, 0x0, 0x0, 0x8000, 0x8000, 0x8000, 0x0, 0x0,
    0x0, 0x8000, 0x0, 0x0, 0x0, 0x0, 0x8000, 0x8000, 0x0, 0x8000, 0x8000, 0x8000, 0x8000, 0x8000, 0x8000, 0x0,
    0x8000, 0x8000, 0x8000, 0x8000, 0x8000, 0x8000, 0x8000, 0x8000, 0x8000, 0x8000, 0x8000, 0x8000, 0x8000, 0x8000, 0x0, 0x0,
    0x0, 0x0, 0x0, 0x0, 0x0, 0x0, 0x0, 0x0, 0x2000, 0x2000, 0x2000, 0x2000, 0x2000, 0x2000, 0x2000, 0x2000,
    0x2000, 0x2000, 0x2000, 0x8000, 0x8000, 0x8000, 0x8000, 0x8000, 0x0, 0x0, 0x0, 0x0, 0x0, 0x0, 0x0, 0x0,
    0x0, 0x0, 0x0, 0x0, 0x0, 0x8000, 0x0, 0x0, 0x0, 0x8000, 0x0, 0x0, 0x0, 0x0, 0x0, 0x0,
    0x0, 0x0, 0x0, 0x0, 0x0, 0x0, 0x0, 0x0, 0x0, 0x0, 0x0, 0x0, 0x0, 0x0, 0x0, 0x0,
    0x0, 0x8000, 0x0, 0x0, 0x0, 0x0, 0x0, 0x0, 0x0, 0x0, 0x0, 0x0, 0x0, 0x0, 0x0, 0x0,
    0x0, 0x0, 0x8000, 0x8000, 0x0, 0x0, 0x0, 0x0, 0x0, 0x8000, 0x0, 0x0, 0x0, 0x8000, 0x0, 0x0,
    0x0, 0x0, 0x8000, 0x8000, 0x8000, 0x8000, 0x8000, 0x8000, 0x8000, 0x0, 0x0, 0x8000, 0x0, 0x0, 0x0, 0x8000,
    0x0, 0x0, 0x8000, 0x8000, 0x0, 0x0, 0x0, 0x0, 0x8000, 0x8000, 0x0, 0x0, 0x0, 0x0, 0x0, 0x0,
    0x0, 0x0, 0x0, 0x0, 0x8000, 0x8000, 0x8000, 0x8000, 0x8000, 0x8000, 0x8000, 0x2000, 0x2000, 0x2000, 0x2000, 0x2000,
    0x2000, 0x2000, 0x2000, 0x2000, 0x0, 0x0, 0x0, 0x0, 0x2000, 0x0, 0x0, 0x0, 0x0, 0x0, 0x0, 0x0,
    0x0, 0x8000, 0x0, 0x0, 0x0, 0x8000, 0x0, 0x0, 0x0, 0x0, 0x0, 0x0, 0x0, 0x0, 0x0, 0x0,
    0x0, 0x0, 0x0, 0x0, 0x0, 0x0, 0x0, 0x0, 0x0, 0x0, 0x0, 0x0, 0x0, 0x8000, 0x0, 0x0,
    0x0, 0x0, 0x0, 0x0, 0x0, 0x0, 0x0, 0x0, 0x8000, 0x0, 0x0, 0x0, 0x0, 0x0, 0x8000, 0x8000,
    0x0, 0x0, 0x0, 0x0, 0x0, 0x8000, 0x0, 0x0, 0x0, 0x8000, 0x0, 0x0, 0x0, 0x0, 0x8000, 0x8000,
    0x8000, 0x8000, 0x8000, 0x8000, 0x8000, 0x0, 0x0, 0x8000, 0x8000, 0x8000, 0x8000, 0x8000, 0x0, 0x0, 0x0, 0x8000,
    0x0, 0x0, 0x0, 0x0, 0x8000, 0x8000, 0x0, 0x0, 0x0, 0x0, 0x0, 0x0, 0x0, 0x0, 0x0, 0x0,
    0x8000, 0x0, 0x0, 0x0, 0x8000, 0x8000, 0x8000, 0x8000, 0x8000, 0x8000, 0x8000, 0x8000, 0x8000, 0x8000, 0x8000, 0x8000,
    0x0, 0x0, 0x0, 0x0, 0x0, 0x0, 0x0, 0x0, 0x0, 0x0, 0x0, 0x0, 0x0, 0x8000, 0x0, 0x0,
    0x0, 0x8000, 0x0, 0x0, 0x0, 0x0, 0x0, 0x0, 0x0, 0x0, 0x0, 0x0, 0x0, 0x0, 0x0, 0x0,
    0x0, 0x0, 0x0, 0x0, 0x0, 0x0, 0x0, 0x0, 0x0, 0x0, 0x0, 0x0, 0x0, 0x0, 0x0, 0x0,
    0x0, 0x0, 0x0, 0x0, 0x0, 0x0, 0x0, 0x0, 0x0, 0x0, 0x0, 0x0, 0x0, 0x0, 0x0, 0x0,
    0x8000, 0x0, 0x0, 0x0, 0x8000, 0x0, 0x0, 0x0, 0x0, 0x0, 0x2000, 0x8000, 0x8000, 0x8000, 0x8000, 0x0,
    0x0, 0x0, 0x0, 0x2000, 0x2000, 0x2000, 0x2000, 0x2000, 0x2000, 0x2000, 0x0, 0x0, 0x0, 0x0, 0x0, 0x8000,
    0x8000, 0x0, 0x0, 0x0, 0x0, 0x0, 0x0, 0x0, 0x0, 0x0, 0x0, 0x2000, 0x2000, 0x2000, 0x2000, 0x2000,
    0x2000, 0x2000, 0x2000, 0x2000, 0x2000, 0x0, 0x0, 0x0, 0x0, 0x0, 0x0, 0x8000, 0x0, 0x0, 0x0, 0x8000,
    0x0, 0x0, 0x0, 0x0, 0x0, 0x0, 0x0, 0x0, 0x0, 0x0, 0x0, 0x0, 0x0, 0x0, 0x0, 0x0,
    0x0, 0x0, 0x8000, 0x8000, 0x8000, 0x0, 0x0, 0x0, 0x0, 0x0, 0x0, 0x0, 0x0, 0x0, 0x0, 0x0,
    0x0, 0x0, 0x0, 0x0, 0x0, 0x0, 0x0, 0x0, 0x0, 0x0, 0x0, 0x0, 0x0, 0x8000, 0x0, 0x0,
    0x0, 0x0, 0x0, 0x0, 0x0, 0x0, 0x0, 0x8000, 0x0, 0x8000, 0x8000, 0x0, 0x0, 0x0, 0x0, 0x0,
    0x0, 0x0, 0x8000, 0x8000, 0x8000, 0x0, 0x8000, 0x8000, 0x8000, 0x8000, 0x0, 0x0, 0x0, 0x0, 0x0, 0x0,
    0x8000, 0x0, 0x8000, 0x0, 0x0, 0x0, 0x0, 0x0, 0x0, 0x0, 0x0, 0x8000, 0x8000, 0x8000, 0x8000, 0x8000,
    0x8000, 0x0, 0x0, 0x0, 0x0, 0x0, 0x0, 0x0, 0x0, 0x0, 0x0, 0x8000, 0x8000, 0x0, 0x0, 0x2000,
    0x8000, 0x8000, 0x8000, 0x8000, 0x8000, 0x8000, 0x8000, 0x8000, 0x8000, 0x8000, 0x8000, 0x0, 0x0, 0x0, 0x0, 0x0,
    0x0, 0x0, 0x0, 0x0, 0x0, 0x0, 0x0, 0x0, 0x0, 0x0, 0x0, 0x0, 0x0, 0x0, 0x0, 0x0,
    0x0, 0x0, 0x0, 0x0, 0x0, 0x0, 0x0, 0x0, 0x0, 0x0, 0x0, 0x0, 0x0, 0x0, 0x0, 0x0,
    0x0, 0x0, 0x0, 0x0, 0x0, 0x0, 0x0, 0x0, 0x0, 0x0, 0x0, 0x0, 0x0, 0xC208, 0x0, 0x0,
    0x0, 0x0, 0x0, 0x0, 0x0, 0x8000, 0x8000, 0x8000, 0x8000, 0x2000, 0x0, 0x0, 0x0, 0x0, 0x0, 0x0,
    0x0, 0x0, 0x0, 0x0, 0x0, 0x0, 0x0, 0x0, 0x0, 0x2000, 0x0, 0x0, 0x0, 0x0, 0x0, 0x0,
    0x0, 0x0, 0x0, 0x0, 0x2000, 0x2000, 0x8000, 0x8000, 0x8000, 0x8000, 0x8000, 0x8000, 0x8000, 0x8000, 0x8000, 0x8000,
    0x8000, 0x8000, 0x8000, 0x8000, 0x8000, 0x8000, 0x8000, 0x8000, 0x8000, 0x8000, 0x8000, 0x8000, 0x8000, 0x8000, 0x8000, 0x8000,
    0x8000, 0x8000, 0x8000, 0x8000, 0x8000, 0x8000, 0x8000, 0x8000, 0x8000, 0x8000, 0x0, 0x0, 0x8000, 0x0, 0x8000, 0x0,
    0x0, 0x0, 0x0, 0x0, 0x8000, 0x0, 0x0, 0x0, 0x0, 0x0, 0x0, 0x0, 0x0, 0x0, 0x0, 0x0,
    0x0, 0x0, 0x0, 0x0, 0x0, 0x0, 0x0, 0x0, 0x0, 0x0, 0x0, 0x0, 0x0, 0x8000, 0x0, 0x8000,
    0x0, 0x0, 0x0, 0x0, 0x0, 0x0, 0x0, 0x0, 0x0, 0x0, 0x0, 0x0, 0xC209, 0x0, 0x0, 0x0,
    0x0, 0x0, 0x0, 0x0, 0x0, 0x0, 0x0, 0x8000, 0x8000, 0x0, 0x0, 0x0, 0x0, 0x0, 0x8000, 0x0,
    0x8000, 0x0, 0x0, 0x0, 0x0, 0x0, 0x0, 0x0, 0x8000, 0x0, 0x0, 0x0, 0x0, 0x0, 0x0, 0x0,
    0x0, 0x0, 0x0, 0x8000, 0x8000, 0xC20A, 0xC20B, 0x0, 0x0, 0x8000, 0x8000, 0x8000, 0x8000, 0x8000, 0x8000, 0x8000,
    0x8000, 0x8000, 0x8000, 0x8000, 0x8000, 0x8000, 0x8000, 0x8000, 0x8000, 0x8000, 0x8000, 0x8000, 0x8000, 0x8000, 0x8000, 0x8000,
    0x8000, 0x8000, 0x8000, 0x8000, 0x8000, 0x8000, 0x8000, 0x8000, 0x8000, 0x0, 0x2000, 0x2000, 0x2000, 0x2000, 0x2000, 0x2000,
    0x2000, 0x2000, 0x2000, 0x2000, 0x0, 0xC20C, 0x2000, 0x2000, 0x2000, 0x2000, 0x2000, 0x2000, 0x2000, 0x2000, 0x2000, 0x2000,
    0x2000, 0x0, 0x0, 0x2000, 0x2000, 0x2000, 0x2000, 0x2000, 0x2000, 0x0, 0x0, 0x0, 0x0, 0x0, 0x0, 0x0,
    0x0, 0x0, 0x0, 0x2000, 0x2000, 0x2000, 0x2000, 0x2000, 0x2000, 0x2000, 0x2000, 0x2000, 0x2000, 0x2000, 0x0, 0x2000,
    0x0, 0x2000, 0x0, 0x2000, 0x2000, 0x2000, 0x2000, 0x0, 0x0, 0x0, 0xC20D, 0x0, 0x0, 0x0, 0x0, 0x8000,
    0x0, 0x0, 0x0, 0x0, 0xC20E, 0x0, 0x0, 0x0, 0x0, 0xC20F, 0x0, 0x0, 0x0, 0x0, 0xC210, 0x0,
    0x0, 0x0, 0x0, 0xC211, 0x0, 0x0, 0x0, 0x0, 0x0, 0x0, 0x0, 0x0, 0x0, 0x0, 0x0, 0x0,
    0xC212, 0x0, 0x0, 0x0, 0x8000, 0x8000, 0x8000, 0x8000, 0x0, 0x0, 0xC213, 0x0, 0xC214, 0xC215, 0xC216, 0xC217,
    0xC218, 0x0, 0x0, 0x0, 0x0, 0x0, 0x0, 0xC219, 0x0, 0x0, 0x0, 0x2000, 0x0, 0x0, 0x0, 0x0,
    0x0, 0x0, 0x0, 0x0, 0x0, 0x0, 0x0, 0x0, 0x0, 0xC21A, 0x0, 0x0, 0x0, 0x0, 0x8000, 0x0,
    0x0, 0x0, 0x0, 0xC21B, 0x0, 0x0, 0x0, 0x0, 0xC21C, 0x0, 0x0, 0x0, 0x0, 0xC21D, 0x0, 0x0,
    0x0, 0x0, 0xC21E, 0x0, 0x0, 0x0, 0x0, 0x0, 0x0, 0x0, 0x0, 0x0, 0x0, 0x0, 0x0, 0xC21F,
    0x0, 0x0, 0x0, 0x8000, 0x2000, 0x2000, 0x2000, 0x2000, 0x2000, 0x2000, 0x0, 0x2000, 0x2000, 0x2000, 0x2000, 0x2000,
    0x2000, 0x8000, 0x2000, 0x2000, 0x2000, 0x2000, 0x2000, 0x2000, 0x2000, 0x2000, 0x2000, 0x2000, 0x2000, 0x2000, 0x2000, 0x8000,
    0x8000, 0x8000, 0x8000, 0x8000, 0x8000, 0x8000, 0x8000, 0x8000, 0x8000, 0x8000, 0x8000, 0x8000, 0x8000, 0x8000, 0x8000, 0x8000,
    0x8000, 0x8000, 0x8000, 0x8000, 0x8000, 0x8000, 0x8000, 0x8000, 0x8000, 0x8000, 0x8000, 0x8000, 0x8000, 0x8000, 0x8000, 0x8000,
    0x8000, 0x8000, 0x8000, 0x8000, 0x0, 0x0, 0x0, 0x0, 0x0, 0x0, 0x0, 0x0, 0x0, 0x0, 0x2000, 0x2000,
    0x2000, 0x2000, 0x2000, 0x2000, 0x0, 0x0, 0x0, 0x0, 0x0, 0x0, 0x0, 0x0, 0x0, 0x0, 0x0, 0x0,
    0x0, 0x0, 0x0, 0x0, 0x0, 0x0, 0x0, 0x0, 0x0, 0x0, 0x0, 0x0, 0x0, 0x0, 0x0, 0x0,
    0x0, 0x0, 0x0, 0x0, 0x0, 0x0, 0x0, 0x0, 0x0, 0x0, 0x0, 0x0, 0x0, 0x0, 0x0, 0x0,
    0x0, 0x0, 0x0, 0x0, 0x2000, 0x2000, 0xC220, 0xC221, 0xC222, 0xC223, 0xC224, 0xC225, 0xC226, 0xC227, 0xC228, 0xC229,
    0xC22A, 0xC22B, 0xC22C, 0xC22D, 0xC22E, 0xC22F, 0xC230, 0xC231, 0xC232, 0xC233, 0xC234, 0xC235, 0xC236, 0xC237, 0xC238, 0xC239,
    0xC23A, 0xC23B, 0xC23C, 0xC23D, 0xC23E, 0xC23F, 0xC240, 0xC241, 0xC242, 0xC243, 0xC244, 0xC245, 0x8000, 0xC246, 0x8000, 0x8000,
    0x8000, 0x8000, 0x8000, 0xC247, 0x8000, 0x8000, 0x0, 0x0, 0x0, 0x0, 0x0, 0x0, 0x0, 0x0, 0x0, 0x0,
    0x0, 0x0, 0x0, 0x0, 0x0, 0x0, 0x0, 0x0, 0x0, 0x0, 0x0, 0x0, 0x0, 0x0, 0x0, 0x0,
    0x0, 0x0, 0x0, 0x0, 0x0, 0x0, 0x0, 0x0, 0x0, 0x0, 0x0, 0x0, 0x0, 0x0, 0x0, 0x0,
    0x0, 0x2000, 0xC248, 0x0, 0x0, 0x0, 0x2000, 0x2000, 0x2000, 0x2000, 0x2000, 0x2000, 0x2000, 0x2000, 0x2000, 0x2000,
    0x2000, 0x2000, 0x2000, 0x2000, 0x2000, 0x2000, 0x2000, 0x2000, 0x2000, 0x2000, 0x2000, 0x2000, 0x2000, 0x2000, 0x2000, 0x2000,
    0x2000, 0x2000, 0x2000, 0x2000, 0x2000, 0x2000, 0x2000, 0x2000, 0x2000, 0x2000, 0x2000, 0x2000, 0x2000, 0x2000, 0x2000, 0x2000,
    0x2000, 0x2000, 0x2000, 0x2000, 0x2000, 0x2000, 0x2000, 0x2000, 0x2000, 0x2000, 0x2000, 0x2000, 0x2000, 0x2000, 0x2000, 0x2000,
    0x2000, 0x2000, 0x2000, 0x2000, 0x2000, 0x2000, 0x6000, 0x6000, 0x2000, 0x2000, 0x2000, 0x2000, 0x2000, 0x2000, 0x2000, 0x2000,
    0x2000, 0x2000, 0x2000, 0x2000, 0x2000, 0x2000, 0x2000, 0x2000, 0x2000, 0x2000, 0x2000, 0x2000, 0x2000, 0x2000, 0x2000, 0x2000,
    0x2000, 0x2000, 0x2000, 0x2000, 0x2000, 0x2000, 0x2000, 0x0, 0x0, 0x0, 0x0, 0x0, 0x0, 0x0, 0x0, 0x0,
    0x8000, 0x0, 0x0, 0x0, 0x0, 0x8000, 0x8000, 0x0, 0x0, 0x0, 0x0, 0x0, 0x0, 0x0, 0x8000, 0x0,
    0x8000, 0x0, 0x0, 0x0, 0x0, 0x8000, 0x8000, 0x0, 0x0, 0x0, 0x0, 0x0, 0x0, 0x0, 0x0, 0x0,
    0x0, 0x0, 0x0, 0x0, 0x0, 0x0, 0x0, 0x0, 0x0, 0x0, 0x0, 0x0, 0x0, 0x0, 0x0, 0x0,
    0x0, 0x0, 0x0, 0x0, 0x0, 0x0, 0x0, 0x8000, 0x0, 0x0, 0x0, 0x0, 0x8000, 0x8000, 0x0, 0x0,
    0x0, 0x0, 0x0, 0x0, 0x0, 0x0, 0x0, 0x0, 0x0, 0x0, 0x0, 0x0, 0x0, 0x0, 0x0, 0x0,
    0x0, 0x0, 0x0, 0x0, 0x0, 0x0, 0x0, 0x0, 0x0, 0x0, 0x0, 0x0, 0x0, 0x0, 0x0, 0x8000,
    0x0, 0x0, 0x0, 0x0, 0x8000, 0x8000, 0x0, 0x0, 0x0, 0x0, 0x0, 0x0, 0x0, 0x8000, 0x0, 0x0,
    0x0, 0x0, 0x8000, 0x8000, 0x0, 0x0, 0x0, 0x0, 0x0, 0x0, 0x0, 0x0, 0x0, 0x0, 0x0, 0x0,
    0x0, 0x0, 0x0, 0x8000, 0x0, 0x0, 0x0, 0x0, 0x0, 0x0, 0x0, 0x0, 0x0, 0x0, 0x0, 0x0,
    0x0, 0x0, 0x0, 0x0, 0x0, 0x0, 0x0, 0x0, 0x0, 0x0, 0x0, 0x0, 0x0, 0x0, 0x0, 0x0,
    0x0, 0x0, 0x0, 0x0, 0x0, 0x0, 0x0, 0x0, 0x0, 0x0, 0x0, 0x0, 0x8000, 0x0, 0x0, 0x0,
    0x0, 0x8000, 0x8000, 0x0, 0x0, 0x0, 0x0, 0x0, 0x0, 0x0, 0x0, 0x0, 0x0, 0x0, 0x0, 0x0,
    0x0, 0x0, 0x0, 0x0, 0x0, 0x0, 0x0, 0x0, 0x0, 0x0, 0x0, 0x0, 0x0, 0x0, 0x0, 0x0,
    0x0, 0x0, 0x0, 0x0, 0x0, 0x0, 0x0, 0x0, 0x0, 0x0, 0x0, 0x8000, 0x8000, 0x0, 0x0, 0x0,
    0x2000, 0x2000, 0x2000, 0x2000, 0x2000, 0x2000, 0x2000, 0x2000, 0x2000, 0x2000, 0x2000, 0x2000, 0x2000, 0x2000, 0x2000, 0x2000,
    0x2000, 0x2000, 0x2000, 0x2000, 0x2000, 0x2000, 0x2000, 0x2000, 0x2000, 0x2000, 0x2000, 0x2000, 0x2000, 0x8000, 0x8000, 0x8000,
    0x0, 0x0, 0x0, 0x0, 0x0, 0x0, 0x0, 0x0, 0x0, 0x0, 0x0, 0x0, 0x0, 0x0, 0x0, 0x0,
    0x2000, 0x2000, 0x2000, 0x2000, 0x2000, 0x2000, 0x2000, 0x2000, 0x2000, 0x2000, 0x8000, 0x8000, 0x8000, 0x8000, 0x8000, 0x8000,
    0x0, 0x0, 0x0, 0x0, 0x0, 0x0, 0x0, 0x0, 0x0, 0x0, 0x0, 0x0, 0x0, 0x0, 0x0, 0x0,
    0x0, 0x0, 0x0, 0x0, 0x0, 0x0, 0x0, 0x0, 0x0, 0x0, 0x0, 0x0, 0x0, 0x0, 0x0, 0x0,
    0x0, 0x0, 0x0, 0x0, 0x0, 0x0, 0x0, 0x0, 0x0, 0x0, 0x0, 0x0, 0x0, 0x0, 0x0, 0x0,
    0x0, 0x0, 0x0, 0x0, 0x0, 0x0, 0x8000, 0x8000, 0xC249, 0xC24A, 0xC24B, 0xC24C, 0xC24D, 0xC24E, 0x8000, 0x8000,
    0x2000, 0x0, 0x0, 0x0, 0x0, 0x0, 0x0, 0x0, 0x0, 0x0, 0x0, 0x0, 0x0, 0x0, 0x0, 0x0,
    0x0, 0x0, 0x0, 0x0, 0x0, 0x0, 0x0, 0x0, 0x0, 0x0, 0x0, 0x0, 0x0, 0x0, 0x0, 0x0,
    0x0, 0x0, 0x0, 0x0, 0x0, 0x0, 0x0, 0x0, 0x0, 0x0, 0x0, 0x0, 0x0, 0x0, 0x0, 0x0,
    0x0, 0x0, 0x0, 0x0, 0x0, 0x0, 0x0, 0x0, 0x0, 0x0, 0x0, 0x0, 0x0, 0x0, 0x0, 0x0,
    0x2000, 0x2000, 0x0, 0x0, 0x0, 0x0, 0x0, 0x0, 0x0, 0x0, 0x0, 0x0, 0x0, 0x0, 0x0, 0x0,
    0x0, 0x0, 0x0, 0x8000, 0x0, 0x0, 0x0, 0x0, 0x0, 0x0, 0x0, 0x0, 0x0, 0x0, 0x0, 0x0,
    0x0, 0x0, 0x0, 0x0, 0x0, 0x0, 0x0, 0x0, 0x0, 0x0, 0x0, 0x0, 0x0, 0x0, 0x2000, 0x2000,
    0x8000, 0x8000, 0x8000, 0x0, 0x0, 0x0, 0x0, 0x0, 0x0, 0x0, 0x0, 0x0, 0x0, 0x0, 0x0, 0x0,
    0x0, 0x0, 0x0, 0x0, 0x0, 0x0, 0x0, 0x0, 0x0, 0x0, 0x0, 0x0, 0x0, 0x0, 0x0, 0x0,
    0x0, 0x0, 0x0, 0x0, 0x0, 0x0, 0x0, 0x0, 0x0, 0x0, 0x0, 0x0, 0x0, 0x0, 0x2000, 0x2000,
    0x2000, 0x2000, 0x2000, 0x2000, 0x0, 0x0, 0x0, 0x0, 0x0, 0x0, 0x0, 0x0, 0x8000, 0x8000, 0x8000, 0x8000,
    0x8000, 0x8000, 0x8000, 0x0, 0x0, 0x0, 0x0, 0x0, 0x0, 0x0, 0x0, 0x0, 0x0, 0x0, 0x0, 0x0,
    0x0, 0x0, 0x0, 0x0, 0x0, 0x0, 0x0, 0x0, 0x0, 0x8000, 0x8000, 0x8000, 0x8000, 0x8000, 0x8000, 0x8000,
    0x8000, 0x8000, 0x0, 0x0, 0x0, 0x0, 0x0, 0x0, 0x0, 0x0, 0x0, 0x0, 0x0, 0x0, 0x0, 0x0,
    0x0, 0x0, 0x0, 0x0, 0x0, 0x0, 0x0, 0x0, 0x2000, 0x2000, 0x8000, 0x8000, 0x8000, 0x8000, 0x8000, 0x8000,
    0x8000, 0x8000, 0x8000, 0x0, 0x0, 0x0, 0x0, 0x0, 0x0, 0x0, 0x0, 0x0, 0x0, 0x0, 0x0, 0x0,
    0x0, 0x0, 0x0, 0x0, 0x0, 0x0, 0x0, 0x8000, 0x8000, 0x8000, 0x8000, 0x8000, 0x8000, 0x8000, 0x8000, 0x8000,
    0x8000, 0x8000, 0x8000, 0x0, 0x0, 0x0, 0x0, 0x0, 0x0, 0x0, 0x0, 0x0, 0x0, 0x0, 0x0, 0x0,
    0x8000, 0x0, 0x0, 0x0, 0x8000, 0x0, 0x0, 0x8000, 0x8000, 0x8000, 0x8000, 0x8000, 0x8000, 0x8000, 0x8000, 0x8000,
    0x8000, 0x8000, 0x8000, 0x0, 0x0, 0x0, 0x0, 0x0, 0x0, 0x0, 0x0, 0x0, 0x0, 0x0, 0x0, 0x0,
    0x0, 0x0, 0x0, 0x0, 0x0, 0x0, 0x0, 0x0, 0x0, 0x0, 0x0, 0x0, 0x0, 0x0, 0x0, 0x0,
    0x0, 0x0, 0x0, 0x0, 0x0, 0x0, 0x0, 0x0, 0x0, 0x0, 0x0, 0x0, 0x0, 0x0, 0x0, 0x0,
    0x0, 0x0, 0x0, 0x0, 0x0, 0x0, 0x0, 0x6000, 0x6000, 0x0, 0x0, 0x0, 0x0, 0x0, 0x0, 0x0,
    0x0, 0x0, 0x0, 0x0, 0x0, 0x0, 0x0, 0x0, 0x0, 0x0, 0x0, 0x0, 0x0, 0x2000, 0x2000, 0x2000,
    0x0, 0x2000, 0x2000, 0x2000, 0x2000, 0x0, 0x0, 0x8000, 0x8000, 0x0, 0x0, 0x0, 0x0, 0x0, 0x0, 0x0,
    0x0, 0x0, 0x0, 0x8000, 0x8000, 0x8000, 0x8000, 0x8000, 0x8000, 0x2000, 0x2000, 0x2000, 0x2000, 0x2000, 0x2000, 0x2000,
    0x2000, 0x2000, 0x2000, 0x8000, 0x8000, 0x8000, 0x8000, 0x8000, 0x8000, 0x2000, 0x2000, 0x2000, 0x2000, 0x2000, 0x2000, 0x2000,
    0x2000, 0x2000, 0x2000, 0x2000, 0x6000, 0x6000, 0x6000, 0x6000, 0x6000, 0x0, 0x0, 0x0, 0x0, 0x0, 0x0, 0x0,
    0x0, 0x0, 0x0, 0x8000, 0x8000, 0x8000, 0x8000, 0x8000, 0x8000, 0x0, 0x0, 0x0, 0x0, 0x0, 0x0, 0x0,
    0x0, 0x0, 0x0, 0x0, 0x0, 0x0, 0x0, 0x0, 0x0, 0x0, 0x0, 0x0, 0x0, 0x0, 0x0, 0x0,
    0x0, 0x0, 0x0, 0x0, 0x0, 0x0, 0x0, 0x0, 0x0, 0x0, 0x0, 0x0, 0x0, 0x0, 0x0, 0x0,
    0x0, 0x0, 0x0, 0x0, 0x0, 0x0, 0x0, 0x0, 0x0, 0x0, 0x0, 0x0, 0x0, 0x0, 0x0, 0x0,
    0x0, 0x0, 0x8000, 0x8000, 0x8000, 0x8000, 0x8000, 0x8000, 0x8000, 0x0, 0x0, 0x0, 0x0, 0x0, 0x0, 0x0,
    0x0, 0x0, 0x0, 0x0, 0x0, 0x0, 0x0, 0x0, 0x0, 0x0, 0x0, 0x0, 0x0, 0x0, 0x0, 0x0,
    0x0, 0x0, 0x0, 0x0, 0x0, 0x0, 0x0, 0x0, 0x0, 0x0, 0x0, 0x0, 0x0, 0x0, 0x0, 0x0,
    0x0, 0x0, 0x0, 0x0, 0x8000, 0x8000, 0x8000, 0x8000, 0x8000, 0x0, 0x0, 0x0, 0x0, 0x0, 0x0, 0x0,
    0x0, 0x0, 0x0, 0x0, 0x0, 0x0, 0x0, 0x0, 0x0, 0x0, 0x0, 0x0, 0x0, 0x0, 0x0, 0x0,
    0x0, 0x0, 0x0, 0x0, 0x0, 0x0, 0x0, 0x0, 0x0, 0x0, 0x0, 0x0, 0x0, 0x0, 0x0, 0x0,
    0x0, 0x0, 0x0, 0x0, 0x0, 0x0, 0x0, 0x0, 0x0, 0x0, 0x0, 0x0, 0x0, 0x0, 0x0, 0x8000,
    0x8000, 0x8000, 0x8000, 0x8000, 0x8000, 0x8000, 0x8000, 0x8000, 0x8000, 0x0, 0x0, 0x0, 0x0, 0x0, 0x0, 0x0,
    0x0, 0x0, 0x0, 0x0, 0x0, 0x0, 0x0, 0x0, 0x0, 0x0, 0x0, 0x0, 0x0, 0x0, 0x0, 0x0,
    0x0, 0x0, 0x0, 0x0, 0x0, 0x0, 0x0, 0x0, 0x8000, 0x0, 0x0, 0x0, 0x0, 0x0, 0x0, 0x0,
    0x0, 0x0, 0x0, 0x0, 0x0, 0x8000, 0x8000, 0x8000, 0x8000, 0x0, 0x0, 0x0, 0x0, 0x0, 0x0, 0x0,
    0x0, 0x0, 0x0, 0x0, 0x0, 0x8000, 0x8000, 0x8000, 0x8000, 0x2000, 0x8000, 0x8000, 0x8000, 0x2000, 0x2000, 0x0,
    0x0, 0x0, 0x0, 0x0, 0x0, 0x0, 0x0, 0x0, 0x0, 0x0, 0x0, 0x0, 0x0, 0x0, 0x0, 0x0,
    0x0, 0x0, 0x0, 0x0, 0x0, 0x0, 0x0, 0x0, 0x0, 0x0, 0x0, 0x0, 0x0, 0x0, 0x0, 0x0,
    0x0, 0x0, 0x0, 0x0, 0x0, 0x0, 0x0, 0x8000, 0x8000, 0x0, 0x0, 0x0, 0x0, 0x0, 0x8000, 0x8000,
    0x8000, 0x8000, 0x8000, 0x8000, 0x8000, 0x8000, 0x8000, 0x8000, 0x8000, 0x0, 0x0, 0x0, 0x0, 0x0, 0x0, 0x0,
    0x0, 0x0, 0x0, 0x0, 0x0, 0x0, 0x0, 0x0, 0x0, 0x0, 0x0, 0x0, 0x0, 0x0, 0x0, 0x0,
    0x0, 0x0, 0x0, 0x0, 0x0, 0x0, 0x0, 0x0, 0x0, 0x0, 0x0, 0x0, 0x0, 0x0, 0x0, 0x0,
    0x0, 0x0, 0x0, 0x0, 0x0, 0x8000, 0x8000, 0x8000, 0x8000, 0x0, 0x0, 0x0, 0x0, 0x0, 0x0, 0x0,
    0x0, 0x0, 0x0, 0x0, 0x0, 0x0, 0x0, 0x0, 0x0, 0x8000, 0x8000, 0x8000, 0x8000, 0x8000, 0x8000, 0x0,
    0x0, 0x0, 0x0, 0x0, 0x0, 0x0, 0x0, 0x0, 0x0, 0x4000, 0x8000, 0x8000, 0x8000, 0x2000, 0x2000, 0x2000,
    0x2000, 0x2000, 0x2000, 0x2000, 0x2000, 0x2000, 0x2000, 0x2000, 0x2000, 0x2000, 0x2000, 0x2000, 0x2000, 0x2000, 0x2000, 0x2000,
    0x2000, 0x2000, 0x2000, 0x2000, 0x2000, 0x2000, 0x2000, 0x2000, 0x2000, 0x2000, 0x2000, 0x2000, 0x2000, 0x2000, 0x2000, 0x0,
    0x0, 0x0, 0x0, 0x0, 0x0, 0x0, 0x0, 0x0, 0x0, 0x0, 0x0, 0x0, 0x0, 0x0, 0x0, 0x0,
    0x0, 0x0, 0x0, 0x0, 0x0, 0x0, 0x0, 0x0, 0x0, 0x0, 0x0, 0x8000, 0x8000, 0x2000, 0x2000, 0x0,
    0x0, 0x0, 0x0, 0x0, 0x0, 0x0, 0x0, 0x0, 0x0, 0x0, 0x0, 0x0, 0x0, 0x0, 0x0, 0x0,
    0x0, 0x0, 0x0, 0x0, 0x0, 0x0, 0x0, 0x0, 0x0, 0x0, 0x0, 0x0, 0x0, 0x0, 0x0, 0x8000,
    0x0, 0x0, 0x0, 0x0, 0x0, 0x0, 0x0, 0x0, 0x0, 0x0, 0x0, 0x0, 0x0, 0x0, 0x0, 0x0,
    0x0, 0x0, 0x0, 0x0, 0x0, 0x0, 0x0, 0x0, 0x0, 0x0, 0x0, 0x0, 0x0, 0x8000, 0x8000, 0x0,
    0x0, 0x0, 0x0, 0x0, 0x0, 0x0, 0x0, 0x0, 0x0, 0x8000, 0x8000, 0x8000, 0x8000, 0x8000, 0x8000, 0x0,
    0x0, 0x0, 0x0, 0x0, 0x0, 0x0, 0x0, 0x0, 0x0, 0x8000, 0x8000, 0x8000, 0x8000, 0x8000, 0x8000, 0x2000,
    0x2000, 0x2000, 0x2000, 0x2000, 0x2000, 0x2000, 0x0, 0x2000, 0x2000, 0x2000, 0x2000, 0x2000, 0x2000, 0x8000, 0x8000, 0x0,
    0x0, 0x0, 0x0, 0x0, 0x0, 0x0, 0x0, 0x0, 0x0, 0x0, 0x0, 0x0, 0x0, 0x2000, 0x0, 0x0,
    0x0, 0x0, 0x0, 0x0, 0x0, 0x0, 0x0, 0x0, 0x0, 0x0, 0x0, 0x0, 0x0, 0x0, 0x0, 0x0,
    0x0, 0x0, 0x0, 0x0, 0x0, 0x0, 0x0, 0x0, 0x0, 0x0, 0x0, 0x0, 0x0, 0x0, 0x0, 0x0,
    0x0, 0x0, 0x0, 0x0, 0x0, 0x0, 0x0, 0x0, 0x0, 0x0, 0x0, 0x0, 0x0, 0x0, 0x0, 0x8000,
    0x8000, 0x8000, 0x8000, 0x8000, 0x8000, 0x8000, 0x8000, 0x8000, 0x8000, 0x8000, 0x8000, 0x8000, 0x8000, 0x8000, 0x0, 0x0,
    0x0, 0x0, 0x0, 0x0, 0x0, 0x0, 0x0, 0x0, 0x0, 0x0, 0x0, 0x8000, 0x2000, 0x2000, 0x0, 0x0,
    0x0, 0x0, 0x0, 0x0, 0x0, 0x0, 0x0, 0x0, 0x2000, 0x2000, 0x2000, 0x2000, 0x2000, 0x2000, 0x2000, 0x2000,
    0x2000, 0x2000, 0x2000, 0x2000, 0x2000, 0x2000, 0x2000, 0x2000, 0x2000, 0x0, 0x0, 0x0, 0x0, 0x0, 0x0, 0x0,
    0x0, 0x0, 0x2000, 0x2000, 0x2000, 0x2000, 0x2000, 0x2000, 0x2000, 0x2000, 0x2000, 0x2000, 0x2000, 0x2000, 0x0, 0x0,
    0x0, 0x0, 0x0, 0x0, 0x0, 0x0, 0x0, 0x0, 0x0, 0x0, 0x0, 0x0, 0x0, 0x0, 0x0, 0x0,
    0x0, 0x0, 0x0, 0x0, 0x0, 0x0, 0x0, 0x0, 0x0, 0x0, 0x0, 0x0, 0x0, 0x0, 0x0, 0x0,
    0x0, 0x0, 0x0, 0x0, 0x0, 0x0, 0x0, 0x0, 0x0, 0x0, 0x0, 0x0, 0x0, 0x0, 0x0, 0x0,
    0x0, 0x0, 0x8000, 0x8000, 0x8000, 0x8000, 0x8000, 0x8000, 0x8000, 0x8000, 0x2000, 0x2000, 0x2000, 0x2000, 0x0, 0x0,
    0x0, 0x0, 0x0, 0x0, 0x0, 0x0, 0x0, 0x0, 0x0, 0x0, 0x0, 0x0, 0x0, 0x0, 0x0, 0x0,
    0x0, 0x0, 0x0, 0x0, 0x0, 0x0, 0x0, 0x0, 0x0, 0x0, 0x0, 0x0, 0x0, 0x0, 0x0, 0x0,
    0x0, 0x0, 0x0, 0x0, 0x0, 0x0, 0x0, 0x0, 0x0, 0x0, 0x0, 0x0, 0x0, 0x0, 0x0, 0x0,
    0x0, 0x0, 0x0, 0x0, 0x0, 0x0, 0x8000, 0x8000, 0x8000, 0x2000, 0x2000, 0x2000, 0x2000, 0x2000, 0x0, 0x0,
    0x0, 0x0, 0x0, 0x0, 0x0, 0x0, 0x0, 0x0, 0x8000, 0x8000, 0x8000, 0x0, 0x0, 0x0, 0x0, 0x0,
    0x0, 0x0, 0x0, 0x0, 0x0, 0x0, 0x0, 0x0, 0x0, 0x0, 0x0, 0x0, 0x0, 0x0, 0x0, 0x0,
    0x0, 0x0, 0x0, 0x0, 0x0, 0x0, 0x0, 0x0, 0x0, 0x0, 0x0, 0x0, 0x0, 0x0, 0x0, 0x0,
    0x0, 0x0, 0x0, 0x0, 0x0, 0x0, 0x0, 0x0, 0x0, 0x0, 0x0, 0x0, 0x2000, 0x2000, 0xC148, 0xC14A,
    0xC154, 0xC157, 0xC158, 0xC158, 0xC160, 0xC167, 0xC24F, 0xC250, 0x0, 0x8000, 0x8000, 0x8000, 0x8000, 0x8000, 0xC251, 0xC252,
    0xC253, 0xC254, 0xC255, 0xC256, 0xC257, 0xC258, 0xC259, 0xC25A, 0xC25B, 0xC25C, 0xC248, 0xC25D, 0xC25E, 0xC25F, 0xC260, 0xC261,
    0xC262, 0xC263, 0xC264, 0xC265, 0xC266, 0xC267, 0xC268, 0xC269, 0xC26A, 0xC26B, 0xC26C, 0xC26D, 0xC26E, 0xC26F, 0xC270, 0xC271,
    0xC272, 0xC273, 0xC274, 0xC275, 0xC276, 0xC277, 0xC278, 0xC279, 0xC27A, 0x8000, 0x8000, 0xC27B, 0xC27C, 0xC27D, 0x2000, 0x2000,
    0x2000, 0x2000, 0x2000, 0x2000, 0x2000, 0x2000, 0x8000, 0x8000, 0x8000, 0x8000, 0x8000, 0x8000, 0x8000, 0x8000, 0x0, 0x0,
    0x0, 0x2000, 0x0, 0x0, 0x0, 0x0, 0x0, 0x0, 0x0, 0x0, 0x0, 0x0, 0x0, 0x0, 0x0, 0x0,
    0x0, 0x0, 0x0, 0x0, 0x0, 0x0, 0x0, 0x0, 0x0, 0x0, 0x0, 0x0, 0x0, 0x0, 0x0, 0x0,
    0x0, 0x0, 0x0, 0x0, 0x0, 0x0, 0x0, 0x0, 0x0, 0x8000, 0x8000, 0x8000, 0x8000, 0x8000, 0x0, 0x0,
    0x0, 0x0, 0x0, 0x0, 0x0, 0x0, 0x0, 0x0, 0x0, 0x0, 0x0, 0x0, 0x0, 0x0, 0x0, 0x0,
    0x0, 0x0, 0x0, 0x0, 0x0, 0x0, 0x0, 0x0, 0x0, 0x0, 0x0, 0x0, 0x0, 0x0, 0x0, 0x0,
    0x0, 0x0, 0x0, 0x0, 0x0, 0x0, 0x0, 0x0, 0x0, 0x0, 0xC000, 0xC02C, 0xC001, 0x0, 0xC003, 0xC004,
    0xC08D, 0xC006, 0xC007, 0xC008, 0xC009, 0xC00A, 0xC00B, 0xC00C, 0xC00D, 0x0, 0xC00E, 0xC0D6, 0xC00F, 0xC011, 0xC013, 0xC014,
    0xC016, 0xC000, 0xC27E, 0xC27F, 0xC280, 0xC001, 0xC003, 0xC004, 0xC08E, 0xC08F, 0xC281, 0xC006, 0x0, 0xC00A, 0xC00C, 0xC06A,
    0xC00E, 0xC088, 0xC282, 0xC283, 0xC00F, 0xC013, 0xC014, 0xC284, 0xC096, 0xC015, 0xC285, 0xC10D, 0xC10E, 0xC10F, 0xC11E, 0xC11F,
    0xC008, 0xC011, 0xC014, 0xC015, 0xC10D, 0xC10E, 0xC11A, 0xC11E, 0xC11F, 0x0, 0x0, 0x0, 0x0, 0x0, 0x0, 0x0,
    0x0, 0x0, 0x0, 0x0, 0x0, 0x0, 0xC153, 0x0, 0x0, 0x0, 0x0, 0x0, 0x0, 0x0, 0x0, 0x0,
    0x0, 0x0, 0x0, 0x0, 0x0, 0x0, 0x0, 0x0, 0x0, 0x0, 0x0, 0x0, 0x0, 0x0, 0x0, 0x0,
    0x0, 0x0, 0xC286, 0xC002, 0xC287, 0xC036, 0xC281, 0xC005, 0xC288, 0xC289, 0xC28A, 0xC094, 0xC093, 0xC28B, 0xC28C, 0xC28D,
    0xC28E, 0xC28F, 0xC290, 0xC291, 0xC292, 0xC097, 0xC293, 0xC294, 0xC098, 0xC295, 0xC296, 0xC09E, 0xC297, 0xC0E5, 0xC0A2, 0xC298,
    0xC0A3, 0xC0E6, 0xC019, 0xC299, 0xC29A, 0xC0A6, 0xC113, 0xC29B, 0x0, 0xC29C, 0x0, 0xC29D, 0x0, 0xC29E, 0x0, 0xC29F,
    0x0, 0xC2A0, 0x0, 0xC2A1, 0x0, 0xC2A2, 0x0, 0xC2A3, 0x0, 0xC2A4, 0x0, 0xC2A5, 0x0, 0xC2A6, 0x0, 0xC2A7,
    0x0, 0xC2A8, 0x0, 0xC2A9, 0x0, 0xC2AA, 0x0, 0xC2AB, 0x0, 0xC2AC, 0x0, 0xC2AD, 0x0, 0xC2AE, 0x0, 0xC2AF,
    0x0, 0xC2B0, 0x0, 0xC2B1, 0x0, 0xC2B2, 0x0, 0xC2B3, 0x0, 0xC2B4, 0x0, 0xC2B5, 0x0, 0xC2B6, 0x0, 0xC2B7,
    0x0, 0xC2B8, 0x0, 0xC2B9, 0x0, 0xC2BA, 0x0, 0xC2BB, 0x0, 0xC2BC, 0x0, 0xC2BD, 0x0, 0xC2BE, 0x0, 0xC2BF,
    0x0, 0xC2C0, 0x0, 0xC2C1, 0x0, 0xC2C2, 0x0, 0xC2C3, 0x0, 0xC2C4, 0x0, 0xC2C5, 0x0, 0xC2C6, 0x0, 0xC2C7,
    0x0, 0xC2C8, 0x0, 0xC2C9, 0x0, 0xC2CA, 0x0, 0xC2CB, 0x0, 0xC2CC, 0x0, 0xC2CD, 0x0, 0xC2CE, 0x0, 0xC2CF,
    0x0, 0xC2D0, 0x0, 0xC2D1, 0x0, 0xC2D2, 0x0, 0xC2D3, 0x0, 0xC2D4, 0x0, 0xC2D5, 0x0, 0xC2D6, 0x0, 0xC2D7,
    0x0, 0xC2D8, 0x0, 0xC2D9, 0x0, 0xC2DA, 0x0, 0xC2DB, 0x0, 0xC2DC, 0x0, 0xC2DD, 0x0, 0xC2DE, 0x0, 0xC2DF,
    0x0, 0xC2E0, 0x0, 0xC2E1, 0x0, 0xC2E2, 0x0, 0xC2E3, 0x0, 0xC2E4, 0x0, 0xC2E5, 0x0, 0x0, 0x0, 0x0,
    0x0, 0xC2E6, 0xC2CB, 0x0, 0x0, 0xC2E7, 0x0, 0xC2E8, 0x0, 0xC2E9, 0x0, 0xC2EA, 0x0, 0xC2EB, 0x0, 0xC2EC,
    0x0, 0xC2ED, 0x0, 0xC2EE, 0x0, 0xC2EF, 0x0, 0xC2F0, 0x0, 0xC2F1, 0x0, 0xC2F2, 0x0, 0xC2F3, 0x0, 0xC2F4,
    0x0, 0xC2F5, 0x0, 0xC2F6, 0x0, 0xC2F7, 0x0, 0xC2F8, 0x0, 0xC2F9, 0x0, 0xC2FA, 0x0, 0xC2FB, 0x0, 0xC2FC,
    0x0, 0xC2FD, 0x0, 0xC2FE, 0x0, 0xC2FF, 0x0, 0xC300, 0x0, 0xC301, 0x0, 0xC302, 0x0, 0xC303, 0x0, 0xC304,
    0x0, 0xC305, 0x0, 0xC306, 0x0, 0xC307, 0x0, 0xC308, 0x0, 0xC309, 0x0, 0xC30A, 0x0, 0xC30B, 0x0, 0xC30C,
    0x0, 0xC30D, 0x0, 0xC30E, 0x0, 0xC30F, 0x0, 0xC310, 0x0, 0xC311, 0x0, 0xC312, 0x0, 0xC313, 0x0, 0xC314,
    0x0, 0xC315, 0x0, 0xC316, 0x0, 0xC317, 0x0, 0x0, 0x0, 0x0, 0x0, 0x0, 0x0, 0x0, 0xC318, 0xC319,
    0xC31A, 0xC31B, 0xC31C, 0xC31D, 0xC31E, 0xC31F, 0x0, 0x0, 0x0, 0x0, 0x0, 0x0, 0x8000, 0x8000, 0xC320, 0xC321,
    0xC322, 0xC323, 0xC324, 0xC325, 0x8000, 0x8000, 0x0, 0x0, 0x0, 0x0, 0x0, 0x0, 0x0, 0x0, 0xC326, 0xC327,
    0xC328, 0xC329, 0xC32A, 0xC32B, 0xC32C, 0xC32D, 0x0, 0x0, 0x0, 0x0, 0x0, 0x0, 0x0, 0x0, 0xC32E, 0xC32F,
    0xC330, 0xC331, 0xC332, 0xC333, 0xC334, 0xC335, 0x0, 0x0, 0x0, 0x0, 0x0, 0x0, 0x8000, 0x8000, 0xC336, 0xC337,
    0xC338, 0xC339, 0xC33A, 0xC33B, 0x8000, 0x8000, 0x0, 0x0, 0x0, 0x0, 0x0, 0x0, 0x0, 0x0, 0x8000, 0xC33C,
    0x8000, 0xC33D, 0x8000, 0xC33E, 0x8000, 0xC33F, 0x0, 0x0, 0x0, 0x0, 0x0, 0x0, 0x0, 0x0, 0xC340, 0xC341,
    0xC342, 0xC343, 0xC344, 0xC345, 0xC346, 0xC347, 0x0, 0xC104, 0x0, 0xC106, 0x0, 0xC107, 0x0, 0xC108, 0x0, 0xC109,
    0x0, 0xC10A, 0x0, 0xC10B, 0x8000, 0x8000, 0xC348, 0xC349, 0xC34A, 0xC34B, 0xC34C, 0xC34D, 0xC34E, 0xC34F, 0xC348, 0xC349,
    0xC34A, 0xC34B, 0xC34C, 0xC34D, 0xC34E, 0xC34F, 0xC350, 0xC351, 0xC352, 0xC353, 0xC354, 0xC355, 0xC356, 0xC357, 0xC350, 0xC351,
    0xC352, 0xC353, 0xC354, 0xC355, 0xC356, 0xC357, 0xC358, 0xC359, 0xC35A, 0xC35B, 0xC35C, 0xC35D, 0xC35E, 0xC35F, 0xC358, 0xC359,
    0xC35A, 0xC35B, 0xC35C, 0xC35D, 0xC35E, 0xC35F, 0x0, 0x0, 0xC360, 0xC361, 0xC362, 0x8000, 0x0, 0xC363, 0xC364, 0xC365,
    0xC366, 0xC104, 0xC361, 0xC367, 0xC0FB, 0xC367, 0xC368, 0xC369, 0xC36A, 0xC36B, 0xC36C, 0x8000, 0x0, 0xC36D, 0xC36E, 0xC106,
    0xC36F, 0xC107, 0xC36B, 0xC370, 0xC371, 0xC372, 0x0, 0x0, 0x0, 0xC373, 0x8000, 0x8000, 0x0, 0x0, 0xC374, 0xC375,
    0xC376, 0xC108, 0x8000, 0xC377, 0xC378, 0xC379, 0x0, 0x0, 0x0, 0xC37A, 0x0, 0x0, 0x0, 0x0, 0xC37B, 0xC37C,
    0xC37D, 0xC10A, 0xC37E, 0xC37F, 0xC103, 0xC380, 0x8000, 0x8000, 0xC381, 0xC382, 0xC383, 0x8000, 0x0, 0xC384, 0xC385, 0xC109,
    0xC386, 0xC10B, 0xC382, 0xC01F, 0xC387, 0x8000, 0xC01A, 0xC01A, 0xC01A, 0xC01A, 0xC01A, 0xC01A, 0xC01A, 0xC01A, 0xC01A, 0xC01A,
    0xC01A, 0x6000, 0xA388, 0xA388, 0x8000, 0x8000, 0x2000, 0xC389, 0x2000, 0x2000, 0x2000, 0x2000, 0x2000, 0xC38A, 0x2000, 0x2000,
    0x2000, 0x2000, 0x2000, 0x2000, 0x2000, 0x2000, 0x2000, 0x2000, 0x2000, 0x2000, 0x8000, 0x8000, 0x8000, 0x2000, 0x8000, 0x8000,
    0x8000, 0x8000, 0x8000, 0x8000, 0x8000, 0xC01A, 0x2000, 0x2000, 0x2000, 0xC38B, 0xC38C, 0x2000, 0xC38D, 0xC38E, 0x2000, 0x2000,
    0x2000, 0x2000, 0xC38F, 0x2000, 0xC390, 0x2000, 0x2000, 0x2000, 0x2000, 0x2000, 0x2000, 0x2000, 0xC391, 0xC392, 0xC393, 0x2000,
    0x2000, 0x2000, 0x2000, 0x2000, 0x2000, 0x2000, 0x2000, 0x2000, 0x2000, 0x2000, 0x2000, 0x2000, 0xC394, 0x2000, 0x2000, 0x2000,
    0x2000, 0x2000, 0x2000, 0x2000, 0xC01A, 0x6000, 0x6000, 0x6000, 0x6000, 0x6000, 0x8000, 0x8000, 0x8000, 0x8000, 0x8000, 0x6000,
    0x6000, 0x6000, 0x6000, 0x6000, 0x6000, 0xC395, 0xC008, 0x8000, 0x8000, 0xC396, 0xC397, 0xC398, 0xC399, 0xC39A, 0xC39B, 0xC39C,
    0xC39D, 0xC39E, 0xC39F, 0xC3A0, 0xC00D, 0xC395, 0xC022, 0xC01D, 0xC01E, 0xC396, 0xC397, 0xC398, 0xC399, 0xC39A, 0xC39B, 0xC39C,
    0xC39D, 0xC39E, 0xC39F, 0xC3A0, 0x0, 0xC000, 0xC004, 0xC00E, 0xC017, 0xC08E, 0xC007, 0xC00A, 0xC00B, 0xC00C, 0xC00D, 0xC00F,
    0xC012, 0xC013, 0xC016, 0xC018, 0xC019, 0x2000, 0x2000, 0x2000, 0x2000, 0x2000, 0x2000, 0x2000, 0x2000, 0xC3A1, 0x2000, 0x2000,
    0x2000, 0x2000, 0x2000, 0x2000, 0x2000, 0x2000, 0x2000, 0x2000, 0x2000, 0x2000, 0x2000, 0x2000, 0x2000, 0x2000, 0x2000, 0x2000,
    0x2000, 0x2000, 0x2000, 0x2000, 0x2000, 0x8000, 0x8000, 0x8000, 0x8000, 0x8000, 0x8000, 0x8000, 0x8000, 0x8000, 0x8000, 0x8000,
    0x2000, 0x2000, 0x2000, 0x2000, 0x2000, 0x2000, 0x2000, 0x2000, 0x2000, 0x2000, 0x2000, 0x2000, 0x2000, 0x2000, 0x2000, 0x2000,
    0x2000, 0x2000, 0x2000, 0x2000, 0x2000, 0x2000, 0x2000, 0x2000, 0x2000, 0x2000, 0x2000, 0x2000, 0x2000, 0x2000, 0x2000, 0x2000,
    0x2000, 0x8000, 0x8000, 0x8000, 0x8000, 0x8000, 0x8000, 0x8000, 0x8000, 0x8000, 0x8000, 0x8000, 0x8000, 0x8000, 0x8000, 0x8000,
    0xC3A2, 0xC3A3, 0xC002, 0xC3A4, 0x2000, 0xC3A5, 0xC3A6, 0xC08F, 0x2000, 0xC3A7, 0xC006, 0xC007, 0xC007, 0xC007, 0xC007, 0xC058,
    0xC008, 0xC008, 0xC00B, 0xC00B, 0x2000, 0xC00D, 0xC3A8, 0x2000, 0x2000, 0xC00F, 0xC010, 0xC011, 0xC011, 0xC011, 0x2000, 0x2000,
    0xC3A9, 0xC3AA, 0xC3AB, 0x2000, 0xC019, 0x2000, 0xC121, 0x2000, 0xC019, 0x2000, 0xC00A, 0xC02B, 0xC001, 0xC002, 0x2000, 0xC004,
    0xC004, 0xC005, 0xC3AC, 0xC00C, 0xC00E, 0xC3AD, 0xC3AE, 0xC3AF, 0xC3B0, 0xC008, 0x2000, 0xC3B1, 0xC119, 0xC10E, 0xC10E, 0xC119,
    0xC3B2, 0x2000, 0x2000, 0x2000, 0x2000, 0xC003, 0xC003, 0xC004, 0xC008, 0xC009, 0x2000, 0x2000, 0x2000, 0x2000, 0x0, 0x2000,
    0xC3B3, 0xC3B4, 0xC3B5, 0xC3B6, 0xC3B7, 0xC3B8, 0xC3B9, 0xC3BA, 0xC3BB, 0xC3BC, 0xC3BD, 0xC3BE, 0xC3BF, 0xC3C0, 0xC3C1, 0xC3C2,
    0xC008, 0xC3C3, 0xC3C4, 0xC3C5, 0xC015, 0xC3C6, 0xC3C7, 0xC3C8, 0xC3C9, 0xC017, 0xC3CA, 0xC3CB, 0xC00B, 0xC002, 0xC003, 0xC00C,
    0xC008, 0xC3C3, 0xC3C4, 0xC3C5, 0xC015, 0xC3C6, 0xC3C7, 0xC3C8, 0xC3C9, 0xC017, 0xC3CA, 0xC3CB, 0xC00B, 0xC002, 0xC003, 0xC00C,
    0x2000, 0x2000, 0x2000, 0xC3CC, 0x0, 0x2000, 0x2000, 0x2000, 0x2000, 0xC3CD, 0x2000, 0x2000, 0x8000, 0x8000, 0x8000, 0x8000,
    0x2000, 0x2000, 0x2000, 0x2000, 0x2000, 0x2000, 0x2000, 0x2000, 0x2000, 0x2000, 0x2000, 0x2000, 0x2000, 0x2000, 0x2000, 0x2000,
    0x2000, 0x2000, 0x2000, 0x2000, 0x2000, 0x2000, 0x2000, 0x2000, 0x2000, 0x2000, 0x2000, 0x2000, 0x2000, 0x2000, 0x2000, 0x2000,
    0x2000, 0x2000, 0x2000, 0x2000, 0x2000, 0x2000, 0x2000, 0x2000, 0x2000, 0x2000, 0x2000, 0x2000, 0x2000, 0x2000, 0x2000, 0x2000,
    0xC3CE, 0xC3CF, 0x2000, 0xC3D0, 0xC3D1, 0x2000, 0x2000, 0x2000, 0x2000, 0x2000, 0x2000, 0x2000, 0x2000, 0x2000, 0x2000, 0x2000,
    0x2000, 0x2000, 0x2000, 0x2000, 0x2000, 0x2000, 0x2000, 0x2000, 0x2000, 0x2000, 0x2000, 0x2000, 0x2000, 0x2000, 0x2000, 0x2000,
    0x2000, 0x2000, 0x2000, 0x2000, 0x2000, 0x2000, 0x2000, 0x2000, 0x2000, 0x2000, 0x2000, 0x2000, 0x2000, 0x2000, 0xC3D2, 0xC3D3,
    0x2000, 0x2000, 0x2000, 0x2000, 0x2000, 0x2000, 0x2000, 0x2000, 0x2000, 0x2000, 0x2000, 0x2000, 0x2000, 0x2000, 0x2000, 0x2000,
    0x2000, 0x2000, 0x2000, 0x2000, 0x2000, 0x2000, 0x2000, 0x2000, 0x2000, 0x2000, 0x2000, 0x2000, 0x2000, 0x2000, 0x2000, 0x2000,
    0x2000, 0x2000, 0x2000, 0x2000, 0x2000, 0x2000, 0x2000, 0x2000, 0x2000, 0x2000, 0x8000, 0x8000, 0x8000, 0x8000, 0x8000, 0x8000,
    0x8000, 0x8000, 0x8000, 0x8000, 0x8000, 0x8000, 0x8000, 0x8000, 0x8000, 0x8000, 0x8000, 0x8000, 0x8000, 0x8000, 0x8000, 0x8000,
    0x2000, 0x2000, 0x2000, 0x2000, 0x2000, 0x2000, 0x2000, 0x2000, 0x2000, 0x2000, 0x2000, 0x8000, 0x8000, 0x8000, 0x8000, 0x8000,
    0x8000, 0x8000, 0x8000, 0x8000, 0x8000, 0x8000, 0x8000, 0x8000, 0x8000, 0x8000, 0x8000, 0x8000, 0x8000, 0x8000, 0x8000, 0x8000,
    0xC022, 0xC01D, 0xC01E, 0xC396, 0xC397, 0xC398, 0xC399, 0xC39A, 0xC39B, 0xC3D4, 0xC3D5, 0xC3D6, 0xC3D7, 0xC3D8, 0xC3D9, 0xC3DA,
    0xC3DB, 0xC3DC, 0xC3DD, 0xC3DE, 0xC3DF, 0xC3E0, 0xC3E1, 0xC3E2, 0xC3E3, 0xC3E4, 0xC3E5, 0xC3E6, 0xC3E7, 0xC3E8, 0xC3E9, 0xC3EA,
    0xC3EB, 0xC3EC, 0xC3ED, 0xC3EE, 0xC3EF, 0xC3F0, 0xC3F1, 0xC3F2, 0x8000, 0x8000, 0x8000, 0x8000, 0x8000, 0x8000, 0x8000, 0x8000,
    0x8000, 0x8000, 0x8000, 0x8000, 0x8000, 0x8000, 0x8000, 0x8000, 0x8000, 0x8000, 0x8000, 0x8000, 0xC3F3, 0xC3F4, 0xC3F5, 0xC3F6,
    0xC3F7, 0xC3F8, 0xC3F9, 0xC3FA, 0xC3FB, 0xC3FC, 0xC3FD, 0xC3FE, 0xC3FF, 0xC400, 0xC401, 0xC402, 0xC403, 0xC404, 0xC405, 0xC406,
    0xC407, 0xC408, 0xC409, 0xC40A, 0xC40B, 0xC40C, 0xC000, 0xC001, 0xC002, 0xC003, 0xC004, 0xC005, 0xC006, 0xC007, 0xC008, 0xC009,
    0xC00A, 0xC00B, 0xC00C, 0xC00D, 0xC00E, 0xC00F, 0xC010, 0xC011, 0xC012, 0xC013, 0xC014, 0xC015, 0xC016, 0xC017, 0xC018, 0xC019,
    0xC000, 0xC001, 0xC002, 0xC003, 0xC004, 0xC005, 0xC006, 0xC007, 0xC008, 0xC009, 0xC00A, 0xC00B, 0xC00C, 0xC00D, 0xC00E, 0xC00F,
    0xC010, 0xC011, 0xC012, 0xC013, 0xC014, 0xC015, 0xC016, 0xC017, 0xC018, 0xC019, 0xC395, 0x2000, 0x2000, 0x2000, 0x2000, 0x2000,
    0x2000, 0x2000, 0x2000, 0x2000, 0x2000, 0x2000, 0x2000, 0x2000, 0x2000, 0x2000, 0x2000, 0x2000, 0x2000, 0x2000, 0x2000, 0x2000,
    0xC40D, 0x2000, 0x2000, 0x2000, 0x2000, 0x2000, 0x2000, 0x2000, 0x2000, 0x2000, 0x2000, 0x2000, 0x2000, 0x2000, 0x2000, 0x2000,
    0x2000, 0x2000, 0x2000, 0x2000, 0x2000, 0x2000, 0x2000, 0x2000, 0x2000, 0x2000, 0x2000, 0x2000, 0x2000, 0x2000, 0x2000, 0x2000,
    0x2000, 0x2000, 0x2000, 0x2000, 0x2000, 0x2000, 0x2000, 0x2000, 0x2000, 0x2000, 0x2000, 0x2000, 0x2000, 0x2000, 0x2000, 0x2000,
    0x2000, 0x2000, 0x2000, 0x2000, 0x2000, 0xC40E, 0xC40F, 0xC410, 0x2000, 0x2000, 0x2000, 0x2000, 0x2000, 0x2000, 0x2000, 0x2000,
    0x2000, 0x2000, 0x2000, 0x2000, 0x2000, 0x2000, 0x2000, 0x2000, 0x2000, 0x2000, 0x2000, 0x2000, 0x2000, 0x2000, 0x2000, 0x2000,
    0x2000, 0x2000, 0x2000, 0x2000, 0xC411, 0x2000, 0x2000, 0x2000, 0x2000, 0x2000, 0x2000, 0x2000, 0x2000, 0x2000, 0x2000, 0x2000,
    0x2000, 0x2000, 0x2000, 0x2000, 0x2000, 0x2000, 0x2000, 0x2000, 0x2000, 0x2000, 0x2000, 0x2000, 0x2000, 0x2000, 0x2000, 0x2000,
    0x2000, 0x2000, 0x2000, 0x2000, 0x2000, 0x2000, 0x2000, 0x2000, 0x2000, 0x2000, 0x2000, 0x2000, 0x2000, 0x2000, 0x2000, 0x2000,
    0x2000, 0x2000, 0x2000, 0x2000, 0x2000, 0x2000, 0x2000, 0x2000, 0x2000, 0x8000, 0x8000, 0x2000, 0x2000, 0x2000, 0x2000, 0x2000,
    0x2000, 0x2000, 0x2000, 0x2000, 0x2000, 0xC412, 0xC413, 0xC414, 0xC415, 0xC416, 0xC417, 0xC418, 0xC419, 0xC41A, 0xC41B, 0xC41C,
    0xC41D, 0xC41E, 0xC41F, 0xC420, 0xC421, 0xC422, 0xC423, 0xC424, 0xC425, 0xC426, 0xC427, 0xC428, 0xC429, 0xC42A, 0xC42B, 0xC42C,
    0xC42D, 0xC42E, 0xC42F, 0xC430, 0xC431, 0xC432, 0xC433, 0xC434, 0xC435, 0xC436, 0xC437, 0xC438, 0xC439, 0xC43A, 0xC43B, 0xC43C,
    0xC43D, 0xC43E, 0xC43F, 0xC440, 0xC441, 0x0, 0x0, 0x0, 0x0, 0x0, 0x0, 0x0, 0x0, 0x0, 0x0, 0x0,
    0x0, 0x0, 0x0, 0x0, 0x0, 0x0, 0x0, 0x0, 0x0, 0x0, 0x0, 0x0, 0x0, 0x0, 0x0, 0x0,
    0x0, 0x0, 0x0, 0x0, 0x0, 0xC442, 0x0, 0xC443, 0xC444, 0xC445, 0x0, 0x0, 0xC446, 0x0, 0xC447, 0x0,
    0xC448, 0x0, 0xC27F, 0xC291, 0xC27E, 0xC286, 0x0, 0xC449, 0x0, 0x0, 0xC44A, 0x0, 0x0, 0x0, 0x0, 0x0,
    0x0, 0xC009, 0xC015, 0xC44B, 0xC44C, 0xC44D, 0x0, 0xC44E, 0x0, 0xC44F, 0x0, 0xC450, 0x0, 0xC451, 0x0, 0xC452,
    0x0, 0xC453, 0x0, 0xC454, 0x0, 0xC455, 0x0, 0xC456, 0x0, 0xC457, 0x0, 0xC458, 0x0, 0xC459, 0x0, 0xC45A,
    0x0, 0xC45B, 0x0, 0xC45C, 0x0, 0xC45D, 0x0, 0xC45E, 0x0, 0xC45F, 0x0, 0xC460, 0x0, 0xC461, 0x0, 0xC462,
    0x0, 0xC463, 0x0, 0xC464, 0x0, 0xC465, 0x0, 0xC466, 0x0, 0xC467, 0x0, 0xC468, 0x0, 0xC469, 0x0, 0xC46A,
    0x0, 0xC46B, 0x0, 0xC46C, 0x0, 0xC46D, 0x0, 0xC46E, 0x0, 0xC46F, 0x0, 0xC470, 0x0, 0xC471, 0x0, 0xC472,
    0x0, 0xC473, 0x0, 0xC474, 0x0, 0xC475, 0x0, 0xC476, 0x0, 0xC477, 0x0, 0xC478, 0x0, 0xC479, 0x0, 0xC47A,
    0x0, 0xC47B, 0x0, 0xC47C, 0x0, 0xC47D, 0x0, 0xC47E, 0x0, 0x0, 0x2000, 0x2000, 0x2000, 0x2000, 0x2000, 0x2000,
    0xC47F, 0x0, 0xC480, 0x0, 0x0, 0x0, 0x0, 0xC481, 0x0, 0x8000, 0x8000, 0x8000, 0x8000, 0x8000, 0x2000, 0x2000,
    0x2000, 0x2000, 0x2000, 0x2000, 0x2000, 0x0, 0x0, 0x0, 0x0, 0x0, 0x0, 0x0, 0x0, 0x0, 0x0, 0x0,
    0x0, 0x0, 0x0, 0x0, 0x0, 0x0, 0x0, 0x0, 0x0, 0x0, 0x0, 0x0, 0x0, 0x0, 0x0, 0x0,
    0x0, 0x0, 0x0, 0x0, 0x0, 0x0, 0x0, 0x0, 0x0, 0x0, 0x0, 0x8000, 0x0, 0x8000, 0x8000, 0x8000,
    0x8000, 0x8000, 0x0, 0x8000, 0x8000, 0x0, 0x0, 0x0, 0x0, 0x0, 0x0, 0x0, 0x0, 0x0, 0x0, 0x0,
    0x0, 0x0, 0x0, 0x0, 0x0, 0x0, 0x0, 0x0, 0x0, 0x0, 0x0, 0x0, 0x0, 0x0, 0x0, 0x0,
    0x0, 0x0, 0x0, 0x0, 0x0, 0x0, 0x0, 0x0, 0x0, 0x0, 0x0, 0x0, 0x0, 0x8000, 0x8000, 0x8000,
    0x8000, 0x8000, 0x8000, 0x8000, 0xC482, 0x2000, 0x8000, 0x8000, 0x8000, 0x8000, 0x8000, 0x8000, 0x8000, 0x8000, 0x8000, 0x8000,
    0x8000, 0x8000, 0x8000, 0x8000, 0x0, 0x0, 0x0, 0x0, 0x0, 0x0, 0x0, 0x0, 0x0, 0x0, 0x0, 0x0,
    0x0, 0x0, 0x0, 0x0, 0x0, 0x0, 0x0, 0x0, 0x0, 0x0, 0x0, 0x8000, 0x8000, 0x8000, 0x8000, 0x8000,
    0x8000, 0x8000, 0x8000, 0x8000, 0x0, 0x0, 0x0, 0x0, 0x0, 0x0, 0x0, 0x8000, 0x0, 0x0, 0x0, 0x0,
    0x0, 0x0, 0x0, 0x8000, 0x0, 0x0, 0x0, 0x0, 0x0, 0x0, 0x0, 0x8000, 0x0, 0x0, 0x0, 0x0,
    0x0, 0x0, 0x0, 0x8000, 0x0, 0x0, 0x0, 0x0, 0x0, 0x0, 0x0, 0x0, 0x0, 0x0, 0x0, 0x0,
    0x0, 0x0, 0x0, 0x0, 0x0, 0x0, 0x0, 0x0, 0x0, 0x0, 0x0, 0x0, 0x0, 0x0, 0x0, 0x0,
    0x0, 0x0, 0x0, 0x0, 0x2000, 0x2000, 0x2000, 0x2000, 0x2000, 0x2000, 0x2000, 0x2000, 0x2000, 0x2000, 0x2000, 0x2000,
    0x2000, 0x2000, 0x2000, 0x2000, 0x2000, 0x2000, 0x2000, 0x2000, 0x2000, 0x2000, 0x2000, 0x2000, 0x2000, 0x2000, 0x2000, 0x2000,
    0x2000, 0x2000, 0x2000, 0x2000, 0x2000, 0x2000, 0x2000, 0x2000, 0x2000, 0x2000, 0x2000, 0x2000, 0x2000, 0x2000, 0x2000, 0x2000,
    0x2000, 0x2000, 0x2000, 0x0, 0x2000, 0x2000, 0x2000, 0x2000, 0x2000, 0x2000, 0x2000, 0x2000, 0x2000, 0x2000, 0x2000, 0x2000,
    0x2000, 0x2000, 0x2000, 0x2000, 0x2000, 0x2000, 0x2000, 0x2000, 0x2000, 0x2000, 0x2000, 0x2000, 0x2000, 0x2000, 0x2000, 0x2000,
    0x2000, 0x2000, 0x8000, 0x8000, 0x2000, 0x2000, 0x2000, 0x2000, 0x8000, 0x8000, 0x8000, 0x8000, 0x8000, 0x8000, 0x8000, 0x8000,
    0x8000, 0x8000, 0x8000, 0x8000, 0x8000, 0x8000, 0x8000, 0x8000, 0x8000, 0x8000, 0x8000, 0x8000, 0x8000, 0x8000, 0x8000, 0x8000,
    0x8000, 0x8000, 0x8000, 0x8000, 0x2000, 0x2000, 0x2000, 0x2000, 0x2000, 0x2000, 0x2000, 0x2000, 0x2000, 0x2000, 0x2000, 0x2000,
    0x2000, 0x2000, 0x2000, 0x2000, 0x2000, 0x2000, 0x2000, 0x2000, 0x2000, 0x2000, 0x2000, 0x2000, 0x2000, 0x2000, 0x8000, 0x2000,
    0x2000, 0x2000, 0x2000, 0xC483, 0x2000, 0x2000, 0x2000, 0x2000, 0x2000, 0x2000, 0x2000, 0x2000, 0x2000, 0x2000, 0x2000, 0x2000,
    0x2000, 0x2000, 0x2000, 0x2000, 0x2000, 0x2000, 0x2000, 0x2000, 0x2000, 0x2000, 0x2000, 0x2000, 0x2000, 0x2000, 0x2000, 0x2000,
    0x2000, 0x2000, 0x2000, 0x2000, 0x2000, 0x2000, 0x2000, 0x2000, 0x2000, 0x2000, 0x2000, 0x2000, 0x2000, 0x2000, 0x2000, 0x2000,
    0x2000, 0x2000, 0x2000, 0x2000, 0x2000, 0x2000, 0x2000, 0xC484, 0x8000, 0x8000, 0x8000, 0x8000, 0x8000, 0x8000, 0x8000, 0x8000,
    0x8000, 0x8000, 0x8000, 0x8000, 0xC485, 0xC486, 0xC487, 0xC488, 0xC489, 0xC48A, 0xC48B, 0xC48C, 0xC48D, 0xC48E, 0xC48F, 0xC490,
    0xC491, 0xC492, 0xC493, 0xC494, 0xC495, 0xC496, 0xC497, 0xC498, 0xC499, 0xC49A, 0xC49B, 0xC49C, 0xC49D, 0xC49E, 0xC49F, 0xC4A0,
    0xC4A1, 0xC4A2, 0xC4A3, 0xC4A4, 0xC4A5, 0xC4A6, 0xC4A7, 0xC4A8, 0xC4A9, 0xC4AA, 0xC4AB, 0xC4AC, 0xC4AD, 0xC4AE, 0xC4AF, 0xC4B0,
    0xC4B1, 0xC4B2, 0xC4B3, 0xC4B4, 0xC4B5, 0xC4B6, 0xC4B7, 0xC4B8, 0xC4B9, 0xC4BA, 0xC4BB, 0xC4BC, 0xC4BD, 0xC4BE, 0xC4BF, 0xC4C0,
    0xC4C1, 0xC4C2, 0xC4C3, 0xC4C4, 0xC4C5, 0xC4C6, 0xC4C7, 0xC4C8, 0xC4C9, 0xC4CA, 0xC4CB, 0xC4CC, 0xC4CD, 0xC4CE, 0xC4CF, 0xC4D0,
    0xC4D1, 0xC4D2, 0xC4D3, 0xC4D4, 0xC4D5, 0xC4D6, 0xC4D7, 0xC4D8, 0xC4D9, 0xC4DA, 0xC4DB, 0xC4DC, 0xC4DD, 0xC4DE, 0xC4DF, 0xC4E0,
    0xC4E1, 0xC4E2, 0xC4E3, 0xC4E4, 0xC4E5, 0xC4E6, 0xC4E7, 0xC4E8, 0xC4E9, 0xC4EA, 0xC4EB, 0xC4EC, 0xC4ED, 0xC4EE, 0xC4EF, 0xC4F0,
    0xC4F1, 0xC4F2, 0xC4F3, 0xC4F4, 0xC4F5, 0xC4F6, 0xC4F7, 0xC4F8, 0xC4F9, 0xC4FA, 0xC4FB, 0xC4FC, 0xC4FD, 0xC4FE, 0xC4FF, 0xC500,
    0xC501, 0xC502, 0xC503, 0xC504, 0xC505, 0xC506, 0xC507, 0xC508, 0xC509, 0xC50A, 0xC50B, 0xC50C, 0xC50D, 0xC50E, 0xC50F, 0xC510,
    0xC511, 0xC512, 0xC513, 0xC514, 0xC515, 0xC516, 0xC517, 0xC518, 0xC519, 0xC51A, 0xC51B, 0xC51C, 0xC51D, 0xC51E, 0xC51F, 0xC520,
    0xC521, 0xC522, 0xC523, 0xC524, 0xC525, 0xC526, 0xC527, 0xC528, 0xC529, 0xC52A, 0xC52B, 0xC52C, 0xC52D, 0xC52E, 0xC52F, 0xC530,
    0xC531, 0xC532, 0xC533, 0xC534, 0xC535, 0xC536, 0xC537, 0xC538, 0xC539, 0xC53A, 0xC53B, 0xC53C, 0xC53D, 0xC53E, 0xC53F, 0xC540,
    0xC541, 0xC542, 0xC543, 0xC544, 0xC545, 0xC546, 0xC547, 0xC548, 0xC549, 0xC54A, 0xC54B, 0xC54C, 0xC54D, 0xC54E, 0xC54F, 0xC550,
    0xC551, 0xC552, 0xC553, 0xC554, 0xC555, 0xC556, 0xC557, 0xC558, 0xC559, 0xC55A, 0x8000, 0x8000, 0x8000, 0x8000, 0x8000, 0x8000,
    0x8000, 0x8000, 0x8000, 0x8000, 0x8000, 0x8000, 0x8000, 0x8000, 0x8000, 0x8000, 0x8000, 0x8000, 0x8000, 0x8000, 0x8000, 0x8000,
    0x8000, 0x8000, 0x8000, 0x8000, 0x8000, 0x8000, 0x8000, 0x8000, 0x8000, 0x8000, 0x8000, 0x8000, 0x8000, 0x8000, 0x8000, 0x8000,
    0x8000, 0x8000, 0x8000, 0x8000, 0xC01A, 0x2000, 0xC55B, 0x2000, 0x2000, 0x0, 0x0, 0x0, 0x2000, 0x2000, 0x2000, 0x2000,
    0x2000, 0x2000, 0x2000, 0x2000, 0x2000, 0x2000, 0x2000, 0x2000, 0x2000, 0x2000, 0x2000, 0x2000, 0x2000, 0x2000, 0x2000, 0x2000,
    0x2000, 0x2000, 0x2000, 0x2000, 0x2000, 0x2000, 0x2000, 0x2000, 0x2000, 0x2000, 0x2000, 0x2000, 0x2000, 0x2000, 0x0, 0x0,
    0x0, 0x0, 0x2000, 0x2000, 0x2000, 0x2000, 0x2000, 0x2000, 0x2000, 0x2000, 0xC55C, 0x2000, 0xC49C, 0xC55D, 0xC55E, 0x2000,
    0x0, 0x2000, 0x2000, 0x2000, 0x8000, 0x0, 0x0, 0x0, 0x0, 0x0, 0x0, 0x0, 0x0, 0x0, 0x0, 0x0,
    0x0, 0x0, 0x0, 0x0, 0x0, 0x0, 0x0, 0x0, 0x0, 0x0, 0x0, 0x0, 0x0, 0x0, 0x0, 0x0,
    0x0, 0x0, 0x0, 0x0, 0x0, 0x0, 0x0, 0x0, 0x0, 0x0, 0x0, 0x0, 0x0, 0x0, 0x0, 0x0,
    0x0, 0x0, 0x0, 0x0, 0x0, 0x0, 0x0, 0x0, 0x0, 0x0, 0x0, 0x0, 0x0, 0x0, 0x0, 0x0,
    0x0, 0x0, 0x0, 0x0, 0x8000, 0x8000, 0x0, 0x0, 0xC55F, 0xC560, 0x0, 0x0, 0xC561, 0x2000, 0x0, 0x0,
    0x0, 0x0, 0x0, 0x0, 0x0, 0x0, 0x0, 0x0, 0x0, 0x0, 0x0, 0x0, 0x0, 0x0, 0x0, 0x0,
    0x0, 0x0, 0x0, 0x0, 0x0, 0x0, 0x0, 0x0, 0x0, 0x0, 0x0, 0x0, 0x0, 0x0, 0x0, 0x0,
    0x0, 0x0, 0x0, 0x0, 0x0, 0x0, 0x0, 0x0, 0x0, 0x0, 0x0, 0x0, 0x0, 0x0, 0x0, 0x0,
    0x0, 0x0, 0x0, 0x0, 0x0, 0x0, 0x0, 0x0, 0x0, 0x0, 0x0, 0x0, 0x0, 0xC562, 0x8000, 0x8000,
    0x8000, 0x8000, 0x8000, 0x0, 0x0, 0x0, 0x0, 0x0, 0x0, 0x0, 0x0, 0x0, 0x0, 0x0, 0x0, 0x0,
    0x0, 0x0, 0x0, 0x0, 0x0, 0x0, 0x0, 0x0, 0x0, 0x0, 0x0, 0x0, 0x0, 0x0, 0x0, 0x0,
    0x0, 0x0, 0x0, 0x0, 0x0, 0x0, 0x0, 0x0, 0x0, 0x0, 0x0, 0x0, 0x0, 0x0, 0x8000, 0xC563,
    0xC564, 0xC565, 0xC566, 0xC567, 0xC568, 0xC569, 0xC56A, 0xC56B, 0xC56C, 0xC56D, 0xC56E, 0xC56F, 0xC570, 0xC571, 0xC572, 0xC573,
    0xC574, 0xC575, 0xC576, 0xC577, 0xC578, 0xC579, 0xC57A, 0xC57B, 0xC57C, 0xC57D, 0xC57E, 0xC57F, 0xC580, 0xC581, 0xC582, 0xC583,
    0xC584, 0xC585, 0xC586, 0xC587, 0xC588, 0xC589, 0xC58A, 0xC58B, 0xC58C, 0xC58D, 0xC58E, 0xC58F, 0xC590, 0xC591, 0xC592, 0xC593,
    0xC594, 0xC595, 0x6000, 0xC596, 0xC597, 0xC598, 0xC599, 0xC59A, 0xC59B, 0xC59C, 0xC59D, 0xC59E, 0xC59F, 0xC5A0, 0xC5A1, 0xC5A2,
    0xC5A3, 0xC5A4, 0xC5A5, 0xC5A6, 0xC5A7, 0xC5A8, 0xC5A9, 0xC5AA, 0xC5AB, 0xC5AC, 0xC5AD, 0xC5AE, 0xC5AF, 0xC5B0, 0xC5B1, 0xC5B2,
    0xC5B3, 0xC5B4, 0xC5B5, 0xC5B6, 0xC5B7, 0xC5B8, 0xC5B9, 0xC5BA, 0xC5BB, 0xC5BC, 0xC5BD, 0xC5BE, 0xC5BF, 0x8000, 0x2000, 0x2000,
    0xC485, 0xC48B, 0xC5C0, 0xC5C1, 0xC5C2, 0xC5C3, 0xC5C4, 0xC5C5, 0xC489, 0xC5C6, 0xC5C7, 0xC5C8, 0xC5C9, 0xC48D, 0x0, 0x0,
    0x0, 0x0, 0x0, 0x0, 0x0, 0x0, 0x0, 0x0, 0x0, 0x0, 0x0, 0x0, 0x0, 0x0, 0x0, 0x0,
    0x0, 0x0, 0x0, 0x0, 0x0, 0x0, 0x0, 0x0, 0x0, 0x0, 0x0, 0x0, 0x0, 0x0, 0x2000, 0x2000,
    0x2000, 0x2000, 0x2000, 0x2000, 0x2000, 0x2000, 0x2000, 0x2000, 0x2000, 0x2000, 0x2000, 0x2000, 0x2000, 0x2000, 0x2000, 0x2000,
    0x2000, 0x2000, 0x2000, 0x2000, 0x2000, 0x2000, 0x2000, 0x2000, 0x2000, 0x2000, 0x2000, 0x2000, 0x2000, 0x2000, 0x2000, 0x2000,
    0x2000, 0x2000, 0x2000, 0x2000, 0x8000, 0x8000, 0x8000, 0x8000, 0x8000, 0x8000, 0x8000, 0x8000, 0x8000, 0x8000, 0x0, 0x0,
    0x0, 0x0, 0x0, 0x0, 0x0, 0x0, 0x0, 0x0, 0x0, 0x0, 0x0, 0x0, 0x0, 0x0, 0xC5CA, 0xC5CB,
    0xC5CC, 0xC5CD, 0xC5CE, 0xC5CF, 0xC5D0, 0xC5D1, 0xC5D2, 0xC5D3, 0xC5D4, 0xC5D5, 0xC5D6, 0xC5D7, 0xC5D8, 0xC5D9, 0xC5DA, 0xC5DB,
    0xC5DC, 0xC5DD, 0xC5DE, 0xC5DF, 0xC5E0, 0xC5E1, 0xC5E2, 0xC5E3, 0xC5E4, 0xC5E5, 0xC5E6, 0xC5E7, 0xC5E8, 0x8000, 0xC5E9, 0xC5EA,
    0xC5EB, 0xC5EC, 0xC5ED, 0xC5EE, 0xC5EF, 0xC5F0, 0xC5F1, 0xC5F2, 0xC5F3, 0xC5F4, 0xC5F5, 0xC5F6, 0xC5F7, 0xC5F8, 0xC5F9, 0xC5FA,
    0xC5FB, 0xC5FC, 0xC5FD, 0xC5FE, 0xC5FF, 0xC600, 0xC601, 0xC602, 0xC603, 0xC604, 0xC605, 0xC606, 0xC607, 0xC608, 0xC609, 0xC60A,
    0xC60B, 0xC60C, 0xC60D, 0xC60E, 0xC4C7, 0xC60F, 0x2000, 0x2000, 0x2000, 0x2000, 0x2000, 0x2000, 0x2000, 0x2000, 0xC610, 0xC611,
    0xC612, 0xC613, 0xC614, 0xC615, 0xC616, 0xC617, 0xC618, 0xC619, 0xC61A, 0xC61B, 0xC61C, 0xC61D, 0xC61E, 0xC61F, 0xC563, 0xC566,
    0xC569, 0xC56B, 0xC573, 0xC574, 0xC577, 0xC579, 0xC57A, 0xC57C, 0xC57D, 0xC57E, 0xC57F, 0xC580, 0xC620, 0xC621, 0xC622, 0xC623,
    0xC624, 0xC625, 0xC626, 0xC627, 0xC628, 0xC629, 0xC62A, 0xC62B, 0xC62C, 0xC62D, 0xC62E, 0xC62F, 0xC630, 0x2000, 0xC485, 0xC48B,
    0xC5C0, 0xC5C1, 0xC631, 0xC632, 0xC633, 0xC490, 0xC634, 0xC49C, 0xC4CE, 0xC4DA, 0xC4D9, 0xC4CF, 0xC52B, 0xC4A4, 0xC4CC, 0xC635,
    0xC636, 0xC637, 0xC638, 0xC639, 0xC63A, 0xC63B, 0xC63C, 0xC63D, 0xC63E, 0xC4AA, 0xC63F, 0xC640, 0xC641, 0xC642, 0xC643, 0xC644,
    0xC645, 0xC646, 0xC5C2, 0xC5C3, 0xC5C4, 0xC647, 0xC648, 0xC649, 0xC64A, 0xC64B, 0xC64C, 0xC64D, 0xC64E, 0xC64F, 0xC650, 0xC651,
    0xC652, 0xC653, 0xC654, 0xC655, 0xC656, 0xC657, 0xC658, 0xC659, 0xC65A, 0xC65B, 0xC65C, 0xC65D, 0xC65E, 0xC65F, 0xC660, 0xC661,
    0xC662, 0xC663, 0xC664, 0xC665, 0xC666, 0xC667, 0xC668, 0xC669, 0xC66A, 0xC66B, 0xC66C, 0xC66D, 0xC66E, 0xC66F, 0xC670, 0xC671,
    0xC672, 0xC673, 0xC674, 0xC675, 0xC676, 0xC677, 0xC678, 0xC679, 0xC67A, 0xC67B, 0xC67C, 0xC67D, 0xC67E, 0xC67F, 0xC680, 0xC681,
    0xC682, 0xC683, 0xC684, 0xC685, 0xC686, 0xC687, 0xC688, 0xC689, 0xC68A, 0xC68B, 0xC68C, 0xC68D, 0xC68E, 0xC68F, 0xC690, 0xC691,
    0xC692, 0xC693, 0xC694, 0xC695, 0xC696, 0xC697, 0xC698, 0xC699, 0xC69A, 0xC69B, 0xC69C, 0xC69D, 0xC69E, 0xC69F, 0xC6A0, 0xC6A1,
    0xC6A2, 0xC6A3, 0xC6A4, 0xC6A5, 0xC6A6, 0xC6A7, 0xC6A8, 0xC6A9, 0xC6AA, 0xC6AB, 0xC6AC, 0xC6AD, 0xC6AE, 0xC6AF, 0xC6B0, 0xC6B1,
    0xC6B2, 0xC6B3, 0xC6B4, 0xC6B5, 0xC6B6, 0xC6B7, 0xC6B8, 0xC6B9, 0xC6BA, 0xC6BB, 0xC6BC, 0xC6BD, 0xC6BE, 0xC6BF, 0xC6C0, 0xC6C1,
    0xC6C2, 0xC6C3, 0xC6C4, 0xC6C5, 0xC6C6, 0xC6C7, 0xC6C8, 0xC6C9, 0xC6CA, 0xC6CB, 0xC6CC, 0xC6CD, 0xC6CE, 0xC6CF, 0xC6D0, 0xC6D1,
    0xC6D2, 0xC6D3, 0xC6D4, 0xC6D5, 0xC6D6, 0xC6D7, 0xC6D8, 0xC6D9, 0xC6DA, 0xC6DB, 0xC6DC, 0xC6DD, 0xC6DE, 0xC6DF, 0xC6E0, 0xC6E1,
    0xC6E2, 0xC6E3, 0xC6E4, 0xC6E5, 0xC6E6, 0xC6E7, 0xC6E8, 0xC6E9, 0xC6EA, 0xC6EB, 0xC6EC, 0xC6ED, 0xC6EE, 0xC6EF, 0xC6F0, 0xC6F1,
    0xC6F2, 0xC6F3, 0xC6F4, 0xC6F5, 0xC6F6, 0xC6F7, 0xC6F8, 0xC6F9, 0xC6FA, 0xC6FB, 0xC6FC, 0xC6FD, 0xC6FE, 0xC6FF, 0xC700, 0xC701,
    0xC702, 0xC703, 0xC704, 0xC705, 0xC706, 0xC707, 0xC708, 0xC709, 0xC70A, 0xC70B, 0xC70C, 0xC70D, 0xC70E, 0xC70F, 0xC710, 0xC711,
    0xC712, 0xC713, 0xC714, 0xC715, 0xC716, 0xC717, 0xC718, 0xC719, 0xC71A, 0xC71B, 0xC71C, 0xC71D, 0xC71E, 0xC71F, 0xC720, 0xC721,
    0xC722, 0xC723, 0xC724, 0xC725, 0xC726, 0xC727, 0xC728, 0xC729, 0xC72A, 0xC72B, 0xC72C, 0xC72D, 0xC72E, 0xC72F, 0xC730, 0xC731,
    0xC732, 0xC733, 0xC734, 0xC735, 0xC736, 0xC737, 0xC738, 0xC739, 0xC73A, 0xC73B, 0xC73C, 0xC73D, 0xC73E, 0xC73F, 0xC740, 0xC741,
    0xC742, 0xC743, 0xC744, 0xC745, 0xC746, 0xC747, 0xC748, 0xC720, 0xC749, 0xC74A, 0xC74B, 0xC74C, 0xC74D, 0xC74E, 0xC74F, 0xC750,
    0xC751, 0xC752, 0xC753, 0xC754, 0xC755, 0xC756, 0xC757, 0xC756, 0xC758, 0xC759, 0xC75A, 0xC75B, 0xC75C, 0xC75B, 0xC75D, 0xC75E,
    0x8000, 0xC75F, 0xC760, 0xC761, 0xC762, 0x8000, 0xC763, 0xC764, 0xC765, 0xC766, 0xC767, 0xC768, 0xC73E, 0xC769, 0xC76A, 0xC76B,
    0xC76C, 0xC76D, 0xC726, 0xC76E, 0xC76F, 0xC770, 0x8000, 0xC771, 0xC772, 0xC773, 0xC774, 0xC775, 0xC776, 0xC777, 0xC778, 0xC779,
    0xC77A, 0xC77B, 0xC77C, 0xC77D, 0xC77E, 0xC77F, 0xC780, 0xC781, 0xC782, 0xC783, 0xC784, 0xC785, 0xC786, 0xC787, 0xC788, 0xC789,
    0xC78A, 0xC78B, 0xC78C, 0xC78D, 0xC78E, 0xC78F, 0xC790, 0xC791, 0xC792, 0xC793, 0xC794, 0xC795, 0xC796, 0xC797, 0x0, 0x0,
    0x0, 0x0, 0x0, 0x0, 0x0, 0x0, 0x0, 0x0, 0x0, 0x0, 0x0, 0x8000, 0x8000, 0x8000, 0x2000, 0x2000,
    0x2000, 0x2000, 0x2000, 0x2000, 0x2000, 0x2000, 0x2000, 0x2000, 0x2000, 0x2000, 0x2000, 0x2000, 0x2000, 0x2000, 0x2000, 0x2000,
    0x2000, 0x2000, 0x2000, 0x2000, 0x2000, 0x2000, 0x2000, 0x2000, 0x2000, 0x2000, 0x2000, 0x2000, 0x2000, 0x2000, 0x2000, 0x2000,
    0x2000, 0x2000, 0x2000, 0x2000, 0x2000, 0x2000, 0x2000, 0x2000, 0x2000, 0x2000, 0x2000, 0x2000, 0x2000, 0x2000, 0x8000, 0x8000,
    0x8000, 0x8000, 0x8000, 0x8000, 0x8000, 0x8000, 0x8000, 0x0, 0x0, 0x0, 0x0, 0x0, 0x0, 0x0, 0x0, 0x0,
    0x0, 0x0, 0x0, 0x0, 0x0, 0x0, 0x0, 0x0, 0x0, 0x0, 0x0, 0x0, 0x0, 0x0, 0x0, 0x0,
    0x0, 0x0, 0x0, 0x0, 0x0, 0x0, 0x0, 0x0, 0x0, 0x0, 0x0, 0x0, 0x0, 0x0, 0x0, 0x0,
    0x0, 0x0, 0x0, 0x0, 0x0, 0x2000, 0x2000, 0x2000, 0x0, 0x0, 0x0, 0x0, 0x0, 0x0, 0x0, 0x0,
    0x0, 0x0, 0x0, 0x0, 0x0, 0x0, 0x0, 0x0, 0x0, 0x0, 0x0, 0x0, 0x0, 0x0, 0x0, 0x0,
    0x0, 0x0, 0x0, 0x0, 0x8000, 0x8000, 0x8000, 0x8000, 0x8000, 0x8000, 0x8000, 0x8000, 0x8000, 0x8000, 0x8000, 0x8000,
    0x8000, 0x8000, 0x8000, 0x8000, 0x8000, 0x8000, 0x8000, 0x8000, 0xC798, 0x0, 0xC799, 0x0, 0xC79A, 0x0, 0xC79B, 0x0,
    0xC79C, 0x0, 0xC24F, 0x0, 0xC79D, 0x0, 0xC79E, 0x0, 0xC79F, 0x0, 0xC7A0, 0x0, 0xC7A1, 0x0, 0xC7A2, 0x0,
    0xC7A3, 0x0, 0xC7A4, 0x0, 0xC7A5, 0x0, 0xC7A6, 0x0, 0xC7A7, 0x0, 0xC7A8, 0x0, 0xC7A9, 0x0, 0xC7AA, 0x0,
    0xC7AB, 0x0, 0xC7AC, 0x0, 0xC7AD, 0x0, 0x0, 0x0, 0x2000, 0x2000, 0x2000, 0x2000, 0x0, 0x0, 0x0, 0x0,
    0x0, 0x0, 0x0, 0x0, 0x0, 0x0, 0x2000, 0x0, 0xC7AE, 0x0, 0xC7AF, 0x0, 0xC7B0, 0x0, 0xC7B1, 0x0,
    0xC7B2, 0x0, 0xC7B3, 0x0, 0xC7B4, 0x0, 0xC7B5, 0x0, 0xC7B6, 0x0, 0xC7B7, 0x0, 0xC7B8, 0x0, 0xC7B9, 0x0,
    0xC7BA, 0x0, 0xC7BB, 0x0, 0xC160, 0xC162, 0x0, 0x0, 0x0, 0x0, 0x0, 0x0, 0x0, 0x0, 0x0, 0x0,
    0x0, 0x0, 0x0, 0x0, 0x0, 0x0, 0x0, 0x0, 0x0, 0x0, 0x0, 0x0, 0x0, 0x0, 0x0, 0x0,
    0x0, 0x0, 0x0, 0x0, 0x0, 0x0, 0x0, 0x0, 0x0, 0x0, 0x0, 0x0, 0x2000, 0x2000, 0x2000, 0x2000,
    0x2000, 0x2000, 0x2000, 0x2000, 0x2000, 0x2000, 0x0, 0x0, 0x2000, 0x2000, 0x2000, 0x2000, 0x2000, 0x2000, 0x8000, 0x8000,
    0x8000, 0x8000, 0x8000, 0x8000, 0x8000, 0x8000, 0x2000, 0x2000, 0x2000, 0x2000, 0x2000, 0x2000, 0x2000, 0x2000, 0x2000, 0x2000,
    0x2000, 0x2000, 0x2000, 0x2000, 0x2000, 0x2000, 0x2000, 0x2000, 0x2000, 0x2000, 0x2000, 0x2000, 0x2000, 0x0, 0x0, 0x0,
    0x0, 0x0, 0x0, 0x0, 0x0, 0x0, 0x2000, 0x2000, 0xC7BC, 0x0, 0xC7BD, 0x0, 0xC7BE, 0x0, 0xC7BF, 0x0,
    0xC7C0, 0x0, 0xC7C1, 0x0, 0xC7C2, 0x0, 0x0, 0x0, 0xC7C3, 0x0, 0xC7C4, 0x0, 0xC7C5, 0x0, 0xC7C6, 0x0,
    0xC7C7, 0x0, 0xC7C8, 0x0, 0xC7C9, 0x0, 0xC7CA, 0x0, 0xC7CB, 0x0, 0xC7CC, 0x0, 0xC7CD, 0x0, 0xC7CE, 0x0,
    0xC7CF, 0x0, 0xC7D0, 0x0, 0xC7D1, 0x0, 0xC7D2, 0x0, 0xC7D3, 0x0, 0xC7D4, 0x0, 0xC7D5, 0x0, 0xC7D6, 0x0,
    0xC7D7, 0x0, 0xC7D8, 0x0, 0xC7D9, 0x0, 0xC7DA, 0x0, 0xC7DB, 0x0, 0xC7DC, 0x0, 0xC7DD, 0x0, 0xC7DE, 0x0,
    0xC7DF, 0x0, 0xC7E0, 0x0, 0xC7E1, 0x0, 0xC7E1, 0x0, 0x0, 0x0, 0x0, 0x0, 0x0, 0x0, 0x0, 0xC7E2,
    0x0, 0xC7E3, 0x0, 0xC7E4, 0xC7E5, 0x0, 0xC7E6, 0x0, 0xC7E7, 0x0, 0xC7E8, 0x0, 0xC7E9, 0x0, 0x0, 0x2000,
    0x2000, 0xC7EA, 0x0, 0xC28A, 0x0, 0x0, 0xC7EB, 0x0, 0xC7EC, 0x0, 0x0, 0x0, 0xC7ED, 0x0, 0xC7EE, 0x0,
    0xC7EF, 0x0, 0xC7F0, 0x0, 0xC7F1, 0x0, 0xC7F2, 0x0, 0xC7F3, 0x0, 0xC7F4, 0x0, 0xC7F5, 0x0, 0xC7F6, 0x0,
    0xC0EC, 0xC281, 0xC289, 0xC7F7, 0xC28B, 0x0, 0xC7F8, 0xC7F9, 0xC28D, 0xC7FA, 0xC7FB, 0x0, 0xC7FC, 0x0, 0xC7FD, 0x0,
    0xC7FE, 0x0, 0xC7FF, 0x0, 0xC800, 0x0, 0xC801, 0x0, 0xC802, 0x0, 0xC803, 0xC296, 0xC804, 0xC805, 0x0, 0xC806,
    0x0, 0xC807, 0xC808, 0x0, 0xC809, 0x0, 0xC80A, 0x0, 0xC80B, 0x0, 0xC80C, 0x0, 0xC80D, 0x0, 0xC80E, 0x0,
    0xC80F, 0x0, 0xC810, 0xC811, 0x8000, 0x8000, 0x8000, 0x8000, 0xC812, 0x8000, 0x8000, 0x8000, 0x8000, 0x8000, 0x8000, 0x8000,
    0x8000, 0x8000, 0x8000, 0x8000, 0x8000, 0x8000, 0x8000, 0xC012, 0xC002, 0xC005, 0xC010, 0xC813, 0x0, 0x0, 0xC058, 0xC06E,
    0x0, 0x0, 0x0, 0x0, 0x0, 0x0, 0x0, 0x0, 0x0, 0x0, 0x0, 0x0, 0x0, 0x0, 0x0, 0x0,
    0x0, 0x0, 0x0, 0x0, 0x0, 0x0, 0x0, 0x0, 0x0, 0x0, 0x0, 0x0, 0x0, 0x0, 0x0, 0x0,
    0x0, 0x0, 0x0, 0x0, 0x0, 0x0, 0x0, 0x0, 0x2000, 0x2000, 0x2000, 0x2000, 0x0, 0x8000, 0x8000, 0x8000,
    0x2000, 0x2000, 0x2000, 0x2000, 0x2000, 0x2000, 0x2000, 0x2000, 0x2000, 0x2000, 0x8000, 0x8000, 0x8000, 0x8000, 0x8000, 0x8000,
    0x0, 0x0, 0x0, 0x0, 0x0, 0x0, 0x0, 0x0, 0x0, 0x0, 0x0, 0x0, 0x0, 0x0, 0x0, 0x0,
    0x0, 0x0, 0x0, 0x0, 0x0, 0x0, 0x0, 0x0, 0x0, 0x0, 0x0, 0x0, 0x0, 0x0, 0x0, 0x0,
    0x0, 0x0, 0x0, 0x0, 0x0, 0x0, 0x0, 0x0, 0x0, 0x0, 0x0, 0x0, 0x0, 0x0, 0x0, 0x0,
    0x0, 0x0, 0x0, 0x0, 0x2000, 0x2000, 0x2000, 0x2000, 0x8000, 0x8000, 0x8000, 0x8000, 0x8000, 0x8000, 0x8000, 0x8000,
    0x0, 0x0, 0x0, 0x0, 0x0, 0x0, 0x8000, 0x8000, 0x8000, 0x8000, 0x8000, 0x8000, 0x8000, 0x8000, 0x2000, 0x2000,
    0x0, 0x0, 0x0, 0x0, 0x0, 0x0, 0x0, 0x0, 0x0, 0x0, 0x8000, 0x8000, 0x8000, 0x8000, 0x8000, 0x8000,
    0x0, 0x0, 0x0, 0x0, 0x0, 0x0, 0x0, 0x0, 0x0, 0x0, 0x0, 0x0, 0x0, 0x0, 0x0, 0x0,
    0x0, 0x0, 0x0, 0x0, 0x0, 0x0, 0x0, 0x0, 0x2000, 0x2000, 0x2000, 0x0, 0x2000, 0x0, 0x0, 0x0,
    0x0, 0x0, 0x0, 0x0, 0x0, 0x0, 0x0, 0x0, 0x0, 0x0, 0x0, 0x0, 0x0, 0x0, 0x0, 0x0,
    0x0, 0x0, 0x0, 0x0, 0x0, 0x0, 0x0, 0x0, 0x0, 0x0, 0x0, 0x0, 0x0, 0x0, 0x0, 0x0,
    0x0, 0x0, 0x0, 0x0, 0x0, 0x0, 0x0, 0x0, 0x0, 0x0, 0x0, 0x2000, 0x2000, 0x0, 0x0, 0x0,
    0x0, 0x0, 0x0, 0x0, 0x0, 0x0, 0x0, 0x0, 0x0, 0x0, 0x0, 0x0, 0x0, 0x0, 0x0, 0x0,
    0x0, 0x8000, 0x8000, 0x8000, 0x8000, 0x8000, 0x8000, 0x8000, 0x8000, 0x8000, 0x8000, 0x8000, 0x2000, 0x2000, 0x2000, 0x2000,
    0x2000, 0x2000, 0x2000, 0x2000, 0x2000, 0x2000, 0x2000, 0x2000, 0x2000, 0x2000, 0x2000, 0x2000, 0x2000, 0x2000, 0x2000, 0x2000,
    0x2000, 0x2000, 0x2000, 0x2000, 0x2000, 0x2000, 0x2000, 0x2000, 0x2000, 0x2000, 0x8000, 0x8000, 0x8000, 0x0, 0x2000, 0x2000,
    0x2000, 0x2000, 0x2000, 0x2000, 0x2000, 0x2000, 0x2000, 0x2000, 0x2000, 0x2000, 0x2000, 0x8000, 0x0, 0x0, 0x0, 0x0,
    0x0, 0x0, 0x0, 0x0, 0x0, 0x0, 0x0, 0x8000, 0x8000, 0x8000, 0x8000, 0x2000, 0x2000, 0x0, 0x0, 0x0,
    0x0, 0x0, 0x0, 0x0, 0x0, 0x0, 0x0, 0x0, 0x0, 0x0, 0x0, 0x0, 0x0, 0x0, 0x0, 0x0,
    0x0, 0x0, 0x0, 0x0, 0x0, 0x0, 0x0, 0x0, 0x0, 0x0, 0x0, 0x0, 0x8000, 0x0, 0x0, 0x0,
    0x0, 0x0, 0x0, 0x0, 0x0, 0x0, 0x0, 0x0, 0x0, 0x0, 0x0, 0x0, 0x0, 0x0, 0x0, 0x0,
    0x0, 0x0, 0x0, 0x0, 0x0, 0x0, 0x0, 0x0, 0x0, 0x0, 0x0, 0x0, 0x0, 0x0, 0x0, 0x0,
    0x0, 0x0, 0x0, 0x0, 0x0, 0x0, 0x0, 0x0, 0x0, 0x0, 0x0, 0x0, 0x0, 0x0, 0x0, 0x0,
    0x0, 0x0, 0x0, 0x0, 0x8000, 0x8000, 0x8000, 0x8000, 0x8000, 0x8000, 0x8000, 0x8000, 0x8000, 0x0, 0x0, 0x0,
    0x0, 0x0, 0x0, 0x0, 0x0, 0x0, 0x0, 0x0, 0x0, 0x0, 0x0, 0x8000, 0x8000, 0x0, 0x0, 0x0,
    0x0, 0x0, 0x0, 0x0, 0x0, 0x0, 0x0, 0x8000, 0x8000, 0x2000, 0x2000, 0x2000, 0x2000, 0x0, 0x0, 0x0,
    0x0, 0x0, 0x0, 0x0, 0x0, 0x0, 0x0, 0x0, 0x0, 0x0, 0x0, 0x0, 0x0, 0x0, 0x0, 0x0,
    0x0, 0x0, 0x0, 0x0, 0x2000, 0x2000, 0x2000, 0x0, 0x0, 0x0, 0x0, 0x0, 0x0, 0x8000, 0x8000, 0x8000,
    0x8000, 0x8000, 0x8000, 0x8000, 0x8000, 0x8000, 0x8000, 0x8000, 0x8000, 0x8000, 0x8000, 0x8000, 0x8000, 0x8000, 0x8000, 0x8000,
    0x8000, 0x8000, 0x8000, 0x8000, 0x8000, 0x0, 0x0, 0x0, 0x2000, 0x2000, 0x0, 0x0, 0x0, 0x0, 0x0, 0x0,
    0x0, 0x0, 0x0, 0x0, 0x0, 0x0, 0x0, 0x0, 0x0, 0x0, 0x2000, 0x2000, 0x0, 0x0, 0x0, 0x0,
    0x0, 0x8000, 0x8000, 0x8000, 0x8000, 0x8000, 0x8000, 0x8000, 0x8000, 0x8000, 0x0, 0x0, 0x0, 0x0, 0x0, 0x0,
    0x8000, 0x8000, 0x0, 0x0, 0x0, 0x0, 0x0, 0x0, 0x8000, 0x8000, 0x0, 0x0, 0x0, 0x0, 0x0, 0x0,
    0x8000, 0x8000, 0x8000, 0x8000, 0x8000, 0x8000, 0x8000, 0x8000, 0x8000, 0x0, 0x0, 0x0, 0x0, 0x0, 0x0, 0x0,
    0x8000, 0x0, 0x0, 0x0, 0x0, 0x0, 0x0, 0x0, 0x8000, 0x0, 0x0, 0x0, 0x0, 0x0, 0x0, 0x0,
    0x0, 0x0, 0x0, 0x0, 0x0, 0x0, 0x0, 0x0, 0x0, 0x0, 0x0, 0x0, 0x0, 0x0, 0x0, 0x0,
    0x0, 0x0, 0x0, 0x0, 0x2000, 0xC7BE, 0xC814, 0xC443, 0xC815, 0x0, 0x0, 0x0, 0x0, 0x0, 0x0, 0x0,
    0x0, 0x0, 0xC816, 0x2000, 0x2000, 0xC817, 0xC818, 0x8000, 0x8000, 0xC819, 0xC81A, 0xC81B, 0xC81C, 0xC81D, 0xC81E, 0xC81F,
    0xC820, 0xC821, 0xC822, 0xC823, 0xC824, 0xC825, 0xC826, 0xC827, 0xC828, 0xC829, 0xC82A, 0xC82B, 0xC82C, 0xC82D, 0xC82E, 0xC82F,
    0xC830, 0xC831, 0xC832, 0xC833, 0xC834, 0xC835, 0xC836, 0xC837, 0xC838, 0xC839, 0xC83A, 0xC83B, 0xC83C, 0xC83D, 0xC83E, 0xC83F,
    0xC840, 0xC841, 0xC842, 0xC843, 0xC844, 0xC845, 0xC846, 0xC847, 0xC848, 0xC849, 0xC84A, 0xC84B, 0xC84C, 0xC84D, 0xC84E, 0xC84F,
    0xC850, 0xC851, 0xC852, 0xC853, 0xC854, 0xC855, 0xC856, 0xC857, 0xC858, 0xC859, 0xC85A, 0xC85B, 0xC85C, 0xC85D, 0xC85E, 0xC85F,
    0xC860, 0xC861, 0xC862, 0xC863, 0xC864, 0xC865, 0xC866, 0xC867, 0xC868, 0x0, 0x0, 0x0, 0x0, 0x0, 0x0, 0x0,
    0x0, 0x0, 0x0, 0x0, 0x0, 0x0, 0x0, 0x0, 0x0, 0x0, 0x0, 0x0, 0x0, 0x0, 0x0, 0x0,
    0x0, 0x0, 0x0, 0x0, 0x0, 0x0, 0x0, 0x0, 0x0, 0x0, 0x0, 0x0, 0x0, 0x0, 0x0, 0x0,
    0x0, 0x0, 0x0, 0x0, 0x2000, 0x0, 0x0, 0x8000, 0x8000, 0x0, 0x0, 0x0, 0x0, 0x0, 0x0, 0x0,
    0x0, 0x0, 0x0, 0x8000, 0x8000, 0x8000, 0x8000, 0x8000, 0x8000, 0x0, 0x0, 0x0, 0x0, 0x0, 0x0, 0x0,
    0x0, 0x0, 0x0, 0x0, 0x0, 0x0, 0x0, 0x0, 0x0, 0x0, 0x0, 0x0, 0x0, 0x0, 0x0, 0x0,
    0x0, 0x0, 0x0, 0x0, 0x0, 0x0, 0x0, 0x0, 0x0, 0x0, 0x0, 0x0, 0x0, 0x8000, 0x8000, 0x8000,
    0x8000, 0x8000, 0x8000, 0x8000, 0x8000, 0x8000, 0x8000, 0x8000, 0x8000, 0x2000, 0x2000, 0x2000, 0x2000, 0x2000, 0x2000, 0x2000,
    0x2000, 0x2000, 0x2000, 0x2000, 0x2000, 0x2000, 0x2000, 0x2000, 0x2000, 0x8000, 0x8000, 0x8000, 0x8000, 0x2000, 0x2000, 0x2000,
    0x2000, 0x2000, 0x2000, 0x2000, 0x2000, 0x2000, 0x2000, 0x2000, 0x2000, 0x2000, 0x2000, 0x2000, 0x2000, 0x2000, 0x2000, 0x2000,
    0x2000, 0x2000, 0x2000, 0x2000, 0x2000, 0x2000, 0x2000, 0x2000, 0x2000, 0x2000, 0x2000, 0x2000, 0x2000, 0x2000, 0x2000, 0x2000,
    0x2000, 0x2000, 0x2000, 0x2000, 0x2000, 0x2000, 0x2000, 0x2000, 0x2000, 0x2000, 0x2000, 0x2000, 0x2000, 0x2000, 0x8000, 0x8000,
    0x8000, 0x8000, 0x8000, 0x8000, 0x8000, 0x8000, 0x8000, 0x8000, 0x8000, 0x8000, 0x8000, 0x8000, 0x8000, 0x8000, 0x8000, 0x8000,
    0x8000, 0x8000, 0x8000, 0x8000, 0x8000, 0x8000, 0x8000, 0x8000, 0x8000, 0x8000, 0x8000, 0x8000, 0x8000, 0x8000, 0x8000, 0x8000,
    0x8000, 0x8000, 0x8000, 0x8000, 0x8000, 0x8000, 0x8000, 0x8000, 0x8000, 0x8000, 0x8000, 0x8000, 0x8000, 0x8000, 0x8000, 0x8000,
    0x8000, 0x8000, 0x8000, 0x8000, 0x8000, 0x8000, 0x8000, 0x8000, 0x8000, 0x8000, 0x8000, 0x8000, 0x8000, 0x8000, 0xC869, 0xC86A,
    0xC523, 0xC86B, 0xC86C, 0xC86D, 0xC86E, 0xC559, 0xC559, 0xC86F, 0xC52B, 0xC870, 0xC871, 0xC872, 0xC873, 0xC874, 0xC875, 0xC876,
    0xC877, 0xC878, 0xC879, 0xC87A, 0xC87B, 0xC87C, 0xC87D, 0xC87E, 0xC87F, 0xC880, 0xC881, 0xC882, 0xC883, 0xC884, 0xC885, 0xC886,
    0xC887, 0xC888, 0xC889, 0xC88A, 0xC88B, 0xC88C, 0xC88D, 0xC88E, 0xC88F, 0xC890, 0xC891, 0xC892, 0xC893, 0xC894, 0xC895, 0xC896,
    0xC897, 0xC898, 0xC501, 0xC899, 0xC89A, 0xC89B, 0xC89C, 0xC89D, 0xC89E, 0xC89F, 0xC8A0, 0xC8A1, 0xC8A2, 0xC8A3, 0xC54A, 0xC8A4,
    0xC8A5, 0xC8A6, 0xC8A7, 0xC8A8, 0xC8A9, 0xC8AA, 0xC8AB, 0xC8AC, 0xC8AD, 0xC8AE, 0xC8AF, 0xC8B0, 0xC8B1, 0xC8B2, 0xC8B3, 0xC8B4,
    0xC8B5, 0xC8B6, 0xC8B7, 0xC8B8, 0xC8B9, 0xC8BA, 0xC8BB, 0xC8BC, 0xC8BD, 0xC8BE, 0xC879, 0xC8BF, 0xC8C0, 0xC8C1, 0xC8C2, 0xC8C3,
    0xC8C4, 0xC8C5, 0xC8C6, 0xC8C7, 0xC8C8, 0xC8C9, 0xC8CA, 0xC8CB, 0xC8CC, 0xC8CD, 0xC8CE, 0xC8CF, 0xC8D0, 0xC8D1, 0xC8D2, 0xC525,
    0xC8D3, 0xC8D4, 0xC8D5, 0xC8D6, 0xC8D7, 0xC8D8, 0xC8D9, 0xC8DA, 0xC8DB, 0xC8DC, 0xC8DD, 0xC8DE, 0xC8DF, 0xC8E0, 0xC8E1, 0xC4AA,
    0xC8E2, 0xC8E3, 0xC8E4, 0xC8E5, 0xC8E6, 0xC8E7, 0xC8E8, 0xC8E9, 0xC497, 0xC8EA, 0xC8EB, 0xC8EC, 0xC8ED, 0xC8EE, 0xC8EF, 0xC8F0,
    0xC8F1, 0xC8F2, 0xC8F3, 0xC8F4, 0xC8F5, 0xC8F6, 0xC8F7, 0xC8F8, 0xC8F9, 0xC8FA, 0xC8FB, 0xC8FC, 0xC8FD, 0xC8FE, 0xC8FF, 0xC8D1,
    0xC900, 0xC901, 0xC902, 0xC903, 0xC904, 0xC905, 0xC906, 0xC907, 0xC8C1, 0xC908, 0xC909, 0xC90A, 0xC90B, 0xC90C, 0xC90D, 0xC90E,
    0xC90F, 0xC910, 0xC911, 0xC912, 0xC913, 0xC914, 0xC915, 0xC916, 0xC917, 0xC918, 0xC919, 0xC91A, 0xC91B, 0xC879, 0xC91C, 0xC91D,
    0xC91E, 0xC91F, 0xC558, 0xC920, 0xC921, 0xC922, 0xC923, 0xC924, 0xC925, 0xC926, 0xC927, 0xC928, 0xC929, 0xC92A, 0xC92B, 0xC632,
    0xC92C, 0xC92D, 0xC92E, 0xC92F, 0xC930, 0xC931, 0xC932, 0xC933, 0xC934, 0xC8C3, 0xC935, 0xC936, 0xC937, 0xC938, 0xC939, 0xC93A,
    0xC93B, 0xC93C, 0xC93D, 0xC93E, 0xC93F, 0xC940, 0xC941, 0xC52A, 0xC942, 0xC943, 0xC944, 0xC945, 0xC946, 0xC947, 0xC948, 0xC949,
    0xC94A, 0xC94B, 0xC94C, 0xC94D, 0xC94E, 0xC4F9, 0xC94F, 0xC950, 0xC951, 0xC952, 0xC953, 0xC954, 0xC955, 0xC956, 0xC957, 0xC958,
    0xC959, 0xC95A, 0xC95B, 0xC95C, 0xC95D, 0xC95E, 0xC514, 0xC95F, 0xC517, 0xC960, 0xC961, 0xC962, 0x0, 0x0, 0xC963, 0x0,
    0xC964, 0x0, 0x0, 0xC965, 0xC966, 0xC967, 0xC968, 0xC969, 0xC96A, 0xC96B, 0xC96C, 0xC96D, 0xC500, 0x0, 0xC96E, 0x0,
    0xC96F, 0x0, 0x0, 0xC970, 0xC971, 0x0, 0x0, 0x0, 0xC972, 0xC973, 0xC974, 0xC975, 0xC976, 0xC977, 0xC978, 0xC979,
    0xC97A, 0xC97B, 0xC97C, 0xC97D, 0xC97E, 0xC97F, 0xC980, 0xC981, 0xC982, 0xC983, 0xC4B1, 0xC984, 0xC985, 0xC986, 0xC987, 0xC988,
    0xC989, 0xC98A, 0xC98B, 0xC98C, 0xC98D, 0xC98E, 0xC98F, 0xC990, 0xC991, 0xC992, 0xC637, 0xC993, 0xC994, 0xC995, 0xC996, 0xC63B,
    0xC997, 0xC998, 0xC999, 0xC99A, 0xC99B, 0xC8F5, 0xC99C, 0xC99D, 0xC99E, 0xC99F, 0xC9A0, 0xC9A1, 0xC9A1, 0xC9A2, 0xC9A3, 0xC9A4,
    0xC9A5, 0xC9A6, 0xC9A7, 0xC9A8, 0xC9A9, 0xC970, 0xC9AA, 0xC9AB, 0xC9AC, 0xC9AD, 0xC9AE, 0xC9AF, 0x8000, 0x8000, 0xC9B0, 0xC9B1,
    0xC9B2, 0xC9B3, 0xC9B4, 0xC9B5, 0xC9B6, 0xC9B7, 0xC97E, 0xC9B8, 0xC9B9, 0xC9BA, 0xC963, 0xC9BB, 0xC9BC, 0xC9BD, 0xC9BE, 0xC9BF,
    0xC9C0, 0xC9C1, 0xC9C2, 0xC9C3, 0xC9C4, 0xC9C5, 0xC9C6, 0xC986, 0xC9C7, 0xC987, 0xC9C8, 0xC9C9, 0xC9CA, 0xC9CB, 0xC9CC, 0xC964,
    0xC88E, 0xC9CD, 0xC9CE, 0xC4D2, 0xC8D2, 0xC925, 0xC9CF, 0xC9D0, 0xC98E, 0xC9D1, 0xC98F, 0xC9D2, 0xC9D3, 0xC9D4, 0xC966, 0xC9D5,
    0xC9D6, 0xC9D7, 0xC9D8, 0xC9D9, 0xC967, 0xC9DA, 0xC9DB, 0xC9DC, 0xC9DD, 0xC9DE, 0xC9DF, 0xC99B, 0xC9E0, 0xC9E1, 0xC8F5, 0xC9E2,
    0xC99F, 0xC9E3, 0xC9E4, 0xC9E5, 0xC9E6, 0xC9E7, 0xC9A4, 0xC9E8, 0xC96F, 0xC9E9, 0xC9A5, 0xC8BF, 0xC9EA, 0xC9A6, 0xC9EB, 0xC9A8,
    0xC9EC, 0xC9ED, 0xC9EE, 0xC9EF, 0xC9F0, 0xC9AA, 0xC96C, 0xC9F1, 0xC9AB, 0xC9F2, 0xC9AC, 0xC9F3, 0xC559, 0xC9F4, 0xC9F5, 0xC9F6,
    0xC9F7, 0xC9F8, 0xC9F9, 0xC9FA, 0xC9FB, 0xC9FC, 0xC9FD, 0xC9FE, 0x8000, 0x8000, 0x8000, 0x8000, 0x8000, 0x8000, 0x8000, 0x8000,
    0x8000, 0x8000, 0x8000, 0x8000, 0x8000, 0x8000, 0x8000, 0x8000, 0x8000, 0x8000, 0x8000, 0x8000, 0x8000, 0x8000, 0x8000, 0x8000,
    0x8000, 0x8000, 0x8000, 0x8000, 0x8000, 0x8000, 0x8000, 0x8000, 0x8000, 0x8000, 0x8000, 0x8000, 0x8000, 0x8000, 0xC9FF, 0xCA00,
    0xCA01, 0xCA02, 0xCA03, 0xCA04, 0xCA04, 0x8000, 0x8000, 0x8000, 0x8000, 0x8000, 0x8000, 0x8000, 0x8000, 0x8000, 0x8000, 0x8000,
    0x8000, 0xCA05, 0xCA06, 0xCA07, 0xCA08, 0xCA09, 0x8000, 0x8000, 0x8000, 0x8000, 0x8000, 0xCA0A, 0x0, 0xCA0B, 0xCA0C, 0xC3AD,
    0xC3B0, 0xCA0D, 0xCA0E, 0xCA0F, 0xCA10, 0xCA11, 0xCA12, 0xC39C, 0xCA13, 0xCA14, 0xCA15, 0xCA16, 0xCA17, 0xCA18, 0xCA19, 0xCA1A,
    0xCA1B, 0xCA1C, 0xCA1D, 0xCA1E, 0xCA1F, 0x8000, 0xCA20, 0xCA21, 0xCA22, 0xCA23, 0xCA24, 0x8000, 0xCA25, 0x8000, 0xCA26, 0xCA27,
    0x8000, 0xCA28, 0xCA29, 0x8000, 0xCA2A, 0xCA2B, 0xCA2C, 0xCA2D, 0xCA2E, 0xCA2F, 0xCA30, 0xCA31, 0xCA32, 0xCA33, 0xCA34, 0xCA34,
    0xCA35, 0xCA35, 0xCA35, 0xCA35, 0xCA36, 0xCA36, 0xCA36, 0xCA36, 0xCA37, 0xCA37, 0xCA37, 0xCA37, 0xCA38, 0xCA38, 0xCA38, 0xCA38,
    0xCA39, 0xCA39, 0xCA39, 0xCA39, 0xCA3A, 0xCA3A, 0xCA3A, 0xCA3A, 0xCA3B, 0xCA3B, 0xCA3B, 0xCA3B, 0xCA3C, 0xCA3C, 0xCA3C, 0xCA3C,
    0xCA3D, 0xCA3D, 0xCA3D, 0xCA3D, 0xCA3E, 0xCA3E, 0xCA3E, 0xCA3E, 0xCA3F, 0xCA3F, 0xCA3F, 0xCA3F, 0xCA40, 0xCA40, 0xCA41, 0xCA41,
    0xCA42, 0xCA42, 0xCA43, 0xCA43, 0xCA44, 0xCA44, 0xCA45, 0xCA45, 0xCA46, 0xCA46, 0xCA47, 0xCA47, 0xCA47, 0xCA47, 0xCA48, 0xCA48,
    0xCA48, 0xCA48, 0xCA49, 0xCA49, 0xCA49, 0xCA49, 0xCA4A, 0xCA4A, 0xCA4A, 0xCA4A, 0xCA4B, 0xCA4B, 0xCA4C, 0xCA4C, 0xCA4C, 0xCA4C,
    0xCA4D, 0xCA4D, 0xCA4E, 0xCA4E, 0xCA4E, 0xCA4E, 0xCA4F, 0xCA4F, 0xCA4F, 0xCA4F, 0xCA50, 0xCA50, 0xCA51, 0xCA51, 0x2000, 0x2000,
    0x2000, 0x2000, 0x2000, 0x2000, 0x2000, 0x2000, 0x2000, 0x2000, 0x2000, 0x2000, 0x2000, 0x2000, 0x2000, 0x2000, 0x2000, 0x2000,
    0x2000, 0xCA52, 0xCA52, 0xCA52, 0xCA52, 0xCA53, 0xCA53, 0xCA54, 0xCA54, 0xCA55, 0xCA55, 0xC1F3, 0xCA56, 0xCA56, 0xCA57, 0xCA57,
    0xCA58, 0xCA58, 0xCA59, 0xCA59, 0xCA59, 0xCA59, 0xCA5A, 0xCA5A, 0xCA5B, 0xCA5B, 0xCA5C, 0xCA5C, 0xCA5D, 0xCA5D, 0xCA5E, 0xCA5E,
    0xCA5F, 0xCA5F, 0xCA60, 0xCA60, 0xCA61, 0xCA61, 0xCA61, 0xCA62, 0xCA62, 0xCA62, 0xCA63, 0xCA63, 0xCA63, 0xCA63, 0xCA64, 0xCA65,
    0xCA66, 0xCA62, 0xCA67, 0xCA68, 0xCA69, 0xCA6A, 0xCA6B, 0xCA6C, 0xCA6D, 0xCA6E, 0xCA6F, 0xCA70, 0xCA71, 0xCA72, 0xCA73, 0xCA74,
    0xCA75, 0xCA76, 0xCA77, 0xCA78, 0xCA79, 0xCA7A, 0xCA7B, 0xCA7C, 0xCA7D, 0xCA7E, 0xCA7F, 0xCA80, 0xCA81, 0xCA82, 0xCA83, 0xCA84,
    0xCA85, 0xCA86, 0xCA87, 0xCA88, 0xCA89, 0xCA8A, 0xCA8B, 0xCA8C, 0xCA8D, 0xCA8E, 0xCA8F, 0xCA90, 0xCA91, 0xCA92, 0xCA93, 0xCA94,
    0xCA95, 0xCA96, 0xCA97, 0xCA98, 0xCA99, 0xCA9A, 0xCA9B, 0xCA9C, 0xCA9D, 0xCA9E, 0xCA9F, 0xCAA0, 0xCAA1, 0xCAA2, 0xCAA3, 0xCAA4,
    0xCAA5, 0xCAA6, 0xCAA7, 0xCAA8, 0xCAA9, 0xCAAA, 0xCAAB, 0xCAAC, 0xCAAD, 0xCAAE, 0xCAAF, 0xCAB0, 0xCAB1, 0xCAB2, 0xCAB3, 0xCAB4,
    0xCAB5, 0xCAB6, 0xCAB7, 0xCAB8, 0xCAB9, 0xCABA, 0xCABB, 0xCABC, 0xCABD, 0xCABE, 0xCABF, 0xCAC0, 0xCAC1, 0xCAC2, 0xCAC3, 0xCAC4,
    0xCAC5, 0xCAC6, 0xCAC7, 0xCAC8, 0xCA66, 0xCAC9, 0xCA62, 0xCA67, 0xCACA, 0xCACB, 0xCA6B, 0xCACC, 0xCA6C, 0xCA6D, 0xCACD, 0xCACE,
    0xCA71, 0xCACF, 0xCA72, 0xCA73, 0xCAD0, 0xCAD1, 0xCA75, 0xCAD2, 0xCA76, 0xCA77, 0xCA94, 0xCA95, 0xCA98, 0xCA99, 0xCA9A, 0xCA9E,
    0xCA9F, 0xCAA0, 0xCAA1, 0xCAA5, 0xCAA6, 0xCAA7, 0xCAD3, 0xCAAB, 0xCAD4, 0xCAD5, 0xCAB1, 0xCAD6, 0xCAB2, 0xCAB3, 0xCAC0, 0xCAD7,
    0xCAD8, 0xCABB, 0xCAD9, 0xCABC, 0xCABD, 0xCA64, 0xCA65, 0xCADA, 0xCA66, 0xCADB, 0xCA68, 0xCA69, 0xCA6A, 0xCA6B, 0xCADC, 0xCA6E,
    0xCA6F, 0xCA70, 0xCA71, 0xCADD, 0xCA75, 0xCA78, 0xCA79, 0xCA7A, 0xCA7B, 0xCA7C, 0xCA7E, 0xCA7F, 0xCA80, 0xCA81, 0xCA82, 0xCA83,
    0xCADE, 0xCA84, 0xCA85, 0xCA86, 0xCA87, 0xCA88, 0xCA89, 0xCA8B, 0xCA8C, 0xCA8D, 0xCA8E, 0xCA8F, 0xCA90, 0xCA91, 0xCA92, 0xCA93,
    0xCA96, 0xCA97, 0xCA9B, 0xCA9C, 0xCA9D, 0xCA9E, 0xCA9F, 0xCAA2, 0xCAA3, 0xCAA4, 0xCAA5, 0xCADF, 0xCAA8, 0xCAA9, 0xCAAA, 0xCAAB,
    0xCAAE, 0xCAAF, 0xCAB0, 0xCAB1, 0xCAE0, 0xCAB4, 0xCAB5, 0xCAE1, 0xCAB8, 0xCAB9, 0xCABA, 0xCABB, 0xCAE2, 0xCA66, 0xCADB, 0xCA6B,
    0xCADC, 0xCA71, 0xCADD, 0xCA75, 0xCAE3, 0xCA82, 0xCAE4, 0xCAE5, 0xCAE6, 0xCA9E, 0xCA9F, 0xCAA5, 0xCAB1, 0xCAE0, 0xCABB, 0xCAE2,
    0xCAE7, 0xCAE8, 0xCAE9, 0xCAEA, 0xCAEB, 0xCAEC, 0xCAED, 0xCAEE, 0xCAEF, 0xCAF0, 0xCAF1, 0xCAF2, 0xCAF3, 0xCAF4, 0xCAF5, 0xCAF6,
    0xCAF7, 0xCAF8, 0xCAF9, 0xCAFA, 0xCAFB, 0xCAFC, 0xCAFD, 0xCAFE, 0xCAFF, 0xCB00, 0xCAE5, 0xCB01, 0xCB02, 0xCB03, 0xCB04, 0xCAEA,
    0xCAEB, 0xCAEC, 0xCAED, 0xCAEE, 0xCAEF, 0xCAF0, 0xCAF1, 0xCAF2, 0xCAF3, 0xCAF4, 0xCAF5, 0xCAF6, 0xCAF7, 0xCAF8, 0xCAF9, 0xCAFA,
    0xCAFB, 0xCAFC, 0xCAFD, 0xCAFE, 0xCAFF, 0xCB00, 0xCAE5, 0xCB01, 0xCB02, 0xCB03, 0xCB04, 0xCAFE, 0xCAFF, 0xCB00, 0xCAE5, 0xCAE4,
    0xCAE6, 0xCA8A, 0xCA7F, 0xCA80, 0xCA81, 0xCAFE, 0xCAFF, 0xCB00, 0xCA8A, 0xCA8B, 0xCB05, 0xCB05, 0x2000, 0x2000, 0x2000, 0x2000,
    0x2000, 0x2000, 0x2000, 0x2000, 0x2000, 0x2000, 0x2000, 0x2000, 0x2000, 0x2000, 0x2000, 0x2000, 0xCB06, 0xCB07, 0xCB07, 0xCB08,
    0xCB09, 0xCB0A, 0xCB0B, 0xCB0C, 0xCB0D, 0xCB0D, 0xCB0E, 0xCB0F, 0xCB10, 0xCB11, 0xCB12, 0xCB13, 0xCB13, 0xCB14, 0xCB15, 0xCB15,
    0xCB16, 0xCB16, 0xCB17, 0xCB18, 0xCB18, 0xCB19, 0xCB1A, 0xCB1A, 0xCB1B, 0xCB1B, 0xCB1C, 0xCB1D, 0xCB1D, 0xCB1E, 0xCB1E, 0xCB1F,
    0xCB20, 0xCB21, 0xCB22, 0xCB22, 0xCB23, 0xCB24, 0xCB25, 0xCB26, 0xCB27, 0xCB27, 0xCB28, 0xCB29, 0xCB2A, 0xCB2B, 0xCB2C, 0xCB2D,
    0xCB2D, 0xCB2E, 0xCB2E, 0xCB2F, 0xCB2F, 0xCB30, 0xCB31, 0xCB32, 0xCB33, 0xCB34, 0xCB35, 0xCB36, 0x2000, 0x2000, 0xCB37, 0xCB38,
    0xCB39, 0xCB3A, 0xCB3B, 0xCB3C, 0xCB3C, 0xCB3D, 0xCB3E, 0xCB3F, 0xCB40, 0xCB40, 0xCB41, 0xCB42, 0xCB43, 0xCB44, 0xCB45, 0xCB46,
    0xCB47, 0xCB48, 0xCB49, 0xCB4A, 0xCB4B, 0xCB4C, 0xCB4D, 0xCB4E, 0xCB4F, 0xCB50, 0xCB51, 0xCB52, 0xCB53, 0xCB54, 0xCB55, 0xCB56,
    0xCB28, 0xCB2A, 0xCB57, 0xCB58, 0xCB59, 0xCB5A, 0xCB5B, 0xCB5C, 0xCB5B, 0xCB59, 0xCB5D, 0xCB5E, 0xCB5F, 0xCB60, 0xCB61, 0xCB5C,
    0xCB21, 0xCB17, 0xCB62, 0xCB63, 0x2000, 0x2000, 0x2000, 0x2000, 0x2000, 0x2000, 0x2000, 0x2000, 0x8000, 0x8000, 0x8000, 0x8000,
    0x8000, 0x8000, 0x8000, 0x8000, 0x8000, 0x8000, 0x8000, 0x8000, 0x8000, 0x8000, 0x8000, 0x8000, 0x8000, 0x8000, 0x8000, 0x8000,
    0x8000, 0x8000, 0x8000, 0x8000, 0x8000, 0x8000, 0x8000, 0x8000, 0x8000, 0x8000, 0x8000, 0x8000, 0xCB64, 0xCB65, 0xCB66, 0xCB67,
    0xCB68, 0xCB69, 0xCB6A, 0xCB6B, 0xCB6C, 0xCB6D, 0xCB6E, 0xCB6F, 0xCB70, 0x2000, 0x2000, 0x2000, 0x6000, 0x6000, 0x6000, 0x6000,
    0x6000, 0x6000, 0x6000, 0x6000, 0x6000, 0x6000, 0x6000, 0x6000, 0x6000, 0x6000, 0x6000, 0x6000, 0xCB71, 0xCB72, 0x8000, 0xCB73,
    0xC101, 0xCB74, 0xCB75, 0xCB76, 0xCB77, 0x8000, 0x8000, 0x8000, 0x8000, 0x8000, 0x8000, 0x8000, 0x0, 0x0, 0x0, 0x0,
    0x0, 0x0, 0x0, 0x0, 0x0, 0x0, 0x0, 0x0, 0x0, 0x0, 0x0, 0x0, 0x8000, 0xCB78, 0xCB79, 0xCB7A,
    0xCB7A, 0xC39F, 0xC3A0, 0xCB7B, 0xCB7C, 0xCB7D, 0xCB7E, 0xCB7F, 0xCB80, 0xCB81, 0xCB82, 0xC3D2, 0xC3D3, 0xCB83, 0xCB84, 0xCB85,
    0xCB86, 0x2000, 0x2000, 0xCB87, 0xCB88, 0xC390, 0xC390, 0xC390, 0xC390, 0xCB7A, 0xCB7A, 0xCB7A, 0xCB71, 0xCB72, 0x8000, 0x8000,
    0xC101, 0xCB73, 0xCB75, 0xCB74, 0xCB78, 0xC39F, 0xC3A0, 0xCB7B, 0xCB7C, 0xCB7D, 0xCB7E, 0xCB89, 0xCB8A, 0xCB8B, 0xC39C, 0xCB8C,
    0xCB8D, 0xCB8E, 0xC39E, 0x8000, 0xCB8F, 0xCB90, 0xCB91, 0xCB92, 0x8000, 0x8000, 0x8000, 0x8000, 0xCB93, 0xCB94, 0xCB95, 0x0,
    0xCB96, 0x8000, 0xCB97, 0xCB98, 0xCB99, 0xCB9A, 0xCB9B, 0xCB9C, 0xCB9D, 0xCB9E, 0xCB9F, 0xCBA0, 0xCBA1, 0xCBA2, 0xCBA2, 0xCBA3,
    0xCBA3, 0xCBA4, 0xCBA4, 0xCBA5, 0xCBA5, 0xCBA6, 0xCBA6, 0xCBA6, 0xCBA6, 0xCBA7, 0xCBA7, 0xCBA8, 0xCBA8, 0xCBA8, 0xCBA8, 0xCBA9,
    0xCBA9, 0xCBAA, 0xCBAA, 0xCBAA, 0xCBAA, 0xCBAB, 0xCBAB, 0xCBAB, 0xCBAB, 0xCBAC, 0xCBAC, 0xCBAC, 0xCBAC, 0xCBAD, 0xCBAD, 0xCBAD,
    0xCBAD, 0xCBAE, 0xCBAE, 0xCBAE, 0xCBAE, 0xCBAF, 0xCBAF, 0xCBB0, 0xCBB0, 0xCBB1, 0xCBB1, 0xCBB2, 0xCBB2, 0xCBB3, 0xCBB3, 0xCBB3,
    0xCBB3, 0xCBB4, 0xCBB4, 0xCBB4, 0xCBB4, 0xCBB5, 0xCBB5, 0xCBB5, 0xCBB5, 0xCBB6, 0xCBB6, 0xCBB6, 0xCBB7, 0xCBB7, 0xCBB7, 0xCBB7,
    0xCBB8, 0xCBB8, 0xCBB8, 0xCBB8, 0xCBB9, 0xCBB9, 0xCBB9, 0xCBB9, 0xCBBA, 0xCBBA, 0xCBBA, 0xCBBA, 0xCBBB, 0xCBBB, 0xCBBB, 0xCBBB,
    0xCBBC, 0xCBBC, 0xCBBC, 0xCBBC, 0xCBBD, 0xCBBD, 0xCBBD, 0xCBBD, 0xCBBE, 0xCBBE, 0xCBBE, 0xCBBE, 0xCBBF, 0xCBBF, 0xCBBF, 0xCBBF,
    0xCBC0, 0xCBC0, 0xCBC0, 0xCBC0, 0xCBC1, 0xCBC1, 0xCBC1, 0xCBC1, 0xCBC2, 0xCBC2, 0xCA5A, 0xCA5A, 0xCBC3, 0xCBC3, 0xCBC3, 0xCBC3,
    0xCBC4, 0xCBC4, 0xCBC5, 0xCBC5, 0xCBC6, 0xCBC6, 0xCBC7, 0xCBC7, 0x8000, 0x8000, 0x6000, 0x8000, 0xCB74, 0xCBC8, 0xCB89, 0xCB90,
    0xCB91, 0xCB8A, 0xCBC9, 0xC39F, 0xC3A0, 0xCB8B, 0xC39C, 0xCB71, 0xCB8C, 0xC55B, 0xCBCA, 0xC395, 0xC022, 0xC01D, 0xC01E, 0xC396,
    0xC397, 0xC398, 0xC399, 0xC39A, 0xC39B, 0xCB73, 0xC101, 0xCB8D, 0xC39E, 0xCB8E, 0xCB75, 0xCB92, 0xC000, 0xC001, 0xC002, 0xC003,
    0xC004, 0xC005, 0xC006, 0xC007, 0xC008, 0xC009, 0xC00A, 0xC00B, 0xC00C, 0xC00D, 0xC00E, 0xC00F, 0xC010, 0xC011, 0xC012, 0xC013,
    0xC014, 0xC015, 0xC016, 0xC017, 0xC018, 0xC019, 0xCB87, 0xCB8F, 0xCB88, 0xCBCB, 0xCB7A, 0xC380, 0xC000, 0xC001, 0xC002, 0xC003,
    0xC004, 0xC005, 0xC006, 0xC007, 0xC008, 0xC009, 0xC00A, 0xC00B, 0xC00C, 0xC00D, 0xC00E, 0xC00F, 0xC010, 0xC011, 0xC012, 0xC013,
    0xC014, 0xC015, 0xC016, 0xC017, 0xC018, 0xC019, 0xCB7B, 0xCBCC, 0xCB7C, 0xCBCD, 0xCBCE, 0xCBCF, 0xC55B, 0xCB83, 0xCB84, 0xCB72,
    0xCBD0, 0xC69E, 0xCBD1, 0xCBD2, 0xCBD3, 0xCBD4, 0xCBD5, 0xCBD6, 0xCBD7, 0xCBD8, 0xCBD9, 0xCBDA, 0xC670, 0xC671, 0xC672, 0xC673,
    0xC674, 0xC675, 0xC676, 0xC677, 0xC678, 0xC679, 0xC67A, 0xC67B, 0xC67C, 0xC67D, 0xC67E, 0xC67F, 0xC680, 0xC681, 0xC682, 0xC683,
    0xC684, 0xC685, 0xC686, 0xC687, 0xC688, 0xC689, 0xC68A, 0xC68B, 0xC68C, 0xC68D, 0xC68E, 0xC68F, 0xC690, 0xC691, 0xC692, 0xC693,
    0xC694, 0xC695, 0xC696, 0xC697, 0xC698, 0xC699, 0xC69A, 0xC69B, 0xCBDB, 0xCBDC, 0xCBDD, 0x6000, 0xC563, 0xC564, 0xC565, 0xC566,
    0xC567, 0xC568, 0xC569, 0xC56A, 0xC56B, 0xC56C, 0xC56D, 0xC56E, 0xC56F, 0xC570, 0xC571, 0xC572, 0xC573, 0xC574, 0xC575, 0xC576,
    0xC577, 0xC578, 0xC579, 0xC57A, 0xC57B, 0xC57C, 0xC57D, 0xC57E, 0xC57F, 0xC580, 0x8000, 0x8000, 0xC581, 0xC582, 0xC583, 0xC584,
    0xC585, 0xC586, 0x8000, 0x8000, 0xC587, 0xC588, 0xC589, 0xC58A, 0xC58B, 0xC58C, 0x8000, 0x8000, 0xC58D, 0xC58E, 0xC58F, 0xC590,
    0xC591, 0xC592, 0x8000, 0x8000, 0xC593, 0xC594, 0xC595, 0x8000, 0x8000, 0x8000, 0xCBDE, 0xCBDF, 0xCBE0, 0xC01C, 0xCBE1, 0xCBE2,
    0xCBE3, 0x8000, 0xCBE4, 0xCBE5, 0xCBE6, 0xCBE7, 0xCBE8, 0xCBE9, 0xCBEA, 0x8000, 0x8000, 0x8000, 0x8000, 0x8000, 0x8000, 0x8000,
    0x8000, 0x8000, 0x8000, 0x8000, 0x8000, 0x8000, 0x8000, 0x8000, 0x8000, 0x8000, 0x0, 0x0, 0x0, 0x0, 0x0, 0x0,
    0x0, 0x0, 0x0, 0x0, 0x0, 0x0, 0x8000, 0x0, 0x0, 0x0, 0x0, 0x0, 0x0, 0x0, 0x0, 0x0,
    0x0, 0x0, 0x0, 0x0, 0x0, 0x0, 0x0, 0x0, 0x0, 0x0, 0x0, 0x0, 0x0, 0x0, 0x0, 0x0,
    0x0, 0x8000, 0x0, 0x0, 0x0, 0x0, 0x0, 0x0, 0x0, 0x0, 0x0, 0x0, 0x0, 0x0, 0x0, 0x0,
    0x0, 0x0, 0x0, 0x0, 0x0, 0x8000, 0x0, 0x0, 0x8000, 0x0, 0x0, 0x0, 0x0, 0x0, 0x0, 0x0,
    0x0, 0x0, 0x0, 0x0, 0x0, 0x0, 0x0, 0x8000, 0x8000, 0x0, 0x0, 0x0, 0x0, 0x0, 0x0, 0x0,
    0x0, 0x0, 0x0, 0x0, 0x0, 0x0, 0x0, 0x8000, 0x8000, 0x8000, 0x8000, 0x8000, 0x8000, 0x8000, 0x8000, 0x8000,
    0x8000, 0x8000, 0x8000, 0x8000, 0x8000, 0x8000, 0x8000, 0x8000, 0x8000, 0x8000, 0x8000, 0x8000, 0x8000, 0x8000, 0x8000, 0x8000,
    0x8000, 0x8000, 0x8000, 0x8000, 0x8000, 0x8000, 0x8000, 0x8000, 0x8000, 0x0, 0x0, 0x0, 0x0, 0x0, 0x0, 0x0,
    0x0, 0x0, 0x0, 0x0, 0x0, 0x0, 0x0, 0x0, 0x0, 0x0, 0x0, 0x0, 0x0, 0x0, 0x0, 0x0,
    0x0, 0x0, 0x0, 0x0, 0x0, 0x0, 0x0, 0x0, 0x0, 0x0, 0x0, 0x0, 0x0, 0x0, 0x0, 0x0,
    0x0, 0x0, 0x0, 0x0, 0x0, 0x0, 0x0, 0x0, 0x0, 0x0, 0x0, 0x0, 0x0, 0x0, 0x0, 0x0,
    0x0, 0x0, 0x0, 0x0, 0x8000, 0x8000, 0x8000, 0x8000, 0x8000, 0x2000, 0x2000, 0x2000, 0x8000, 0x8000, 0x8000, 0x8000,
    0x2000, 0x2000, 0x2000, 0x2000, 0x2000, 0x2000, 0x2000, 0x2000, 0x2000, 0x2000, 0x2000, 0x2000, 0x2000, 0x2000, 0x2000, 0x2000,
    0x2000, 0x2000, 0x2000, 0x2000, 0x2000, 0x2000, 0x2000, 0x2000, 0x2000, 0x2000, 0x2000, 0x2000, 0x2000, 0x2000, 0x2000, 0x2000,
    0x2000, 0x2000, 0x2000, 0x2000, 0x2000, 0x2000, 0x2000, 0x2000, 0x2000, 0x2000, 0x2000, 0x2000, 0x2000, 0x8000, 0x8000, 0x8000,
    0x2000, 0x2000, 0x2000, 0x2000, 0x2000, 0x2000, 0x2000, 0x2000, 0x2000, 0x2000, 0x2000, 0x2000, 0x2000, 0x2000, 0x2000, 0x8000,
    0x2000, 0x2000, 0x2000, 0x2000, 0x2000, 0x2000, 0x2000, 0x2000, 0x2000, 0x2000, 0x2000, 0x2000, 0x2000, 0x8000, 0x8000, 0x8000,
    0x2000, 0x8000, 0x8000, 0x8000, 0x8000, 0x8000, 0x8000, 0x8000, 0x8000, 0x8000, 0x8000, 0x8000, 0x8000, 0x8000, 0x8000, 0x8000,
    0x8000, 0x8000, 0x8000, 0x8000, 0x8000, 0x8000, 0x8000, 0x8000, 0x8000, 0x8000, 0x8000, 0x8000, 0x8000, 0x8000, 0x8000, 0x8000,
    0x2000, 0x2000, 0x2000, 0x2000, 0x2000, 0x2000, 0x2000, 0x2000, 0x2000, 0x2000, 0x2000, 0x2000, 0x2000, 0x2000, 0x2000, 0x2000,
    0x2000, 0x2000, 0x2000, 0x2000, 0x2000, 0x2000, 0x2000, 0x2000, 0x2000, 0x2000, 0x2000, 0x2000, 0x2000, 0x2000, 0x2000, 0x2000,
    0x2000, 0x2000, 0x2000, 0x2000, 0x2000, 0x2000, 0x2000, 0x2000, 0x2000, 0x2000, 0x2000, 0x2000, 0x2000, 0x0, 0x8000, 0x8000,
    0x0, 0x0, 0x0, 0x0, 0x0, 0x0, 0x0, 0x0, 0x0, 0x0, 0x0, 0x0, 0x0, 0x0, 0x0, 0x0,
    0x0, 0x0, 0x0, 0x0, 0x0, 0x0, 0x0, 0x0, 0x0, 0x0, 0x0, 0x0, 0x0, 0x8000, 0x8000, 0x8000,
    0x0, 0x0, 0x0, 0x0, 0x0, 0x0, 0x0, 0x0, 0x0, 0x0, 0x0, 0x0, 0x0, 0x0, 0x0, 0x0,
    0x0, 0x0, 0x0, 0x0, 0x0, 0x0, 0x0, 0x0, 0x0, 0x0, 0x0, 0x0, 0x0, 0x0, 0x0, 0x0,
    0x8000, 0x8000, 0x8000, 0x8000, 0x8000, 0x8000, 0x8000, 0x8000, 0x8000, 0x8000, 0x8000, 0x8000, 0x8000, 0x8000, 0x8000, 0x0,
    0x2000, 0x2000, 0x2000, 0x2000, 0x2000, 0x2000, 0x2000, 0x2000, 0x2000, 0x2000, 0x2000, 0x2000, 0x2000, 0x2000, 0x2000, 0x2000,
    0x2000, 0x2000, 0x2000, 0x2000, 0x2000, 0x2000, 0x2000, 0x2000, 0x2000, 0x2000, 0x2000, 0x8000, 0x8000, 0x8000, 0x8000, 0x0,
    0x0, 0x0, 0x0, 0x0, 0x0, 0x0, 0x0, 0x0, 0x0, 0x0, 0x0, 0x0, 0x0, 0x0, 0x0, 0x0,
    0x0, 0x0, 0x0, 0x0, 0x0, 0x0, 0x0, 0x0, 0x0, 0x0, 0x0, 0x0, 0x0, 0x0, 0x0, 0x2000,
    0x2000, 0x2000, 0x2000, 0x8000, 0x8000, 0x8000, 0x8000, 0x8000, 0x8000, 0x8000, 0x8000, 0x8000, 0x0, 0x0, 0x0, 0x0,
    0x0, 0x0, 0x0, 0x0, 0x0, 0x0, 0x0, 0x0, 0x0, 0x0, 0x0, 0x0, 0x0, 0x0, 0x0, 0x2000,
    0x0, 0x0, 0x0, 0x0, 0x0, 0x0, 0x0, 0x0, 0x2000, 0x8000, 0x8000, 0x8000, 0x8000, 0x8000, 0x0, 0x0,
    0x0, 0x0, 0x0, 0x0, 0x0, 0x0, 0x0, 0x0, 0x0, 0x0, 0x0, 0x0, 0x0, 0x0, 0x0, 0x0,
    0x0, 0x0, 0x0, 0x0, 0x0, 0x0, 0x0, 0x0, 0x0, 0x0, 0x0, 0x0, 0x0, 0x0, 0x0, 0x0,
    0x0, 0x0, 0x0, 0x0, 0x0, 0x0, 0x0, 0x0, 0x0, 0x8000, 0x8000, 0x8000, 0x8000, 0x8000, 0x0, 0x0,
    0x0, 0x0, 0x0, 0x0, 0x0, 0x0, 0x0, 0x0, 0x0, 0x0, 0x0, 0x0, 0x0, 0x0, 0x0, 0x0,
    0x0, 0x0, 0x0, 0x0, 0x0, 0x0, 0x0, 0x0, 0x0, 0x0, 0x0, 0x0, 0x8000, 0x2000, 0x0, 0x0,
    0x0, 0x0, 0x0, 0x0, 0x0, 0x0, 0x0, 0x0, 0x0, 0x0, 0x0, 0x0, 0x0, 0x0, 0x0, 0x0,
    0x0, 0x0, 0x0, 0x0, 0x0, 0x0, 0x0, 0x0, 0x0, 0x0, 0x0, 0x0, 0x0, 0x0, 0x8000, 0x8000,
    0x8000, 0x8000, 0x0, 0x0, 0x0, 0x0, 0x0, 0x0, 0x0, 0x0, 0x2000, 0x2000, 0x2000, 0x2000, 0x2000, 0x2000,
    0x8000, 0x8000, 0x8000, 0x8000, 0x8000, 0x8000, 0x8000, 0x8000, 0x8000, 0x8000, 0x8000, 0x8000, 0x8000, 0x8000, 0x8000, 0x8000,
    0x8000, 0x8000, 0x8000, 0x8000, 0x8000, 0x8000, 0x8000, 0x8000, 0x8000, 0x8000, 0x8000, 0x8000, 0x8000, 0x8000, 0x8000, 0x8000,
    0x8000, 0x8000, 0x8000, 0x8000, 0x8000, 0x8000, 0x8000, 0x8000, 0x8000, 0x8000, 0xCBEB, 0xCBEC, 0xCBED, 0xCBEE, 0xCBEF, 0xCBF0,
    0xCBF1, 0xCBF2, 0xCBF3, 0xCBF4, 0xCBF5, 0xCBF6, 0xCBF7, 0xCBF8, 0xCBF9, 0xCBFA, 0xCBFB, 0xCBFC, 0xCBFD, 0xCBFE, 0xCBFF, 0xCC00,
    0xCC01, 0xCC02, 0xCC03, 0xCC04, 0xCC05, 0xCC06, 0xCC07, 0xCC08, 0xCC09, 0xCC0A, 0xCC0B, 0xCC0C, 0xCC0D, 0xCC0E, 0xCC0F, 0xCC10,
    0xCC11, 0xCC12, 0x0, 0x0, 0x0, 0x0, 0x0, 0x0, 0x0, 0x0, 0x0, 0x0, 0x0, 0x0, 0x0, 0x0,
    0x0, 0x0, 0x0, 0x0, 0x0, 0x0, 0x0, 0x0, 0x0, 0x0, 0x0, 0x0, 0x0, 0x0, 0x0, 0x0,
    0x8000, 0x8000, 0x0, 0x0, 0x0, 0x0, 0x0, 0x0, 0x0, 0x0, 0x0, 0x0, 0x8000, 0x8000, 0x8000, 0x8000,
    0x8000, 0x8000, 0xCC13, 0xCC14, 0xCC15, 0xCC16, 0xCC17, 0xCC18, 0xCC19, 0xCC1A, 0xCC1B, 0xCC1C, 0xCC1D, 0xCC1E, 0xCC1F, 0xCC20,
    0xCC21, 0xCC22, 0xCC23, 0xCC24, 0xCC25, 0xCC26, 0xCC27, 0xCC28, 0xCC29, 0xCC2A, 0xCC2B, 0xCC2C, 0xCC2D, 0xCC2E, 0xCC2F, 0xCC30,
    0xCC31, 0xCC32, 0xCC33, 0xCC34, 0xCC35, 0xCC36, 0x8000, 0x8000, 0x8000, 0x8000, 0x0, 0x0, 0x0, 0x0, 0x0, 0x0,
    0x0, 0x0, 0x0, 0x0, 0x0, 0x0, 0x0, 0x0, 0x0, 0x0, 0x0, 0x0, 0x0, 0x0, 0x0, 0x0,
    0x0, 0x0, 0x0, 0x0, 0x0, 0x0, 0x0, 0x0, 0x0, 0x0, 0x0, 0x0, 0x0, 0x0, 0x8000, 0x8000,
    0x8000, 0x8000, 0x0, 0x0, 0x0, 0x0, 0x0, 0x0, 0x0, 0x0, 0x0, 0x0, 0x0, 0x0, 0x0, 0x0,
    0x0, 0x0, 0x0, 0x0, 0x0, 0x0, 0x0, 0x0, 0x0, 0x0, 0x0, 0x0, 0x0, 0x0, 0x0, 0x0,
    0x0, 0x0, 0x0, 0x0, 0x0, 0x0, 0x0, 0x0, 0x0, 0x0, 0x8000, 0x8000, 0x8000, 0x8000, 0x8000, 0x8000,
    0x8000, 0x8000, 0x0, 0x0, 0x0, 0x0, 0x0, 0x0, 0x0, 0x0, 0x0, 0x0, 0x0, 0x0, 0x0, 0x0,
    0x0, 0x0, 0x0, 0x0, 0x0, 0x0, 0x0, 0x0, 0x0, 0x0, 0x0, 0x0, 0x0, 0x0, 0x0, 0x0,
    0x0, 0x0, 0x0, 0x0, 0x0, 0x0, 0x8000, 0x8000, 0x8000, 0x8000, 0x8000, 0x8000, 0x8000, 0x8000, 0x8000, 0x8000,
    0x8000, 0x2000, 0xCC37, 0xCC38, 0xCC39, 0xCC3A, 0xCC3B, 0xCC3C, 0xCC3D, 0xCC3E, 0xCC3F, 0xCC40, 0xCC41, 0x8000, 0xCC42, 0xCC43,
    0xCC44, 0xCC45, 0xCC46, 0xCC47, 0xCC48, 0xCC49, 0xCC4A, 0xCC4B, 0xCC4C, 0xCC4D, 0xCC4E, 0xCC4F, 0xCC50, 0x8000, 0xCC51, 0xCC52,
    0xCC53, 0xCC54, 0xCC55, 0xCC56, 0xCC57, 0x8000, 0xCC58, 0xCC59, 0x8000, 0x0, 0x0, 0x0, 0x0, 0x0, 0x0, 0x0,
    0x0, 0x0, 0x0, 0x0, 0x8000, 0x0, 0x0, 0x0, 0x0, 0x0, 0x0, 0x0, 0x0, 0x0, 0x0, 0x0,
    0x0, 0x0, 0x0, 0x0, 0x8000, 0x0, 0x0, 0x0, 0x0, 0x0, 0x0, 0x0, 0x8000, 0x0, 0x0, 0x8000,
    0x8000, 0x8000, 0x0, 0x0, 0x0, 0x0, 0x0, 0x0, 0x0, 0x0, 0x0, 0x0, 0x0, 0x0, 0x0, 0x0,
    0x0, 0x0, 0x0, 0x0, 0x0, 0x0, 0x0, 0x0, 0x0, 0x0, 0x0, 0x0, 0x0, 0x0, 0x0, 0x0,
    0x0, 0x0, 0x0, 0x0, 0x0, 0x0, 0x0, 0x0, 0x0, 0x0, 0x0, 0x0, 0x0, 0x0, 0x0, 0x0,
    0x0, 0x0, 0x0, 0x0, 0x0, 0x0, 0x8000, 0x8000, 0x8000, 0x8000, 0x8000, 0x8000, 0x8000, 0x8000, 0x8000, 0x8000,
    0x8000, 0x8000, 0x0, 0x0, 0x0, 0x0, 0x0, 0x0, 0x0, 0x0, 0x0, 0x0, 0x0, 0x0, 0x0, 0x0,
    0x0, 0x0, 0x0, 0x0, 0x0, 0x0, 0x0, 0x0, 0x8000, 0x8000, 0x8000, 0x8000, 0x8000, 0x8000, 0x8000, 0x8000,
    0x8000, 0x8000, 0x0, 0x0, 0x0, 0x0, 0x0, 0x0, 0x0, 0x0, 0x8000, 0x8000, 0x8000, 0x8000, 0x8000, 0x8000,
    0x8000, 0x8000, 0x8000, 0x8000, 0x8000, 0x8000, 0x8000, 0x8000, 0x8000, 0x8000, 0x8000, 0x8000, 0x8000, 0x8000, 0x8000, 0x8000,
    0x8000, 0x8000, 0x0, 0xCC5A, 0xCC5B, 0xC02C, 0xCC5C, 0xC085, 0x8000, 0xCC5D, 0xCC5E, 0xCC5F, 0xCC60, 0xC08A, 0xC08B, 0xCC61,
    0xCC62, 0xCC63, 0xCC64, 0xC807, 0xCC65, 0xC091, 0xCC66, 0xC058, 0xCC67, 0xCC68, 0xCC69, 0xCC6A, 0xCC6B, 0xC7F7, 0xCC6C, 0xCC6D,
    0xCC6E, 0xCC6F, 0xCC70, 0xCC71, 0xC03D, 0xCC72, 0xC811, 0xC010, 0xCC73, 0xCC74, 0xC445, 0xCC75, 0xC09C, 0xCC76, 0xCC77, 0xCC78,
    0xCC79, 0xC0A0, 0xCC7A, 0x8000, 0xCC7B, 0xCC7C, 0xCC7D, 0xCC7E, 0xCC7F, 0xCC80, 0xCC81, 0xCC82, 0xCC83, 0xC7F9, 0xCC84, 0xCC85,
    0xC7F8, 0xCC86, 0x0, 0x0, 0x0, 0x0, 0x0, 0x0, 0x8000, 0x8000, 0x0, 0x8000, 0x0, 0x0, 0x0, 0x0,
    0x0, 0x0, 0x0, 0x0, 0x0, 0x0, 0x0, 0x0, 0x0, 0x0, 0x0, 0x0, 0x0, 0x0, 0x0, 0x0,
    0x0, 0x0, 0x0, 0x0, 0x0, 0x0, 0x0, 0x0, 0x0, 0x0, 0x0, 0x0, 0x0, 0x0, 0x0, 0x0,
    0x0, 0x0, 0x0, 0x0, 0x0, 0x0, 0x0, 0x0, 0x8000, 0x0, 0x0, 0x8000, 0x8000, 0x8000, 0x0, 0x8000,
    0x8000, 0x0, 0x0, 0x0, 0x0, 0x0, 0x0, 0x0, 0x0, 0x0, 0x0, 0x0, 0x0, 0x0, 0x0, 0x0,
    0x0, 0x0, 0x0, 0x0, 0x0, 0x0, 0x0, 0x8000, 0x2000, 0x2000, 0x2000, 0x2000, 0x2000, 0x2000, 0x2000, 0x2000,
    0x2000, 0x0, 0x0, 0x0, 0x0, 0x0, 0x0, 0x0, 0x0, 0x0, 0x0, 0x0, 0x0, 0x0, 0x0, 0x0,
    0x0, 0x0, 0x0, 0x0, 0x0, 0x0, 0x0, 0x0, 0x2000, 0x2000, 0x2000, 0x2000, 0x2000, 0x2000, 0x2000, 0x2000,
    0x2000, 0x0, 0x0, 0x0, 0x0, 0x0, 0x0, 0x0, 0x0, 0x0, 0x0, 0x0, 0x0, 0x0, 0x0, 0x0,
    0x0, 0x0, 0x0, 0x0, 0x0, 0x0, 0x0, 0x0, 0x0, 0x0, 0x0, 0x0, 0x0, 0x0, 0x0, 0x0,
    0x8000, 0x8000, 0x8000, 0x8000, 0x8000, 0x8000, 0x8000, 0x8000, 0x2000, 0x2000, 0x2000, 0x2000, 0x2000, 0x2000, 0x2000, 0x2000,
    0x2000, 0x8000, 0x8000, 0x8000, 0x8000, 0x8000, 0x8000, 0x8000, 0x8000, 0x8000, 0x8000, 0x8000, 0x8000, 0x8000, 0x8000, 0x8000,
    0x8000, 0x8000, 0x8000, 0x8000, 0x8000, 0x8000, 0x8000, 0x8000, 0x8000, 0x8000, 0x8000, 0x8000, 0x8000, 0x8000, 0x8000, 0x8000,
    0x8000, 0x0, 0x0, 0x0, 0x0, 0x0, 0x0, 0x0, 0x0, 0x0, 0x0, 0x0, 0x0, 0x0, 0x0, 0x0,
    0x0, 0x0, 0x0, 0x0, 0x8000, 0x0, 0x0, 0x8000, 0x8000, 0x8000, 0x8000, 0x8000, 0x2000, 0x2000, 0x2000, 0x2000,
    0x2000, 0x0, 0x0, 0x0, 0x0, 0x0, 0x0, 0x0, 0x0, 0x0, 0x0, 0x0, 0x0, 0x0, 0x0, 0x0,
    0x0, 0x0, 0x0, 0x0, 0x0, 0x0, 0x0, 0x2000, 0x2000, 0x2000, 0x2000, 0x2000, 0x2000, 0x8000, 0x8000, 0x8000,
    0x2000, 0x0, 0x0, 0x0, 0x0, 0x0, 0x0, 0x0, 0x0, 0x0, 0x0, 0x0, 0x0, 0x0, 0x0, 0x0,
    0x0, 0x0, 0x0, 0x0, 0x0, 0x0, 0x0, 0x0, 0x0, 0x0, 0x0, 0x8000, 0x8000, 0x8000, 0x8000, 0x8000,
    0x2000, 0x0, 0x0, 0x0, 0x0, 0x0, 0x0, 0x0, 0x0, 0x0, 0x0, 0x0, 0x0, 0x0, 0x0, 0x0,
    0x0, 0x0, 0x0, 0x0, 0x0, 0x0, 0x0, 0x0, 0x0, 0x0, 0x0, 0x8000, 0x8000, 0x8000, 0x8000, 0x8000,
    0x8000, 0x8000, 0x8000, 0x8000, 0x8000, 0x8000, 0x8000, 0x8000, 0x8000, 0x8000, 0x8000, 0x8000, 0x8000, 0x8000, 0x8000, 0x8000,
    0x8000, 0x8000, 0x8000, 0x8000, 0x8000, 0x8000, 0x8000, 0x8000, 0x8000, 0x8000, 0x8000, 0x8000, 0x8000, 0x8000, 0x8000, 0x8000,
    0x8000, 0x0, 0x0, 0x0, 0x0, 0x0, 0x0, 0x0, 0x0, 0x0, 0x0, 0x0, 0x0, 0x0, 0x0, 0x0,
    0x0, 0x0, 0x0, 0x0, 0x0, 0x0, 0x0, 0x0, 0x0, 0x0, 0x0, 0x0, 0x0, 0x0, 0x0, 0x0,
    0x0, 0x0, 0x0, 0x0, 0x0, 0x0, 0x0, 0x0, 0x0, 0x0, 0x0, 0x0, 0x0, 0x0, 0x0, 0x0,
    0x0, 0x0, 0x0, 0x0, 0x0, 0x0, 0x0, 0x0, 0x0, 0x8000, 0x8000, 0x8000, 0x8000, 0x2000, 0x2000, 0x0,
    0x0, 0x2000, 0x2000, 0x2000, 0x2000, 0x2000, 0x2000, 0x2000, 0x2000, 0x2000, 0x2000, 0x2000, 0x2000, 0x2000, 0x2000, 0x2000,
    0x2000, 0x8000, 0x8000, 0x2000, 0x2000, 0x2000, 0x2000, 0x2000, 0x2000, 0x2000, 0x2000, 0x2000, 0x2000, 0x2000, 0x2000, 0x2000,
    0x2000, 0x2000, 0x2000, 0x2000, 0x2000, 0x2000, 0x2000, 0x2000, 0x2000, 0x2000, 0x2000, 0x2000, 0x2000, 0x2000, 0x2000, 0x2000,
    0x2000, 0x2000, 0x2000, 0x2000, 0x2000, 0x2000, 0x2000, 0x2000, 0x2000, 0x2000, 0x2000, 0x2000, 0x2000, 0x2000, 0x2000, 0x2000,
    0x2000, 0x0, 0x0, 0x0, 0x0, 0x8000, 0x0, 0x0, 0x8000, 0x8000, 0x8000, 0x8000, 0x8000, 0x0, 0x0, 0x0,
    0x0, 0x0, 0x0, 0x0, 0x0, 0x8000, 0x0, 0x0, 0x0, 0x8000, 0x0, 0x0, 0x0, 0x0, 0x0, 0x0,
    0x0, 0x0, 0x0, 0x0, 0x0, 0x0, 0x0, 0x0, 0x0, 0x0, 0x0, 0x0, 0x0, 0x0, 0x0, 0x0,
    0x0, 0x0, 0x0, 0x0, 0x0, 0x0, 0x0, 0x8000, 0x8000, 0x0, 0x0, 0x0, 0x8000, 0x8000, 0x8000, 0x8000,
    0x0, 0x2000, 0x2000, 0x2000, 0x2000, 0x2000, 0x2000, 0x2000, 0x2000, 0x2000, 0x8000, 0x8000, 0x8000, 0x8000, 0x8000, 0x8000,
    0x8000, 0x2000, 0x2000, 0x2000, 0x2000, 0x2000, 0x2000, 0x2000, 0x2000, 0x2000, 0x8000, 0x8000, 0x8000, 0x8000, 0x8000, 0x8000,
    0x8000, 0x0, 0x0, 0x0, 0x0, 0x0, 0x0, 0x0, 0x0, 0x0, 0x0, 0x0, 0x0, 0x0, 0x0, 0x0,
    0x0, 0x0, 0x0, 0x0, 0x0, 0x0, 0x0, 0x0, 0x0, 0x0, 0x0, 0x0, 0x0, 0x0, 0x2000, 0x2000,
    0x2000, 0x8000, 0x8000, 0x8000, 0x8000, 0x8000, 0x8000, 0x8000, 0x8000, 0x8000, 0x8000, 0x8000, 0x8000, 0x8000, 0x8000, 0x8000,
    0x8000, 0x8000, 0x8000, 0x8000, 0x8000, 0x8000, 0x8000, 0x8000, 0x8000, 0x8000, 0x8000, 0x8000, 0x8000, 0x8000, 0x8000, 0x8000,
    0x8000, 0x0, 0x0, 0x0, 0x0, 0x0, 0x0, 0x0, 0x0, 0x2000, 0x0, 0x0, 0x0, 0x0, 0x0, 0x0,
    0x0, 0x0, 0x0, 0x0, 0x0, 0x0, 0x0, 0x0, 0x0, 0x0, 0x0, 0x0, 0x0, 0x0, 0x0, 0x0,
    0x0, 0x0, 0x0, 0x0, 0x0, 0x0, 0x0, 0x0, 0x8000, 0x8000, 0x8000, 0x8000, 0x2000, 0x2000, 0x2000, 0x2000,
    0x2000, 0x2000, 0x2000, 0x2000, 0x2000, 0x2000, 0x2000, 0x2000, 0x8000, 0x8000, 0x8000, 0x8000, 0x8000, 0x8000, 0x8000, 0x8000,
    0x8000, 0x0, 0x0, 0x0, 0x0, 0x0, 0x0, 0x0, 0x0, 0x0, 0x0, 0x0, 0x0, 0x0, 0x0, 0x0,
    0x0, 0x0, 0x0, 0x0, 0x0, 0x0, 0x0, 0x0, 0x0, 0x0, 0x0, 0x0, 0x0, 0x0, 0x0, 0x0,
    0x0, 0x0, 0x0, 0x0, 0x0, 0x0, 0x0, 0x0, 0x0, 0x0, 0x0, 0x0, 0x0, 0x0, 0x0, 0x0,
    0x0, 0x0, 0x0, 0x0, 0x0, 0x0, 0x0, 0x8000, 0x8000, 0x8000, 0x2000, 0x2000, 0x2000, 0x2000, 0x2000, 0x2000,
    0x2000, 0x0, 0x0, 0x0, 0x0, 0x0, 0x0, 0x0, 0x0, 0x0, 0x0, 0x0, 0x0, 0x0, 0x0, 0x0,
    0x0, 0x0, 0x0, 0x0, 0x0, 0x0, 0x0, 0x8000, 0x8000, 0x2000, 0x2000, 0x2000, 0x2000, 0x2000, 0x2000, 0x2000,
    0x2000, 0x0, 0x0, 0x0, 0x0, 0x0, 0x0, 0x0, 0x0, 0x0, 0x0, 0x0, 0x0, 0x0, 0x0, 0x0,
    0x0, 0x0, 0x0, 0x0, 0x8000, 0x8000, 0x8000, 0x8000, 0x8000, 0x2000, 0x2000, 0x2000, 0x2000, 0x2000, 0x2000, 0x2000,
    0x2000, 0x0, 0x0, 0x0, 0x0, 0x0, 0x0, 0x0, 0x0, 0x0, 0x0, 0x0, 0x0, 0x0, 0x0, 0x0,
    0x0, 0x0, 0x0, 0x8000, 0x8000, 0x8000, 0x8000, 0x8000, 0x8000, 0x8000, 0x2000, 0x2000, 0x2000, 0x2000, 0x8000, 0x8000,
    0x8000, 0x8000, 0x8000, 0x8000, 0x8000, 0x8000, 0x8000, 0x8000, 0x8000, 0x8000, 0x2000, 0x2000, 0x2000, 0x2000, 0x2000, 0x2000,
    0x2000, 0x8000, 0x8000, 0x8000, 0x8000, 0x8000, 0x8000, 0x8000, 0x8000, 0x8000, 0x8000, 0x8000, 0x8000, 0x8000, 0x8000, 0x8000,
    0x8000, 0x0, 0x0, 0x0, 0x0, 0x0, 0x0, 0x0, 0x0, 0x0, 0x8000, 0x8000, 0x8000, 0x8000, 0x8000, 0x8000,
    0x8000, 0x8000, 0x8000, 0x8000, 0x8000, 0x8000, 0x8000, 0x8000, 0x8000, 0x8000, 0x8000, 0x8000, 0x8000, 0x8000, 0x8000, 0x8000,
    0x8000, 0x8000, 0x8000, 0x8000, 0x8000, 0x8000, 0x8000, 0x8000, 0x8000, 0x8000, 0x8000, 0x8000, 0x8000, 0x8000, 0x8000, 0x8000,
    0x8000, 0x8000, 0x8000, 0x8000, 0x8000, 0x8000, 0x8000, 0x8000, 0x8000, 0x8000, 0x8000, 0x8000, 0x8000, 0x8000, 0x8000, 0x8000,
    0x8000, 0xCC87, 0xCC88, 0xCC89, 0xCC8A, 0xCC8B, 0xCC8C, 0xCC8D, 0xCC8E, 0xCC8F, 0xCC90, 0xCC91, 0xCC92, 0xCC93, 0xCC94, 0xCC95,
    0xCC96, 0xCC97, 0xCC98, 0xCC99, 0xCC9A, 0xCC9B, 0xCC9C, 0xCC9D, 0xCC9E, 0xCC9F, 0xCCA0, 0xCCA1, 0xCCA2, 0xCCA3, 0xCCA4, 0xCCA5,
    0xCCA6, 0xCCA7, 0xCCA8, 0xCCA9, 0xCCAA, 0xCCAB, 0xCCAC, 0xCCAD, 0xCCAE, 0xCCAF, 0xCCB0, 0xCCB1, 0xCCB2, 0xCCB3, 0xCCB4, 0xCCB5,
    0xCCB6, 0xCCB7, 0xCCB8, 0xCCB9, 0x8000, 0x8000, 0x8000, 0x8000, 0x8000, 0x8000, 0x8000, 0x8000, 0x8000, 0x8000, 0x8000, 0x8000,
    0x8000, 0x0, 0x0, 0x0, 0x0, 0x0, 0x0, 0x0, 0x0, 0x0, 0x0, 0x0, 0x0, 0x0, 0x0, 0x0,
    0x0, 0x0, 0x0, 0x0, 0x0, 0x0, 0x0, 0x0, 0x0, 0x0, 0x0, 0x0, 0x0, 0x0, 0x0, 0x0,
    0x0, 0x0, 0x0, 0x0, 0x0, 0x0, 0x0, 0x0, 0x0, 0x0, 0x0, 0x0, 0x0, 0x0, 0x0, 0x0,
    0x0, 0x0, 0x0, 0x0, 0x8000, 0x8000, 0x8000, 0x8000, 0x8000, 0x8000, 0x8000, 0x2000, 0x2000, 0x2000, 0x2000, 0x2000,
    0x2000, 0x0, 0x0, 0x0, 0x0, 0x0, 0x0, 0x0, 0x0, 0x0, 0x0, 0x0, 0x0, 0x0, 0x0, 0x0,
    0x0, 0x0, 0x0, 0x0, 0x0, 0x0, 0x0, 0x0, 0x0, 0x0, 0x0, 0x0, 0x0, 0x0, 0x0, 0x0,
    0x0, 0x0, 0x0, 0x0, 0x0, 0x0, 0x0, 0x0, 0x0, 0x8000, 0x8000, 0x8000, 0x8000, 0x8000, 0x8000, 0x8000,
    0x8000, 0x0, 0x0, 0x0, 0x0, 0x0, 0x0, 0x0, 0x0, 0x0, 0x0, 0x8000, 0x8000, 0x8000, 0x8000, 0x8000,
    0x8000, 0x0, 0x0, 0x0, 0x0, 0x0, 0x0, 0x0, 0x0, 0x0, 0x0, 0x0, 0x0, 0x0, 0x0, 0x0,
    0x0, 0xCCBA, 0xCCBB, 0xCCBC, 0xCCBD, 0xCCBE, 0xCCBF, 0xCCC0, 0xCCC1, 0xCCC2, 0xCCC3, 0xCCC4, 0xCCC5, 0xCCC6, 0xCCC7, 0xCCC8,
    0xCCC9, 0xCCCA, 0xCCCB, 0xCCCC, 0xCCCD, 0xCCCE, 0xCCCF, 0x8000, 0x8000, 0x8000, 0x0, 0x0, 0x0, 0x0, 0x0, 0x2000,
    0x0, 0x0, 0x0, 0x0, 0x0, 0x0, 0x0, 0x0, 0x0, 0x0, 0x0, 0x0, 0x0, 0x0, 0x0, 0x0,
    0x0, 0x8000, 0x8000, 0x8000, 0x8000, 0x8000, 0x8000, 0x8000, 0x8000, 0x2000, 0x2000, 0x8000, 0x8000, 0x8000, 0x8000, 0x8000,
    0x8000, 0x8000, 0x8000, 0x8000, 0x8000, 0x8000, 0x8000, 0x8000, 0x8000, 0x8000, 0x8000, 0x8000, 0x8000, 0x8000, 0x8000, 0x8000,
    0x8000, 0x8000, 0x8000, 0x8000, 0x8000, 0x8000, 0x8000, 0x8000, 0x8000, 0x8000, 0x8000, 0x8000, 0x8000, 0x8000, 0x8000, 0x8000,
    0x8000, 0x8000, 0x8000, 0x8000, 0x8000, 0x8000, 0x8000, 0x8000, 0x8000, 0x8000, 0x8000, 0x2000, 0x2000, 0x2000, 0x2000, 0x2000,
    0x2000, 0x2000, 0x2000, 0x2000, 0x2000, 0x2000, 0x2000, 0x2000, 0x2000, 0x2000, 0x2000, 0x2000, 0x2000, 0x2000, 0x2000, 0x2000,
    0x2000, 0x2000, 0x2000, 0x2000, 0x2000, 0x2000, 0x2000, 0x2000, 0x2000, 0x2000, 0x8000, 0x0, 0x0, 0x0, 0x0, 0x0,
    0x0, 0x0, 0x0, 0x0, 0x0, 0x0, 0x0, 0x0, 0x0, 0x0, 0x0, 0x0, 0x0, 0x0, 0x0, 0x0,
    0x0, 0x0, 0x0, 0x0, 0x0, 0x0, 0x0, 0x0, 0x0, 0x0, 0x0, 0x0, 0x0, 0x0, 0x0, 0x0,
    0x0, 0x0, 0x0, 0x0, 0x0, 0x8000, 0x0, 0x0, 0x2000, 0x8000, 0x8000, 0x0, 0x0, 0x8000, 0x8000, 0x8000,
    0x8000, 0x8000, 0x8000, 0x8000, 0x8000, 0x8000, 0x8000, 0x8000, 0x8000, 0x8000, 0x8000, 0x0, 0x0, 0x0, 0x0, 0x0,
    0x0, 0x8000, 0x2000, 0x2000, 0x0, 0x0, 0x0, 0x0, 0x0, 0x2000, 0x2000, 0x2000, 0x2000, 0x2000, 0x2000, 0x2000,
    0x2000, 0x2000, 0x0, 0x0, 0x0, 0x0, 0x0, 0x0, 0x0, 0x0, 0x0, 0x0, 0x0, 0x0, 0x0, 0x0,
    0x0, 0x0, 0x0, 0x0, 0x0, 0x0, 0x0, 0x0, 0x8000, 0x0, 0x0, 0x0, 0x0, 0x0, 0x0, 0x0,
    0x0, 0x0, 0x0, 0x0, 0x0, 0x0, 0x0, 0x0, 0x0, 0x0, 0x0, 0x0, 0x0, 0x0, 0x0, 0x0,
    0x0, 0x0, 0x0, 0x0, 0x0, 0x0, 0x2000, 0x2000, 0x2000, 0x2000, 0x2000, 0x2000, 0x2000, 0x2000, 0x2000, 0x2000,
    0x0, 0x8000, 0x8000, 0x8000, 0x8000, 0x8000, 0x8000, 0x8000, 0x8000, 0x0, 0x0, 0x0, 0x0, 0x0, 0x0, 0x0,
    0x0, 0x0, 0x0, 0x0, 0x0, 0x0, 0x0, 0x0, 0x0, 0x0, 0x2000, 0x2000, 0x2000, 0x2000, 0x2000, 0x2000,
    0x2000, 0x2000, 0x2000, 0x8000, 0x8000, 0x8000, 0x8000, 0x8000, 0x8000, 0x8000, 0x8000, 0x8000, 0x8000, 0x8000, 0x8000, 0x8000,
    0x8000, 0x8000, 0x8000, 0x8000, 0x8000, 0x8000, 0x8000, 0x8000, 0x8000, 0x0, 0x0, 0x0, 0x0, 0x0, 0x0, 0x0,
    0x0, 0x0, 0x0, 0x0, 0x0, 0x0, 0x0, 0x0, 0x0, 0x2000, 0x2000, 0x2000, 0x2000, 0x8000, 0x8000, 0x8000,
    0x8000, 0x8000, 0x8000, 0x8000, 0x8000, 0x8000, 0x8000, 0x8000, 0x8000, 0x8000, 0x8000, 0x8000, 0x8000, 0x8000, 0x8000, 0x8000,
    0x8000, 0x8000, 0x8000, 0x8000, 0x8000, 0x8000, 0x8000, 0x8000, 0x8000, 0x8000, 0x8000, 0x8000, 0x8000, 0x8000, 0x8000, 0x8000,
    0x8000, 0x8000, 0x8000, 0x0, 0x0, 0x0, 0x0, 0x0, 0x0, 0x0, 0x0, 0x0, 0x0, 0x0, 0x0, 0x0,
    0x0, 0x0, 0x0, 0x2000, 0x2000, 0x2000, 0x2000, 0x2000, 0x2000, 0x2000, 0x8000, 0x8000, 0x8000, 0x8000, 0x8000, 0x8000,
    0x8000, 0x8000, 0x8000, 0x8000, 0x8000, 0x8000, 0x8000, 0x8000, 0x8000, 0x8000, 0x8000, 0x8000, 0x8000, 0x8000, 0x0, 0x0,
    0x0, 0x0, 0x0, 0x0, 0x0, 0x0, 0x0, 0x0, 0x0, 0x0, 0x0, 0x0, 0x0, 0x0, 0x0, 0x0,
    0x0, 0x0, 0x0, 0x0, 0x0, 0x8000, 0x8000, 0x8000, 0x8000, 0x8000, 0x8000, 0x8000, 0x8000, 0x8000, 0x0, 0x0,
    0x0, 0x0, 0x0, 0x0, 0x0, 0x2000, 0x2000, 0x2000, 0x2000, 0x2000, 0x2000, 0x2000, 0x8000, 0x8000, 0x8000, 0x8000,
    0x2000, 0x2000, 0x2000, 0x2000, 0x2000, 0x2000, 0x2000, 0x2000, 0x2000, 0x2000, 0x2000, 0x2000, 0x2000, 0x2000, 0x2000, 0x2000,
    0x2000, 0x2000, 0x2000, 0x2000, 0x0, 0x0, 0x0, 0x0, 0x0, 0x0, 0x0, 0x0, 0x0, 0x0, 0x0, 0x0,
    0x0, 0x0, 0x0, 0x0, 0x8000, 0x8000, 0x8000, 0x8000, 0x8000, 0x8000, 0x8000, 0x8000, 0x8000, 0x0, 0x0, 0x0,
    0x0, 0x0, 0x0, 0x0, 0x0, 0x0, 0x0, 0x0, 0x0, 0x0, 0x0, 0x0, 0x0, 0x0, 0x0, 0x0,
    0x0, 0x0, 0x0, 0x0, 0x0, 0x0, 0x0, 0x0, 0x0, 0x0, 0x0, 0x0, 0x0, 0x0, 0x0, 0x0,
    0x0, 0x0, 0x0, 0x0, 0x0, 0x0, 0x0, 0x0, 0x0, 0x0, 0x0, 0x0, 0x0, 0x0, 0x0, 0x0,
    0x0, 0x0, 0x0, 0x0, 0x0, 0x0, 0x0, 0x0, 0x2000, 0x2000, 0x8000, 0x2000, 0x2000, 0x0, 0x8000, 0x8000,
    0x8000, 0x8000, 0x8000, 0x8000, 0x8000, 0x8000, 0x8000, 0x8000, 0x8000, 0x8000, 0x8000, 0x0, 0x0, 0x0, 0x0, 0x0,
    0x0, 0x0, 0x0, 0x0, 0x0, 0x0, 0x0, 0x0, 0x0, 0x0, 0x0, 0x0, 0x0, 0x0, 0x0, 0x0,
    0x0, 0x0, 0x0, 0x0, 0x8000, 0x8000, 0x8000, 0x8000, 0x8000, 0x8000, 0x8000, 0x0, 0x0, 0x0, 0x0, 0x0,
    0x0, 0x0, 0x0, 0x0, 0x0, 0x8000, 0x8000, 0x8000, 0x8000, 0x8000, 0x8000, 0x0, 0x0, 0x0, 0x0, 0x0,
    0x0, 0x0, 0x0, 0x0, 0x0, 0x0, 0x0, 0x0, 0x0, 0x0, 0x0, 0x0, 0x0, 0x0, 0x0, 0x0,
    0x0, 0x0, 0x0, 0x0, 0x0, 0x0, 0x0, 0x0, 0x0, 0x0, 0x0, 0x0, 0x0, 0x0, 0x0, 0x0,
    0x0, 0x0, 0x0, 0x0, 0x0, 0x0, 0x0, 0x0, 0x0, 0x0, 0x0, 0x0, 0x0, 0x0, 0x0, 0x0,
    0x8000, 0x0, 0x0, 0x0, 0x0, 0x0, 0x0, 0x0, 0x0, 0x0, 0x0, 0x2000, 0x2000, 0x2000, 0x2000, 0x0,
    0x0, 0x0, 0x0, 0x8000, 0x8000, 0x8000, 0x8000, 0x8000, 0x8000, 0x8000, 0x8000, 0x0, 0x0, 0x0, 0x0, 0x0,
    0x0, 0x0, 0x0, 0x0, 0x0, 0x0, 0x0, 0x0, 0x0, 0x0, 0x0, 0x0, 0x0, 0x0, 0x0, 0x0,
    0x0, 0x0, 0x0, 0x0, 0x0, 0x0, 0x0, 0x0, 0x0, 0x0, 0x0, 0x0, 0x0, 0x0, 0x0, 0x2000,
    0x2000, 0x0, 0x8000, 0x8000, 0x8000, 0x8000, 0x8000, 0x8000, 0x8000, 0x8000, 0x8000, 0x0, 0x0, 0x0, 0x0, 0x0,
    0x2000, 0x2000, 0x2000, 0x2000, 0x0, 0x0, 0x0, 0x0, 0x2000, 0x0, 0x0, 0x0, 0x0, 0x0, 0x0, 0x0,
    0x0, 0x0, 0x0, 0x0, 0x0, 0x0, 0x2000, 0x0, 0x2000, 0x2000, 0x2000, 0x8000, 0x2000, 0x2000, 0x2000, 0x2000,
    0x2000, 0x2000, 0x2000, 0x2000, 0x2000, 0x2000, 0x2000, 0x2000, 0x2000, 0x2000, 0x2000, 0x2000, 0x2000, 0x2000, 0x2000, 0x2000,
    0x8000, 0x8000, 0x8000, 0x8000, 0x8000, 0x8000, 0x8000, 0x8000, 0x8000, 0x8000, 0x8000, 0x0, 0x0, 0x0, 0x0, 0x0,
    0x0, 0x0, 0x0, 0x0, 0x0, 0x0, 0x0, 0x0, 0x0, 0x0, 0x0, 0x0, 0x0, 0x8000, 0x0, 0x0,
    0x0, 0x0, 0x0, 0x0, 0x0, 0x0, 0x0, 0x0, 0x0, 0x0, 0x0, 0x0, 0x0, 0x0, 0x0, 0x0,
    0x0, 0x0, 0x0, 0x0, 0x0, 0x0, 0x0, 0x0, 0x0, 0x0, 0x0, 0x0, 0x0, 0x0, 0x0, 0x0,
    0x0, 0x0, 0x0, 0x2000, 0x2000, 0x2000, 0x2000, 0x2000, 0x2000, 0x0, 0x0, 0x8000, 0x8000, 0x8000, 0x8000, 0x8000,
    0x8000, 0x8000, 0x8000, 0x8000, 0x8000, 0x8000, 0x8000, 0x8000, 0x8000, 0x8000, 0x8000, 0x8000, 0x8000, 0x8000, 0x8000, 0x8000,
    0x8000, 0x8000, 0x8000, 0x8000, 0x8000, 0x8000, 0x8000, 0x8000, 0x8000, 0x8000, 0x8000, 0x8000, 0x8000, 0x8000, 0x8000, 0x8000,
    0x8000, 0x8000, 0x8000, 0x8000, 0x8000, 0x8000, 0x8000, 0x8000, 0x8000, 0x8000, 0x8000, 0x8000, 0x8000, 0x8000, 0x8000, 0x8000,
    0x8000, 0x8000, 0x8000, 0x8000, 0x8000, 0x8000, 0x8000, 0x8000, 0x8000, 0x0, 0x0, 0x0, 0x0, 0x0, 0x0, 0x0,
    0x8000, 0x0, 0x8000, 0x0, 0x0, 0x0, 0x0, 0x8000, 0x0, 0x0, 0x0, 0x0, 0x0, 0x0, 0x0, 0x0,
    0x0, 0x0, 0x0, 0x0, 0x0, 0x0, 0x0, 0x8000, 0x0, 0x0, 0x0, 0x0, 0x0, 0x0, 0x0, 0x0,
    0x0, 0x0, 0x2000, 0x8000, 0x8000, 0x8000, 0x8000, 0x8000, 0x8000, 0x0, 0x0, 0x0, 0x0, 0x0, 0x0, 0x0,
    0x0, 0x0, 0x0, 0x0, 0x0, 0x0, 0x0, 0x0, 0x0, 0x0, 0x0, 0x0, 0x0, 0x0, 0x0, 0x0,
    0x0, 0x0, 0x0, 0x0, 0x0, 0x0, 0x0, 0x0, 0x0, 0x0, 0x0, 0x0, 0x0, 0x0, 0x0, 0x0,
    0x0, 0x0, 0x0, 0x0, 0x8000, 0x8000, 0x8000, 0x8000, 0x8000, 0x0, 0x0, 0x0, 0x0, 0x0, 0x0, 0x0,
    0x0, 0x0, 0x0, 0x8000, 0x8000, 0x8000, 0x8000, 0x8000, 0x8000, 0x0, 0x0, 0x0, 0x0, 0x8000, 0x0, 0x0,
    0x0, 0x0, 0x0, 0x0, 0x0, 0x0, 0x8000, 0x8000, 0x0, 0x0, 0x8000, 0x8000, 0x0, 0x0, 0x0, 0x0,
    0x0, 0x0, 0x0, 0x0, 0x0, 0x0, 0x0, 0x0, 0x0, 0x0, 0x0, 0x0, 0x0, 0x0, 0x0, 0x0,
    0x0, 0x0, 0x8000, 0x0, 0x0, 0x0, 0x0, 0x0, 0x0, 0x0, 0x8000, 0x0, 0x0, 0x8000, 0x0, 0x0,
    0x0, 0x0, 0x0, 0x8000, 0x0, 0x0, 0x0, 0x0, 0x0, 0x8000, 0x8000, 0x0, 0x0, 0x8000, 0x8000, 0x0,
    0x0, 0x0, 0x8000, 0x8000, 0x0, 0x8000, 0x8000, 0x8000, 0x8000, 0x8000, 0x8000, 0x0, 0x8000, 0x8000, 0x8000, 0x8000,
    0x8000, 0x0, 0x0, 0x0, 0x0, 0x0, 0x0, 0x0, 0x8000, 0x8000, 0x0, 0x0, 0x0, 0x0, 0x0, 0x0,
    0x0, 0x8000, 0x8000, 0x8000, 0x0, 0x0, 0x0, 0x0, 0x0, 0x8000, 0x8000, 0x8000, 0x8000, 0x8000, 0x8000, 0x8000,
    0x8000, 0x8000, 0x8000, 0x8000, 0x0, 0x0, 0x0, 0x0, 0x0, 0x0, 0x0, 0x0, 0x0, 0x0, 0x8000, 0x0,
    0x8000, 0x8000, 0x0, 0x8000, 0x0, 0x0, 0x0, 0x0, 0x0, 0x0, 0x0, 0x0, 0x0, 0x0, 0x0, 0x0,
    0x0, 0x0, 0x0, 0x0, 0x0, 0x0, 0x0, 0x0, 0x0, 0x0, 0x0, 0x0, 0x0, 0x0, 0x0, 0x0,
    0x0, 0x0, 0x0, 0x0, 0x0, 0x0, 0x0, 0x0, 0x0, 0x0, 0x8000, 0x0, 0x0, 0x0, 0x0, 0x0,
    0x0, 0x0, 0x0, 0x0, 0x8000, 0x0, 0x8000, 0x8000, 0x0, 0x8000, 0x0, 0x0, 0x0, 0x0, 0x8000, 0x0,
    0x0, 0x0, 0x0, 0x0, 0x0, 0x0, 0x0, 0x2000, 0x2000, 0x8000, 0x2000, 0x2000, 0x8000, 0x8000, 0x8000, 0x8000,
    0x8000, 0x8000, 0x8000, 0x8000, 0x0, 0x0, 0x8000, 0x8000, 0x8000, 0x8000, 0x8000, 0x8000, 0x8000, 0x8000, 0x8000, 0x8000,
    0x8000, 0x8000, 0x8000, 0x8000, 0x8000, 0x8000, 0x8000, 0x8000, 0x8000, 0x8000, 0x8000, 0x8000, 0x8000, 0x8000, 0x8000, 0x8000,
    0x8000, 0x8000, 0x8000, 0x0, 0x0, 0x0, 0x0, 0x0, 0x0, 0x0, 0x0, 0x0, 0x0, 0x0, 0x2000, 0x2000,
    0x2000, 0x2000, 0x2000, 0x0, 0x0, 0x0, 0x0, 0x0, 0x0, 0x0, 0x0, 0x0, 0x0, 0x2000, 0x2000, 0x8000,
    0x2000, 0x0, 0x0, 0x0, 0x0, 0x8000, 0x8000, 0x8000, 0x8000, 0x8000, 0x8000, 0x8000, 0x8000, 0x8000, 0x8000, 0x8000,
    0x8000, 0x8000, 0x8000, 0x8000, 0x8000, 0x8000, 0x8000, 0x8000, 0x8000, 0x8000, 0x8000, 0x8000, 0x8000, 0x8000, 0x8000, 0x8000,
    0x8000, 0x8000, 0x8000, 0x0, 0x0, 0x0, 0x0, 0x0, 0x0, 0x2000, 0x0, 0x8000, 0x8000, 0x8000, 0x8000, 0x8000,
    0x8000, 0x8000, 0x8000, 0x0, 0x0, 0x0, 0x0, 0x0, 0x0, 0x0, 0x0, 0x0, 0x0, 0x8000, 0x8000, 0x8000,
    0x8000, 0x8000, 0x8000, 0x8000, 0x8000, 0x8000, 0x8000, 0x8000, 0x8000, 0x8000, 0x8000, 0x8000, 0x8000, 0x8000, 0x8000, 0x8000,
    0x8000, 0x8000, 0x8000, 0x8000, 0x8000, 0x8000, 0x8000, 0x8000, 0x8000, 0x8000, 0x8000, 0x8000, 0x8000, 0x8000, 0x8000, 0x8000,
    0x8000, 0x8000, 0x8000, 0x0, 0x0, 0x0, 0x0, 0x0, 0x0, 0x0, 0x0, 0x0, 0x0, 0x0, 0x0, 0x0,
    0x0, 0x0, 0x0, 0x0, 0x0, 0x0, 0x0, 0x0, 0x0, 0x0, 0x0, 0x0, 0x0, 0x0, 0x0, 0x0,
    0x0, 0x0, 0x0, 0x0, 0x0, 0x0, 0x0, 0x0, 0x0, 0x0, 0x0, 0x0, 0x0, 0x0, 0x0, 0x0,
    0x0, 0x0, 0x0, 0x0, 0x0, 0x0, 0x0, 0x0, 0x0, 0x8000, 0x8000, 0x0, 0x0, 0x0, 0x0, 0x0,
    0x0, 0x0, 0x0, 0x2000, 0x2000, 0x2000, 0x2000, 0x2000, 0x2000, 0x2000, 0x2000, 0x2000, 0x2000, 0x2000, 0x2000, 0x2000,
    0x2000, 0x2000, 0x2000, 0x2000, 0x2000, 0x2000, 0x2000, 0x2000, 0x2000, 0x2000, 0x0, 0x0, 0x0, 0x0, 0x0, 0x0,
    0x8000, 0x8000, 0x8000, 0x8000, 0x8000, 0x8000, 0x8000, 0x8000, 0x8000, 0x8000, 0x8000, 0x8000, 0x8000, 0x8000, 0x8000, 0x8000,
    0x8000, 0x8000, 0x8000, 0x8000, 0x8000, 0x8000, 0x8000, 0x8000, 0x8000, 0x8000, 0x8000, 0x8000, 0x8000, 0x8000, 0x8000, 0x8000,
    0x8000, 0x8000, 0x0, 0x2000, 0x2000, 0x2000, 0x0, 0x8000, 0x8000, 0x8000, 0x8000, 0x8000, 0x8000, 0x8000, 0x8000, 0x8000,
    0x8000, 0x8000, 0x0, 0x0, 0x0, 0x0, 0x0, 0x0, 0x0, 0x0, 0x0, 0x0, 0x8000, 0x8000, 0x8000, 0x8000,
    0x8000, 0x8000, 0x2000, 0x2000, 0x2000, 0x2000, 0x2000, 0x2000, 0x2000, 0x2000, 0x2000, 0x2000, 0x2000, 0x2000, 0x2000, 0x8000,
    0x8000, 0x8000, 0x8000, 0x8000, 0x8000, 0x8000, 0x8000, 0x8000, 0x8000, 0x8000, 0x8000, 0x8000, 0x8000, 0x8000, 0x8000, 0x8000,
    0x8000, 0x8000, 0x0, 0x0, 0x0, 0x0, 0x0, 0x0, 0x0, 0x0, 0x0, 0x0, 0x0, 0x0, 0x0, 0x0,
    0x0, 0x0, 0x0, 0x0, 0x0, 0x0, 0x0, 0x0, 0x0, 0x0, 0x0, 0x0, 0x0, 0x0, 0x0, 0x0,
    0x0, 0x0, 0x0, 0x0, 0x0, 0x0, 0x0, 0x0, 0x0, 0x0, 0x0, 0x0, 0x0, 0x0, 0x0, 0x0,
    0x0, 0x0, 0x0, 0x0, 0x0, 0x0, 0x0, 0x0, 0x0, 0x0, 0x0, 0x2000, 0x8000, 0x8000, 0x8000, 0x8000,
    0x8000, 0x8000, 0x0, 0x0, 0x0, 0x0, 0x0, 0x0, 0x0, 0x0, 0x0, 0x0, 0x8000, 0x8000, 0x8000, 0x8000,
    0x8000, 0x8000, 0x0, 0x0, 0x0, 0x0, 0x0, 0x0, 0x0, 0x0, 0x0, 0x0, 0x0, 0x0, 0x0, 0x0,
    0x0, 0x0, 0x0, 0x0, 0x0, 0x0, 0x8000, 0x8000, 0x8000, 0x8000, 0x8000, 0x8000, 0x8000, 0x8000, 0x8000, 0x8000,
    0x8000, 0x8000, 0x8000, 0x8000, 0x8000, 0x8000, 0x8000, 0x8000, 0x8000, 0x8000, 0x8000, 0x8000, 0x8000, 0x8000, 0x8000, 0x8000,
    0x8000, 0x8000, 0x0, 0x0, 0x0, 0x0, 0x0, 0x0, 0x0, 0x0, 0x0, 0x0, 0x0, 0x0, 0x0, 0x0,
    0x0, 0x0, 0x0, 0x0, 0x0, 0x0, 0x0, 0x0, 0x0, 0x0, 0x0, 0x0, 0x0, 0x8000, 0x8000, 0x0,
    0x0, 0x0, 0x0, 0x0, 0x0, 0x0, 0x0, 0x0, 0x0, 0x0, 0x0, 0x0, 0x0, 0x0, 0x8000, 0x8000,
    0x8000, 0x8000, 0x0, 0x0, 0x0, 0x0, 0x0, 0x0, 0x0, 0x0, 0x0, 0x0, 0x2000, 0x2000, 0x2000, 0x2000,
    0x2000, 0x2000, 0x0, 0x0, 0x0, 0x0, 0x0, 0x0, 0x0, 0x8000, 0x8000, 0x8000, 0x8000, 0x8000, 0x8000, 0x8000,
    0x8000, 0x8000, 0x8000, 0x8000, 0x8000, 0x8000, 0x8000, 0x8000, 0x8000, 0x8000, 0x8000, 0x8000, 0x8000, 0x8000, 0x8000, 0x8000,
    0x8000, 0x8000, 0x8000, 0x8000, 0x8000, 0x8000, 0x8000, 0x8000, 0x8000, 0x8000, 0x8000, 0x8000, 0x8000, 0x8000, 0x8000, 0x8000,
    0x8000, 0x8000, 0x8000, 0x8000, 0x8000, 0x8000, 0x8000, 0x8000, 0x8000, 0x8000, 0x8000, 0x8000, 0x8000, 0x8000, 0x8000, 0x8000,
    0x8000, 0x8000, 0x0, 0x0, 0x0, 0x0, 0x0, 0x0, 0x0, 0x0, 0x0, 0x0, 0x0, 0x0, 0x0, 0x0,
    0x0, 0x0, 0x0, 0x0, 0x0, 0x0, 0x0, 0x0, 0x0, 0x0, 0x0, 0x0, 0x0, 0x0, 0x0, 0x0,
    0x0, 0x0, 0x0, 0x0, 0x0, 0x0, 0x0, 0x0, 0x0, 0x0, 0x0, 0x0, 0x0, 0x0, 0x0, 0x0,
    0x0, 0x0, 0x0, 0x0, 0x0, 0x0, 0x0, 0x0, 0x0, 0x0, 0x0, 0x0, 0x0, 0x2000, 0x8000, 0x8000,
    0x8000, 0x8000, 0x8000, 0x8000, 0x8000, 0x8000, 0x8000, 0x8000, 0x8000, 0x8000, 0x8000, 0x8000, 0x8000, 0x8000, 0x8000, 0x8000,
    0x8000, 0x8000, 0x8000, 0x8000, 0x8000, 0x8000, 0x8000, 0x8000, 0x8000, 0x8000, 0x8000, 0x8000, 0x8000, 0x8000, 0xCCD0, 0xCCD1,
    0xCCD2, 0xCCD3, 0xCCD4, 0xCCD5, 0xCCD6, 0xCCD7, 0xCCD8, 0xCCD9, 0xCCDA, 0xCCDB, 0xCCDC, 0xCCDD, 0xCCDE, 0xCCDF, 0xCCE0, 0xCCE1,
    0xCCE2, 0xCCE3, 0xCCE4, 0xCCE5, 0xCCE6, 0xCCE7, 0xCCE8, 0xCCE9, 0xCCEA, 0xCCEB, 0xCCEC, 0xCCED, 0xCCEE, 0xCCEF, 0x0, 0x0,
    0x0, 0x0, 0x0, 0x0, 0x0, 0x0, 0x0, 0x0, 0x0, 0x0, 0x0, 0x0, 0x0, 0x0, 0x0, 0x0,
    0x0, 0x0, 0x0, 0x0, 0x0, 0x0, 0x0, 0x0, 0x0, 0x0, 0x0, 0x0, 0x0, 0x0, 0x0, 0x0,
    0x0, 0x0, 0x0, 0x0, 0x0, 0x0, 0x0, 0x0, 0x2000, 0x2000, 0x2000, 0x2000, 0x2000, 0x2000, 0x2000, 0x2000,
    0x2000, 0x8000, 0x8000, 0x8000, 0x8000, 0x8000, 0x8000, 0x8000, 0x8000, 0x8000, 0x8000, 0x8000, 0x8000, 0x0, 0x0, 0x0,
    0x0, 0x0, 0x0, 0x0, 0x8000, 0x8000, 0x0, 0x8000, 0x8000, 0x0, 0x0, 0x0, 0x0, 0x0, 0x0, 0x0,
    0x0, 0x8000, 0x0, 0x0, 0x8000, 0x0, 0x0, 0x0, 0x0, 0x0, 0x0, 0x0, 0x0, 0x0, 0x0, 0x0,
    0x0, 0x0, 0x0, 0x0, 0x0, 0x0, 0x0, 0x0, 0x0, 0x0, 0x0, 0x0, 0x0, 0x0, 0x0, 0x0,
    0x0, 0x0, 0x0, 0x8000, 0x0, 0x0, 0x8000, 0x8000, 0x0, 0x0, 0x0, 0x0, 0x0, 0x2000, 0x2000, 0x2000,
    0x8000, 0x8000, 0x8000, 0x8000, 0x8000, 0x8000, 0x8000, 0x8000, 0x8000, 0x0, 0x0, 0x0, 0x0, 0x0, 0x0, 0x0,
    0x0, 0x0, 0x0, 0x8000, 0x8000, 0x8000, 0x8000, 0x8000, 0x8000, 0x8000, 0x8000, 0x8000, 0x8000, 0x8000, 0x8000, 0x8000,
    0x8000, 0x8000, 0x8000, 0x8000, 0x8000, 0x8000, 0x8000, 0x8000, 0x8000, 0x8000, 0x8000, 0x8000, 0x8000, 0x8000, 0x8000, 0x8000,
    0x8000, 0x8000, 0x8000, 0x8000, 0x8000, 0x8000, 0x8000, 0x8000, 0x8000, 0x0, 0x0, 0x0, 0x0, 0x0, 0x0, 0x0,
    0x0, 0x8000, 0x8000, 0x0, 0x0, 0x0, 0x0, 0x0, 0x0, 0x0, 0x0, 0x0, 0x0, 0x0, 0x0, 0x0,
    0x0, 0x0, 0x0, 0x0, 0x0, 0x0, 0x0, 0x0, 0x0, 0x0, 0x0, 0x8000, 0x8000, 0x0, 0x0, 0x0,
    0x0, 0x0, 0x0, 0x0, 0x0, 0x2000, 0x0, 0x0, 0x8000, 0x8000, 0x8000, 0x8000, 0x8000, 0x8000, 0x8000, 0x8000,
    0x8000, 0x8000, 0x8000, 0x8000, 0x8000, 0x8000, 0x8000, 0x8000, 0x8000, 0x8000, 0x8000, 0x8000, 0x8000, 0x8000, 0x8000, 0x8000,
    0x8000, 0x8000, 0x8000, 0x0, 0x0, 0x0, 0x0, 0x0, 0x0, 0x0, 0x0, 0x0, 0x0, 0x0, 0x0, 0x0,
    0x0, 0x0, 0x0, 0x0, 0x0, 0x0, 0x0, 0x0, 0x0, 0x0, 0x0, 0x0, 0x0, 0x0, 0x0, 0x0,
    0x0, 0x0, 0x0, 0x0, 0x0, 0x0, 0x0, 0x0, 0x0, 0x0, 0x0, 0x0, 0x0, 0x0, 0x0, 0x0,
    0x0, 0x0, 0x0, 0x0, 0x0, 0x0, 0x0, 0x0, 0x0, 0x0, 0x0, 0x0, 0x0, 0x0, 0x0, 0x0,
    0x0, 0x0, 0x2000, 0x2000, 0x2000, 0x2000, 0x2000, 0x2000, 0x2000, 0x0, 0x8000, 0x8000, 0x8000, 0x8000, 0x8000, 0x8000,
    0x8000, 0x8000, 0x0, 0x0, 0x0, 0x0, 0x0, 0x0, 0x0, 0x0, 0x0, 0x0, 0x0, 0x0, 0x0, 0x0,
    0x0, 0x0, 0x0, 0x0, 0x0, 0x0, 0x0, 0x0, 0x0, 0x0, 0x0, 0x0, 0x0, 0x0, 0x0, 0x0,
    0x0, 0x0, 0x0, 0x0, 0x0, 0x0, 0x0, 0x0, 0x0, 0x0, 0x0, 0x0, 0x0, 0x0, 0x0, 0x0,
    0x0, 0x0, 0x2000, 0x2000, 0x2000, 0x0, 0x2000, 0x2000, 0x2000, 0x2000, 0x2000, 0x8000, 0x8000, 0x8000, 0x8000, 0x8000,
    0x8000, 0x8000, 0x8000, 0x8000, 0x8000, 0x8000, 0x8000, 0x8000, 0x0, 0x0, 0x0, 0x0, 0x0, 0x0, 0x0, 0x0,
    0x0, 0x0, 0x0, 0x0, 0x0, 0x0, 0x0, 0x0, 0x2000, 0x2000, 0x2000, 0x2000, 0x2000, 0x2000, 0x2000, 0x2000,
    0x2000, 0x2000, 0x0, 0x8000, 0x8000, 0x8000, 0x8000, 0x8000, 0x8000, 0x8000, 0x8000, 0x8000, 0x8000, 0x8000, 0x8000, 0x8000,
    0x8000, 0x8000, 0x8000, 0x8000, 0x8000, 0x8000, 0x8000, 0x8000, 0x8000, 0x8000, 0x8000, 0x8000, 0x8000, 0x8000, 0x8000, 0x8000,
    0x8000, 0x8000, 0x8000, 0x8000, 0x8000, 0x8000, 0x8000, 0x8000, 0x8000, 0x8000, 0x8000, 0x8000, 0x8000, 0x8000, 0x8000, 0x8000,
    0x8000, 0x8000, 0x8000, 0x8000, 0x8000, 0x8000, 0x8000, 0x8000, 0x0, 0x0, 0x0, 0x0, 0x0, 0x0, 0x0, 0x0,
    0x8000, 0x8000, 0x8000, 0x8000, 0x8000, 0x8000, 0x8000, 0x8000, 0x8000, 0x8000, 0x8000, 0x8000, 0x8000, 0x8000, 0x8000, 0x8000,
    0x8000, 0x8000, 0x8000, 0x8000, 0x8000, 0x8000, 0x8000, 0x8000, 0x0, 0x0, 0x0, 0x0, 0x0, 0x0, 0x0, 0x0,
    0x0, 0x0, 0x0, 0x0, 0x0, 0x0, 0x0, 0x0, 0x0, 0x0, 0x0, 0x0, 0x0, 0x0, 0x0, 0x0,
    0x0, 0x0, 0x0, 0x0, 0x0, 0x0, 0x0, 0x0, 0x0, 0x2000, 0x8000, 0x8000, 0x8000, 0x8000, 0x8000, 0x8000,
    0x8000, 0x8000, 0x8000, 0x8000, 0x8000, 0x8000, 0x8000, 0x8000, 0x0, 0x0, 0x0, 0x0, 0x0, 0x0, 0x0, 0x0,
    0x0, 0x0, 0x8000, 0x8000, 0x8000, 0x8000, 0x8000, 0x8000, 0x0, 0x0, 0x0, 0x0, 0x0, 0x0, 0x0, 0x0,
    0x0, 0x8000, 0x0, 0x0, 0x0, 0x0, 0x0, 0x0, 0x0, 0x0, 0x0, 0x0, 0x0, 0x0, 0x0, 0x0,
    0x0, 0x0, 0x0, 0x0, 0x0, 0x0, 0x0, 0x0, 0x0, 0x0, 0x0, 0x0, 0x0, 0x0, 0x0, 0x0,
    0x0, 0x0, 0x0, 0x0, 0x0, 0x0, 0x0, 0x0, 0x0, 0x0, 0x0, 0x0, 0x0, 0x0, 0x0, 0x8000,
    0x0, 0x0, 0x0, 0x0, 0x0, 0x0, 0x0, 0x0, 0x2000, 0x2000, 0x2000, 0x2000, 0x2000, 0x8000, 0x8000, 0x8000,
    0x8000, 0x8000, 0x8000, 0x8000, 0x8000, 0x8000, 0x8000, 0x0, 0x0, 0x0, 0x0, 0x0, 0x0, 0x0, 0x0, 0x0,
    0x0, 0x2000, 0x2000, 0x2000, 0x2000, 0x2000, 0x2000, 0x2000, 0x2000, 0x2000, 0x2000, 0x2000, 0x2000, 0x2000, 0x2000, 0x2000,
    0x2000, 0x2000, 0x2000, 0x2000, 0x8000, 0x8000, 0x8000, 0x2000, 0x2000, 0x0, 0x0, 0x0, 0x0, 0x0, 0x0, 0x0,
    0x0, 0x0, 0x0, 0x0, 0x0, 0x0, 0x0, 0x0, 0x0, 0x8000, 0x8000, 0x0, 0x0, 0x0, 0x0, 0x0,
    0x0, 0x0, 0x0, 0x0, 0x0, 0x0, 0x0, 0x0, 0x0, 0x0, 0x0, 0x0, 0x0, 0x0, 0x0, 0x0,
    0x0, 0x8000, 0x0, 0x0, 0x0, 0x0, 0x0, 0x0, 0x0, 0x0, 0x0, 0x0, 0x0, 0x0, 0x0, 0x0,
    0x8000, 0x8000, 0x8000, 0x8000, 0x8000, 0x8000, 0x8000, 0x8000, 0x8000, 0x0, 0x0, 0x0, 0x0, 0x0, 0x0, 0x0,
    0x8000, 0x0, 0x0, 0x8000, 0x0, 0x0, 0x0, 0x0, 0x0, 0x0, 0x0, 0x0, 0x0, 0x0, 0x0, 0x0,
    0x0, 0x0, 0x0, 0x0, 0x0, 0x0, 0x0, 0x0, 0x0, 0x0, 0x0, 0x0, 0x0, 0x0, 0x0, 0x0,
    0x0, 0x0, 0x0, 0x0, 0x0, 0x0, 0x0, 0x0, 0x0, 0x0, 0x0, 0x0, 0x0, 0x0, 0x0, 0x0,
    0x8000, 0x8000, 0x8000, 0x0, 0x8000, 0x0, 0x0, 0x8000, 0x0, 0x0, 0x0, 0x0, 0x0, 0x0, 0x0, 0x0,
    0x8000, 0x8000, 0x8000, 0x8000, 0x8000, 0x8000, 0x8000, 0x8000, 0x0, 0x0, 0x0, 0x0, 0x0, 0x0, 0x0, 0x0,
    0x0, 0x0, 0x8000, 0x8000, 0x8000, 0x8000, 0x8000, 0x8000, 0x0, 0x0, 0x0, 0x0, 0x0, 0x0, 0x8000, 0x0,
    0x0, 0x8000, 0x0, 0x0, 0x0, 0x0, 0x0, 0x0, 0x0, 0x0, 0x0, 0x0, 0x0, 0x0, 0x0, 0x0,
    0x0, 0x0, 0x0, 0x0, 0x0, 0x0, 0x0, 0x0, 0x8000, 0x0, 0x0, 0x8000, 0x0, 0x0, 0x0, 0x0,
    0x0, 0x0, 0x8000, 0x8000, 0x8000, 0x8000, 0x8000, 0x8000, 0x8000, 0x0, 0x0, 0x0, 0x0, 0x0, 0x0, 0x0,
    0x0, 0x0, 0x0, 0x8000, 0x8000, 0x8000, 0x8000, 0x8000, 0x8000, 0x0, 0x0, 0x0, 0x0, 0x0, 0x0, 0x0,
    0x0, 0x0, 0x0, 0x0, 0x0, 0x0, 0x0, 0x0, 0x0, 0x0, 0x0, 0x0, 0x0, 0x0, 0x0, 0x0,
    0x0, 0x0, 0x0, 0x0, 0x0, 0x8000, 0x8000, 0x8000, 0x8000, 0x0, 0x0, 0x0, 0x0, 0x0, 0x0, 0x0,
    0x0, 0x0, 0x0, 0x8000, 0x8000, 0x8000, 0x8000, 0x8000, 0x8000, 0x0, 0x0, 0x8000, 0x8000, 0x8000, 0x8000, 0x8000,
    0x8000, 0x8000, 0x8000, 0x8000, 0x8000, 0x8000, 0x8000, 0x8000, 0x8000, 0x8000, 0x8000, 0x8000, 0x8000, 0x8000, 0x8000, 0x8000,
    0x8000, 0x8000, 0x8000, 0x8000, 0x8000, 0x8000, 0x8000, 0x8000, 0x8000, 0x8000, 0x8000, 0x0, 0x0, 0x0, 0x0, 0x0,
    0x0, 0x0, 0x0, 0x0, 0x0, 0x0, 0x0, 0x0, 0x0, 0x0, 0x0, 0x0, 0x0, 0x0, 0x0, 0x0,
    0x0, 0x0, 0x2000, 0x2000, 0x8000, 0x8000, 0x8000, 0x8000, 0x8000, 0x8000, 0x8000, 0x0, 0x0, 0x0, 0x0, 0x0,
    0x0, 0x0, 0x0, 0x0, 0x0, 0x0, 0x0, 0x0, 0x0, 0x0, 0x0, 0x0, 0x8000, 0x0, 0x0, 0x0,
    0x0, 0x0, 0x0, 0x0, 0x0, 0x0, 0x0, 0x0, 0x0, 0x0, 0x0, 0x0, 0x0, 0x0, 0x0, 0x0,
    0x0, 0x0, 0x0, 0x0, 0x0, 0x0, 0x0, 0x0, 0x0, 0x0, 0x0, 0x0, 0x0, 0x0, 0x0, 0x0,
    0x0, 0x0, 0x0, 0x0, 0x0, 0x0, 0x8000, 0x8000, 0x8000, 0x0, 0x0, 0x0, 0x2000, 0x2000, 0x2000, 0x2000,
    0x2000, 0x2000, 0x2000, 0x2000, 0x2000, 0x2000, 0x2000, 0x2000, 0x2000, 0x0, 0x0, 0x0, 0x0, 0x0, 0x0, 0x0,
    0x0, 0x0, 0x0, 0x0, 0x8000, 0x8000, 0x8000, 0x8000, 0x8000, 0x8000, 0x8000, 0x8000, 0x8000, 0x8000, 0x8000, 0x8000,
    0x8000, 0x8000, 0x8000, 0x8000, 0x8000, 0x8000, 0x8000, 0x8000, 0x8000, 0x8000, 0x8000, 0x8000, 0x8000, 0x8000, 0x8000, 0x8000,
    0x8000, 0x8000, 0x8000, 0x8000, 0x8000, 0x8000, 0x8000, 0x8000, 0x8000, 0x8000, 0x8000, 0x8000, 0x8000, 0x8000, 0x8000, 0x8000,
    0x8000, 0x8000, 0x8000, 0x8000, 0x0, 0x8000, 0x8000, 0x8000, 0x8000, 0x8000, 0x8000, 0x8000, 0x8000, 0x8000, 0x8000, 0x8000,
    0x8000, 0x8000, 0x8000, 0x8000, 0x2000, 0x2000, 0x2000, 0x2000, 0x2000, 0x2000, 0x2000, 0x2000, 0x2000, 0x2000, 0x2000, 0x2000,
    0x2000, 0x2000, 0x2000, 0x2000, 0x2000, 0x2000, 0x2000, 0x2000, 0x2000, 0x2000, 0x2000, 0x2000, 0x2000, 0x2000, 0x2000, 0x2000,
    0x2000, 0x2000, 0x2000, 0x2000, 0x2000, 0x2000, 0x2000, 0x2000, 0x2000, 0x2000, 0x2000, 0x2000, 0x2000, 0x2000, 0x2000, 0x2000,
    0x2000, 0x2000, 0x2000, 0x2000, 0x2000, 0x2000, 0x8000, 0x8000, 0x8000, 0x8000, 0x8000, 0x8000, 0x8000, 0x8000, 0x8000, 0x8000,
    0x8000, 0x8000, 0x8000, 0x2000, 0x0, 0x0, 0x0, 0x0, 0x8000, 0x8000, 0x8000, 0x8000, 0x8000, 0x8000, 0x8000, 0x8000,
    0x8000, 0x8000, 0x8000, 0x8000, 0x2000, 0x2000, 0x2000, 0x2000, 0x2000, 0x2000, 0x2000, 0x2000, 0x2000, 0x2000, 0x2000, 0x2000,
    0x2000, 0x2000, 0x2000, 0x2000, 0x2000, 0x2000, 0x2000, 0x2000, 0x2000, 0x2000, 0x2000, 0x2000, 0x2000, 0x2000, 0x2000, 0x2000,
    0x2000, 0x2000, 0x2000, 0x2000, 0x2000, 0x2000, 0x2000, 0x2000, 0x2000, 0x2000, 0x2000, 0x2000, 0x2000, 0x2000, 0x2000, 0x2000,
    0x2000, 0x2000, 0x2000, 0x2000, 0x8000, 0x8000, 0x8000, 0x8000, 0x8000, 0x8000, 0x8000, 0x8000, 0x8000, 0x8000, 0x8000, 0x8000,
    0x8000, 0x8000, 0x8000, 0x8000, 0x8000, 0x8000, 0x8000, 0x8000, 0x8000, 0x8000, 0x8000, 0x8000, 0x8000, 0x8000, 0x8000, 0x8000,
    0x8000, 0x8000, 0x8000, 0x8000, 0x8000, 0x8000, 0x8000, 0x8000, 0x8000, 0x8000, 0x8000, 0x8000, 0x8000, 0x8000, 0x8000, 0x8000,
    0x8000, 0x8000, 0x8000, 0x8000, 0x8000, 0x8000, 0x8000, 0x8000, 0x8000, 0x8000, 0x8000, 0x8000, 0x8000, 0x0, 0x0, 0x0,
    0x0, 0x0, 0x0, 0x0, 0x0, 0x0, 0x0, 0x0, 0x0, 0x0, 0x0, 0x0, 0x0, 0x0, 0x0, 0x0,
    0x0, 0x0, 0x0, 0x0, 0x0, 0x0, 0x0, 0x0, 0x0, 0x0, 0x0, 0x0, 0x0, 0x0, 0x0, 0x0,
    0x0, 0x0, 0x0, 0x0, 0x0, 0x0, 0x0, 0x0, 0x0, 0x0, 0x0, 0x0, 0x0, 0x0, 0x2000, 0x2000,
    0x8000, 0x8000, 0x8000, 0x8000, 0x8000, 0x8000, 0x8000, 0x8000, 0x8000, 0x8000, 0x8000, 0x8000, 0x8000, 0x0, 0x0, 0x0,
    0x0, 0x0, 0x0, 0x0, 0x0, 0x0, 0x0, 0x0, 0x0, 0x0, 0x0, 0x0, 0x0, 0x0, 0x0, 0x0,
    0x0, 0x0, 0x0, 0x0, 0x0, 0x0, 0x0, 0x0, 0x0, 0x0, 0x0, 0x0, 0x0, 0x0, 0x0, 0x0,
    0x0, 0x0, 0x0, 0x0, 0x0, 0x0, 0x0, 0x0, 0x0, 0x0, 0x0, 0x0, 0x0, 0x8000, 0x8000, 0x8000,
    0x8000, 0x8000, 0x8000, 0x8000, 0x8000, 0x8000, 0x8000, 0x8000, 0x8000, 0x8000, 0x8000, 0x8000, 0x8000, 0x0, 0x0, 0x0,
    0x0, 0x0, 0x0, 0x0, 0x0, 0x0, 0x0, 0x0, 0x0, 0x0, 0x0, 0x0, 0x0, 0x0, 0x0, 0x0,
    0x0, 0x0, 0x0, 0x8000, 0x8000, 0x8000, 0x8000, 0x8000, 0x8000, 0x8000, 0x8000, 0x8000, 0x8000, 0x0, 0x0, 0x0,
    0x0, 0x0, 0x0, 0x0, 0x0, 0x0, 0x0, 0x0, 0x0, 0x0, 0x0, 0x0, 0x0, 0x0, 0x0, 0x0,
    0x0, 0x0, 0x0, 0x0, 0x0, 0x0, 0x0, 0x0, 0x0, 0x0, 0x0, 0x0, 0x0, 0x0, 0x0, 0x0,
    0x0, 0x0, 0x0, 0x0, 0x0, 0x0, 0x0, 0x0, 0x0, 0x0, 0x0, 0x0, 0x0, 0x0, 0x0, 0x0,
    0x0, 0x0, 0x0, 0x0, 0x0, 0x0, 0x0, 0x8000, 0x8000, 0x8000, 0x8000, 0x8000, 0x8000, 0x0, 0x0, 0x0,
    0x0, 0x0, 0x0, 0x0, 0x0, 0x0, 0x0, 0x0, 0x0, 0x0, 0x0, 0x0, 0x0, 0x0, 0x0, 0x0,
    0x0, 0x0, 0x0, 0x0, 0x0, 0x0, 0x0, 0x0, 0x0, 0x0, 0x0, 0x0, 0x8000, 0x0, 0x0, 0x0,
    0x0, 0x0, 0x0, 0x0, 0x0, 0x0, 0x0, 0x8000, 0x8000, 0x8000, 0x8000, 0x2000, 0x2000, 0x0, 0x0, 0x0,
    0x0, 0x0, 0x0, 0x0, 0x0, 0x0, 0x0, 0x0, 0x0, 0x0, 0x0, 0x0, 0x0, 0x0, 0x0, 0x0,
    0x0, 0x0, 0x0, 0x0, 0x0, 0x0, 0x0, 0x0, 0x0, 0x0, 0x0, 0x0, 0x0, 0x0, 0x0, 0x0,
    0x0, 0x0, 0x0, 0x0, 0x0, 0x0, 0x0, 0x0, 0x0, 0x0, 0x0, 0x0, 0x0, 0x0, 0x0, 0x0,
    0x0, 0x0, 0x0, 0x0, 0x0, 0x0, 0x0, 0x0, 0x0, 0x0, 0x0, 0x0, 0x8000, 0x8000, 0x8000, 0x8000,
    0x8000, 0x8000, 0x0, 0x0, 0x0, 0x0, 0x0, 0x0, 0x0, 0x0, 0x0, 0x0, 0x0, 0x0, 0x0, 0x0,
    0x0, 0x0, 0x0, 0x0, 0x0, 0x0, 0x0, 0x0, 0x0, 0x0, 0x0, 0x0, 0x0, 0x0, 0x0, 0x0,
    0x8000, 0x8000, 0x0, 0x0, 0x0, 0x0, 0x0, 0x2000, 0x8000, 0x8000, 0x8000, 0x8000, 0x8000, 0x8000, 0x8000, 0x8000,
    0x8000, 0x8000, 0x0, 0x0, 0x0, 0x0, 0x0, 0x0, 0x0, 0x0, 0x0, 0x0, 0x0, 0x0, 0x0, 0x0,
    0x0, 0x0, 0x0, 0x0, 0x0, 0x0, 0x0, 0x0, 0x0, 0x0, 0x0, 0x0, 0x0, 0x0, 0x0, 0x0,
    0x0, 0x0, 0x0, 0x0, 0x0, 0x0, 0x0, 0x0, 0x0, 0x0, 0x0, 0x0, 0x0, 0x0, 0x0, 0x0,
    0x0, 0x0, 0x0, 0x0, 0x0, 0x0, 0x0, 0x0, 0x0, 0x2000, 0x2000, 0x2000, 0x2000, 0x2000, 0x2000, 0x2000,
    0x2000, 0x2000, 0x0, 0x0, 0x0, 0x0, 0x2000, 0x2000, 0x8000, 0x8000, 0x8000, 0x8000, 0x8000, 0x8000, 0x8000, 0x8000,
    0x8000, 0x8000, 0x0, 0x0, 0x0, 0x0, 0x0, 0x0, 0x0, 0x0, 0x0, 0x0, 0x8000, 0x2000, 0x2000, 0x2000,
    0x2000, 0x2000, 0x2000, 0x2000, 0x8000, 0x0, 0x0, 0x0, 0x0, 0x0, 0x0, 0x0, 0x0, 0x0, 0x0, 0x0,
    0x0, 0x0, 0x0, 0x0, 0x0, 0x0, 0x0, 0x0, 0x0, 0x0, 0x8000, 0x8000, 0x8000, 0x8000, 0x8000, 0x0,
    0x0, 0x0, 0x0, 0x0, 0x0, 0x0, 0x0, 0x0, 0x0, 0x0, 0x0, 0x0, 0x0, 0x0, 0x0, 0x8000,
    0x8000, 0x8000, 0x8000, 0x8000, 0x8000, 0x8000, 0x8000, 0x8000, 0x8000, 0x8000, 0x8000, 0x8000, 0x8000, 0x8000, 0x8000, 0x8000,
    0x8000, 0x8000, 0x8000, 0x8000, 0x8000, 0x8000, 0x8000, 0x8000, 0x8000, 0x8000, 0x8000, 0x8000, 0x8000, 0x8000, 0x8000, 0x8000,
    0x8000, 0x8000, 0x8000, 0x8000, 0x8000, 0x8000, 0x8000, 0x8000, 0x8000, 0x8000, 0x8000, 0x8000, 0x8000, 0x8000, 0x8000, 0x0,
    0x0, 0x0, 0x0, 0x0, 0x0, 0x0, 0x0, 0x0, 0x0, 0x0, 0x0, 0x0, 0x0, 0x0, 0x0, 0x0,
    0x0, 0x0, 0x0, 0x0, 0x0, 0x0, 0x0, 0x0, 0x0, 0x0, 0x0, 0x0, 0x0, 0x0, 0x0, 0x0,
    0x0, 0x0, 0x0, 0x0, 0x0, 0x0, 0x0, 0x0, 0x0, 0x0, 0x0, 0x0, 0x2000, 0x2000, 0x2000, 0x0,
    0x0, 0x0, 0x0, 0x0, 0x0, 0x0, 0x0, 0x0, 0x0, 0x8000, 0x8000, 0x8000, 0x8000, 0x8000, 0x8000, 0xCCF0,
    0xCCF1, 0xCCF2, 0xCCF3, 0xCCF4, 0xCCF5, 0xCCF6, 0xCCF7, 0xCCF8, 0xCCF9, 0xCCFA, 0xCCFB, 0xCCFC, 0xCCFD, 0xCCFE, 0xCCFF, 0xCD00,
    0xCD01, 0xCD02, 0xCD03, 0xCD04, 0xCD05, 0xCD06, 0xCD07, 0xCD08, 0xCD09, 0xCD0A, 0xCD0B, 0xCD0C, 0xCD0D, 0xCD0E, 0xCD0F, 0x0,
    0x0, 0x0, 0x0, 0x0, 0x0, 0x0, 0x0, 0x0, 0x0, 0x0, 0x0, 0x0, 0x0, 0x0, 0x0, 0x0,
    0x0, 0x0, 0x0, 0x0, 0x0, 0x0, 0x0, 0x0, 0x0, 0x0, 0x0, 0x0, 0x0, 0x0, 0x0, 0x2000,
    0x2000, 0x2000, 0x2000, 0x2000, 0x2000, 0x2000, 0x2000, 0x2000, 0x2000, 0x2000, 0x2000, 0x2000, 0x2000, 0x2000, 0x2000, 0x2000,
    0x2000, 0x2000, 0x2000, 0x2000, 0x2000, 0x2000, 0x2000, 0x2000, 0x2000, 0x2000, 0x8000, 0x8000, 0x8000, 0x8000, 0x8000, 0xCD10,
    0xCD11, 0xCD12, 0xCD13, 0xCD14, 0xCD15, 0xCD16, 0xCD17, 0xCD18, 0xCD19, 0xCD1A, 0xCD1B, 0xCD1C, 0xCD1D, 0xCD1E, 0xCD1F, 0xCD20,
    0xCD21, 0xCD22, 0xCD23, 0xCD24, 0xCD25, 0xCD26, 0xCD27, 0xCD28, 0x8000, 0x8000, 0x0, 0x0, 0x0, 0x0, 0x0, 0x0,
    0x0, 0x0, 0x0, 0x0, 0x0, 0x0, 0x0, 0x0, 0x0, 0x0, 0x0, 0x0, 0x0, 0x0, 0x8000, 0x8000,
    0x8000, 0x8000, 0x8000, 0x8000, 0x8000, 0x8000, 0x8000, 0x8000, 0x8000, 0x8000, 0x8000, 0x8000, 0x8000, 0x8000, 0x8000, 0x8000,
    0x8000, 0x8000, 0x8000, 0x8000, 0x8000, 0x8000, 0x8000, 0x8000, 0x8000, 0x8000, 0x8000, 0x8000, 0x8000, 0x8000, 0x8000, 0x8000,
    0x8000, 0x8000, 0x8000, 0x8000, 0x8000, 0x8000, 0x8000, 0x8000, 0x8000, 0x8000, 0x0, 0x0, 0x0, 0x0, 0x0, 0x0,
    0x0, 0x0, 0x0, 0x0, 0x0, 0x8000, 0x8000, 0x8000, 0x8000, 0x0, 0x0, 0x0, 0x0, 0x0, 0x0, 0x0,
    0x0, 0x0, 0x0, 0x0, 0x0, 0x0, 0x0, 0x0, 0x0, 0x0, 0x0, 0x0, 0x0, 0x0, 0x0, 0x0,
    0x0, 0x0, 0x0, 0x0, 0x0, 0x0, 0x0, 0x0, 0x0, 0x0, 0x0, 0x0, 0x0, 0x0, 0x0, 0x0,
    0x0, 0x0, 0x0, 0x0, 0x0, 0x0, 0x0, 0x0, 0x0, 0x0, 0x8000, 0x8000, 0x8000, 0x8000, 0x8000, 0x8000,
    0x8000, 0x0, 0x0, 0x0, 0x0, 0x0, 0x0, 0x0, 0x0, 0x0, 0x0, 0x0, 0x0, 0x0, 0x0, 0x0,
    0x0, 0x0, 0x8000, 0x8000, 0x8000, 0x8000, 0x8000, 0x8000, 0x8000, 0x8000, 0x8000, 0x8000, 0x8000, 0x8000, 0x8000, 0x8000,
    0x8000, 0x8000, 0x8000, 0x8000, 0x8000, 0x8000, 0x8000, 0x8000, 0x8000, 0x8000, 0x8000, 0x8000, 0x8000, 0x8000, 0x8000, 0x8000,
    0x8000, 0x8000, 0x0, 0x0, 0x2000, 0x0, 0x0, 0x8000, 0x8000, 0x8000, 0x8000, 0x8000, 0x8000, 0x8000, 0x8000, 0x8000,
    0x8000, 0x8000, 0x0, 0x0, 0x0, 0x0, 0x2000, 0x2000, 0x2000, 0x8000, 0x8000, 0x8000, 0x8000, 0x8000, 0x8000, 0x8000,
    0x8000, 0x8000, 0x0, 0x0, 0x0, 0x0, 0x0, 0x0, 0x0, 0x0, 0x0, 0x0, 0x0, 0x0, 0x0, 0x0,
    0x0, 0x0, 0x0, 0x0, 0x0, 0x0, 0x0, 0x0, 0x0, 0x0, 0x0, 0x0, 0x0, 0x8000, 0x8000, 0x8000,
    0x8000, 0x8000, 0x8000, 0x8000, 0x8000, 0x8000, 0x8000, 0x8000, 0x8000, 0x8000, 0x8000, 0x8000, 0x8000, 0x8000, 0x8000, 0x8000,
    0x8000, 0x8000, 0x8000, 0x8000, 0x8000, 0x8000, 0x8000, 0x8000, 0x8000, 0x8000, 0x8000, 0x8000, 0x8000, 0x8000, 0x8000, 0x8000,
    0x8000, 0x0, 0x0, 0x0, 0x0, 0x0, 0x0, 0x0, 0x0, 0x0, 0x0, 0x0, 0x0, 0x0, 0x0, 0x0,
    0x0, 0x0, 0x0, 0x0, 0x0, 0x0, 0x0, 0x0, 0x0, 0x0, 0x0, 0x0, 0x0, 0x0, 0x0, 0x0,
    0x0, 0x0, 0x8000, 0x8000, 0x8000, 0x8000, 0x8000, 0x8000, 0x8000, 0x8000, 0x8000, 0x8000, 0x8000, 0x8000, 0x8000, 0x8000,
    0x8000, 0x8000, 0x8000, 0x8000, 0x8000, 0x8000, 0x8000, 0x8000, 0x8000, 0x8000, 0x8000, 0x8000, 0x8000, 0x8000, 0x8000, 0x8000,
    0x8000, 0x0, 0x0, 0x0, 0x0, 0x0, 0x0, 0x0, 0x0, 0x0, 0x0, 0x0, 0x0, 0x0, 0x0, 0x0,
    0x0, 0x0, 0x0, 0x0, 0x0, 0x0, 0x0, 0x0, 0x0, 0x0, 0x0, 0x0, 0x0, 0x0, 0x0, 0x0,
    0x0, 0x0, 0x0, 0x0, 0x0, 0x0, 0x0, 0x0, 0x0, 0x0, 0x0, 0x0, 0x0, 0x0, 0x0, 0x0,
    0x0, 0x0, 0x0, 0x0, 0x8000, 0x8000, 0x8000, 0x8000, 0x8000, 0x8000, 0x8000, 0x8000, 0x8000, 0x8000, 0x8000, 0x8000,
    0x8000, 0x8000, 0x0, 0x0, 0x0, 0x0, 0x0, 0x0, 0x0, 0x0, 0x0, 0x0, 0x0, 0x0, 0x0, 0x0,
    0x0, 0x0, 0x0, 0x0, 0x0, 0x0, 0x0, 0x0, 0x0, 0x0, 0x0, 0x0, 0x0, 0x0, 0x0, 0x0,
    0x0, 0x0, 0x8000, 0x8000, 0x8000, 0x8000, 0x8000, 0x8000, 0x8000, 0x8000, 0x8000, 0x8000, 0x8000, 0x8000, 0x8000, 0x8000,
    0x8000, 0x8000, 0x8000, 0x8000, 0x8000, 0x8000, 0x8000, 0x8000, 0x8000, 0x8000, 0x8000, 0x8000, 0x8000, 0x8000, 0x8000, 0x8000,
    0x8000, 0x8000, 0x8000, 0x8000, 0x8000, 0x8000, 0x8000, 0x8000, 0x8000, 0x8000, 0x8000, 0x8000, 0x8000, 0x8000, 0x8000, 0x8000,
    0x8000, 0x8000, 0x0, 0x0, 0x0, 0x0, 0x8000, 0x0, 0x0, 0x0, 0x0, 0x0, 0x0, 0x0, 0x8000, 0x0,
    0x0, 0x8000, 0x0, 0x0, 0x0, 0x0, 0x0, 0x0, 0x0, 0x0, 0x0, 0x0, 0x0, 0x0, 0x0, 0x0,
    0x0, 0x0, 0x0, 0x0, 0x0, 0x0, 0x0, 0x0, 0x0, 0x0, 0x0, 0x0, 0x0, 0x0, 0x0, 0x0,
    0x0, 0x0, 0x0, 0x0, 0x0, 0xCD29, 0xCD2A, 0xCD2B, 0xCD2C, 0x0, 0x0, 0x8000, 0x8000, 0x8000, 0x8000, 0x8000,
    0x8000, 0x8000, 0x8000, 0x8000, 0x0, 0x8000, 0x8000, 0x8000, 0x8000, 0x8000, 0x8000, 0x8000, 0x8000, 0x8000, 0x8000, 0x8000,
    0x8000, 0x8000, 0x8000, 0x8000, 0x8000, 0x0, 0x0, 0x0, 0x8000, 0x8000, 0x0, 0x8000, 0x8000, 0x8000, 0x8000, 0x8000,
    0x8000, 0x8000, 0x8000, 0x8000, 0x8000, 0x8000, 0x8000, 0x8000, 0x8000, 0x0, 0x0, 0x0, 0x0, 0x0, 0x8000, 0x8000,
    0x8000, 0x8000, 0x8000, 0x8000, 0x8000, 0x0, 0x0, 0x0, 0x0, 0x0, 0x0, 0x0, 0x0, 0x0, 0x0, 0x0,
    0x0, 0x0, 0x0, 0x0, 0x0, 0x0, 0x0, 0x0, 0x0, 0x0, 0x0, 0x0, 0x0, 0x0, 0x0, 0x0,
    0x0, 0x0, 0x0, 0x0, 0x0, 0x0, 0x0, 0x0, 0x0, 0x0, 0x0, 0x0, 0x0, 0x0, 0x0, 0x0,
    0x0, 0x0, 0x0, 0x0, 0x0, 0x0, 0x0, 0x0, 0x0, 0x0, 0x0, 0x0, 0x0, 0x0, 0x0, 0x0,
    0x0, 0x8000, 0x8000, 0x8000, 0x8000, 0x8000, 0x0, 0x0, 0x0, 0x0, 0x0, 0x0, 0x0, 0x0, 0x0, 0x0,
    0x0, 0x0, 0x0, 0x8000, 0x8000, 0x8000, 0x8000, 0x8000, 0x8000, 0x8000, 0x0, 0x0, 0x0, 0x0, 0x0, 0x0,
    0x0, 0x0, 0x0, 0x0, 0x8000, 0x8000, 0x2000, 0x0, 0x0, 0x2000, 0x6000, 0x6000, 0x6000, 0x6000, 0x8000, 0x8000,
    0x8000, 0x8000, 0x8000, 0x8000, 0x8000, 0x8000, 0x8000, 0x8000, 0x8000, 0x8000, 0x8000, 0x8000, 0x8000, 0x8000, 0x8000, 0x8000,
    0x8000, 0x8000, 0x8000, 0x8000, 0x8000, 0x8000, 0x8000, 0x8000, 0x8000, 0x8000, 0x2000, 0x2000, 0x2000, 0x2000, 0x2000, 0x2000,
    0x2000, 0x2000, 0x2000, 0x2000, 0x2000, 0x2000, 0x2000, 0x2000, 0x2000, 0x2000, 0x2000, 0x2000, 0x2000, 0x2000, 0x2000, 0x2000,
    0xC000, 0xC001, 0xC002, 0xC003, 0xC004, 0xC005, 0xC006, 0xC007, 0xC008, 0xC009, 0xC00A, 0xC00B, 0xC00C, 0xC00D, 0xC00E, 0xC00F,
    0xC010, 0xC011, 0xC012, 0xC013, 0xC014, 0xC015, 0xC016, 0xC017, 0xC018, 0xC019, 0xC395, 0xC022, 0xC01D, 0xC01E, 0xC396, 0xC397,
    0xC398, 0xC399, 0xC39A, 0xC39B, 0x2000, 0x2000, 0x2000, 0x8000, 0x8000, 0x8000, 0x2000, 0x2000, 0x2000, 0x2000, 0x2000, 0x2000,
    0x2000, 0x2000, 0x2000, 0x2000, 0x2000, 0x2000, 0x2000, 0x2000, 0x2000, 0x2000, 0x2000, 0x2000, 0x2000, 0x2000, 0x2000, 0x2000,
    0x2000, 0x2000, 0x2000, 0x2000, 0x2000, 0x2000, 0x2000, 0x2000, 0x2000, 0x2000, 0x2000, 0x2000, 0x2000, 0x2000, 0x2000, 0x2000,
    0x2000, 0x2000, 0x2000, 0x2000, 0x2000, 0x2000, 0x2000, 0x2000, 0x2000, 0x2000, 0x2000, 0x2000, 0x2000, 0x2000, 0x8000, 0x8000,
    0x8000, 0x8000, 0x8000, 0x8000, 0x2000, 0x2000, 0x2000, 0x2000, 0x2000, 0x2000, 0x2000, 0x2000, 0x2000, 0x2000, 0x2000, 0x2000,
    0x2000, 0x2000, 0x2000, 0x2000, 0x2000, 0x8000, 0x2000, 0x2000, 0x2000, 0x8000, 0x8000, 0x8000, 0x8000, 0x8000, 0x8000, 0x8000,
    0x8000, 0x2000, 0x2000, 0x2000, 0x2000, 0x2000, 0x2000, 0x2000, 0x2000, 0x2000, 0x2000, 0x2000, 0x2000, 0x2000, 0x2000, 0x2000,
    0x2000, 0x2000, 0x2000, 0x2000, 0x2000, 0x2000, 0x2000, 0x2000, 0x2000, 0x2000, 0x2000, 0x2000, 0x2000, 0x2000, 0x2000, 0x2000,
    0x2000, 0x2000, 0x8000, 0x8000, 0x0, 0x0, 0x0, 0x0, 0x0, 0x0, 0x0, 0x0, 0x0, 0x0, 0x0, 0x0,
    0x0, 0x0, 0x0, 0x0, 0x0, 0x0, 0x0, 0x0, 0x0, 0x0, 0x0, 0x0, 0x0, 0x0, 0x0, 0x0,
    0x0, 0x0, 0x0, 0x0, 0x0, 0x0, 0x0, 0x0, 0x0, 0x0, 0x0, 0x0, 0x0, 0x0, 0x0, 0x0,
    0x0, 0x0, 0x8000, 0x8000, 0x0, 0x0, 0x0, 0x0, 0x0, 0x0, 0x0, 0x0, 0x0, 0x0, 0x0, 0x0,
    0x0, 0x0, 0x0, 0x0, 0x8000, 0x8000, 0x8000, 0x8000, 0x8000, 0x8000, 0x8000, 0x8000, 0x8000, 0x2000, 0x2000, 0x2000,
    0x2000, 0x2000, 0x2000, 0x2000, 0x2000, 0x2000, 0x2000, 0x2000, 0x2000, 0x2000, 0x2000, 0x2000, 0x2000, 0x2000, 0x2000, 0x2000,
    0x2000, 0x2000, 0x2000, 0x2000, 0x2000, 0x2000, 0x2000, 0x2000, 0x2000, 0x2000, 0x2000, 0x2000, 0x2000, 0x2000, 0x2000, 0x2000,
    0x2000, 0x2000, 0x2000, 0x2000, 0x2000, 0x2000, 0x2000, 0x2000, 0x2000, 0x2000, 0x2000, 0x2000, 0x2000, 0x8000, 0x8000, 0x8000,
    0x8000, 0x8000, 0x8000, 0x8000, 0x8000, 0x8000, 0x8000, 0x8000, 0x8000, 0x8000, 0x8000, 0x8000, 0x8000, 0x8000, 0x8000, 0x8000,
    0x8000, 0x8000, 0x8000, 0x8000, 0x8000, 0x8000, 0x8000, 0x8000, 0x8000, 0x8000, 0x8000, 0x8000, 0x8000, 0x8000, 0x8000, 0x8000,
    0x8000, 0x8000, 0x8000, 0x8000, 0x8000, 0x8000, 0x8000, 0x8000, 0x8000, 0x8000, 0x8000, 0x8000, 0x8000, 0x8000, 0x8000, 0x8000,
    0x8000, 0x8000, 0x8000, 0x8000, 0x8000, 0x8000, 0x8000, 0x8000, 0x8000, 0x2000, 0x2000, 0x2000, 0x2000, 0x2000, 0x2000, 0x2000,
    0x2000, 0x2000, 0x2000, 0x2000, 0x2000, 0x2000, 0x2000, 0x2000, 0x2000, 0x2000, 0x2000, 0x2000, 0x2000, 0x2000, 0x2000, 0x2000,
    0x2000, 0x2000, 0x2000, 0x2000, 0x2000, 0x2000, 0x2000, 0x2000, 0x2000, 0x2000, 0x2000, 0x2000, 0x2000, 0x2000, 0x2000, 0x2000,
    0x2000, 0x2000, 0x2000, 0x2000, 0x2000, 0x2000, 0x2000, 0x2000, 0x2000, 0x2000, 0x2000, 0x2000, 0x2000, 0x2000, 0x2000, 0x8000,
    0x8000, 0x8000, 0x8000, 0x8000, 0x8000, 0x8000, 0x8000, 0x8000, 0x8000, 0x2000, 0x2000, 0x2000, 0x2000, 0x2000, 0x2000, 0x2000,
    0x2000, 0x2000, 0x2000, 0x2000, 0x2000, 0x2000, 0x2000, 0x2000, 0x2000, 0x2000, 0x2000, 0x2000, 0x2000, 0x2000, 0x2000, 0x2000,
    0x2000, 0x2000, 0x2000, 0x2000, 0x2000, 0x2000, 0x2000, 0xCD2D, 0xCD2E, 0xCD2F, 0xCD30, 0xCD31, 0xCD32, 0xCD33, 0x2000, 0x2000,
    0x2000, 0x2000, 0x2000, 0x2000, 0x2000, 0x2000, 0x2000, 0x2000, 0x2000, 0x2000, 0x2000, 0x2000, 0x6000, 0x6000, 0x6000, 0x6000,
    0x6000, 0x6000, 0x6000, 0x6000, 0x2000, 0x2000, 0x2000, 0x2000, 0x2000, 0x2000, 0x2000, 0x2000, 0x2000, 0x2000, 0x2000, 0x2000,
    0x2000, 0x2000, 0x2000, 0x2000, 0x2000, 0x2000, 0x2000, 0x2000, 0x2000, 0x2000, 0x2000, 0x2000, 0x2000, 0x2000, 0x2000, 0x2000,
    0x2000, 0x2000, 0x2000, 0x2000, 0x2000, 0x2000, 0x2000, 0x2000, 0x2000, 0x2000, 0x2000, 0x2000, 0x2000, 0x2000, 0x2000, 0x2000,
    0x2000, 0x2000, 0x2000, 0x2000, 0x2000, 0x2000, 0x2000, 0x2000, 0x2000, 0x2000, 0x2000, 0x2000, 0x2000, 0x2000, 0x2000, 0xCD34,
    0xCD35, 0xCD36, 0xCD37, 0xCD38, 0xCD39, 0x2000, 0x2000, 0x2000, 0x2000, 0x2000, 0x2000, 0x2000, 0x2000, 0x2000, 0x2000, 0x2000,
    0x2000, 0x2000, 0x2000, 0x2000, 0x2000, 0x2000, 0x2000, 0x2000, 0x2000, 0x2000, 0x2000, 0x2000, 0x2000, 0x2000, 0x2000, 0x2000,
    0x2000, 0x2000, 0x2000, 0x2000, 0x2000, 0x2000, 0x2000, 0x2000, 0x2000, 0x2000, 0x2000, 0x2000, 0x2000, 0x2000, 0x2000, 0x2000,
    0x2000, 0x2000, 0x2000, 0x2000, 0x2000, 0x2000, 0x2000, 0x2000, 0x2000, 0x2000, 0x2000, 0x2000, 0x2000, 0x2000, 0x2000, 0x2000,
    0x2000, 0x2000, 0x2000, 0x2000, 0x8000, 0x8000, 0x8000, 0x8000, 0x8000, 0x8000, 0x8000, 0x8000, 0x8000, 0x8000, 0x0, 0x0,
    0x0, 0x2000, 0x2000, 0x2000, 0x2000, 0x2000, 0x2000, 0x2000, 0x2000, 0x0, 0x0, 0x2000, 0x2000, 0x0, 0x2000, 0x2000,
    0x2000, 0x2000, 0x2000, 0x2000, 0x2000, 0x2000, 0x2000, 0x2000, 0x2000, 0x2000, 0x2000, 0x2000, 0x2000, 0x2000, 0x2000, 0x2000,
    0x2000, 0x2000, 0x2000, 0x2000, 0x2000, 0x2000, 0x2000, 0x2000, 0x2000, 0x2000, 0x2000, 0x2000, 0x2000, 0x2000, 0x8000, 0x8000,
    0x8000, 0x8000, 0x8000, 0x8000, 0x8000, 0x8000, 0x8000, 0x8000, 0x8000, 0x8000, 0x2000, 0x2000, 0x2000, 0x2000, 0x2000, 0x2000,
    0x2000, 0x2000, 0x2000, 0x2000, 0x2000, 0x2000, 0x2000, 0x2000, 0x2000, 0x2000, 0x2000, 0x2000, 0x2000, 0x2000, 0x8000, 0x8000,
    0x8000, 0x8000, 0x8000, 0x8000, 0x8000, 0x8000, 0x8000, 0x8000, 0x8000, 0x8000, 0x2000, 0x2000, 0x2000, 0x2000, 0x2000, 0x2000,
    0x2000, 0x2000, 0x2000, 0x2000, 0x2000, 0x2000, 0x2000, 0x2000, 0x2000, 0x2000, 0x2000, 0x2000, 0x2000, 0x2000, 0x2000, 0x2000,
    0x2000, 0x8000, 0x8000, 0x8000, 0x8000, 0x8000, 0x8000, 0x8000, 0x8000, 0x8000, 0x2000, 0x2000, 0x2000, 0x2000, 0x2000, 0x2000,
    0x2000, 0x2000, 0x2000, 0x2000, 0x2000, 0x2000, 0x2000, 0x2000, 0x2000, 0x2000, 0x2000, 0x2000, 0x2000, 0x2000, 0x2000, 0x2000,
    0x2000, 0x2000, 0x2000, 0x8000, 0x8000, 0x8000, 0x8000, 0x8000, 0x8000, 0x8000, 0xC000, 0xC001, 0xC002, 0xC003, 0xC004, 0xC005,
    0xC006, 0xC007, 0xC008, 0xC009, 0xC00A, 0xC00B, 0xC00C, 0xC00D, 0xC00E, 0xC00F, 0xC010, 0xC011, 0xC012, 0xC013, 0xC014, 0xC015,
    0xC016, 0xC017, 0xC018, 0xC019, 0xC000, 0xC001, 0xC002, 0xC003, 0xC004, 0xC005, 0xC006, 0xC007, 0xC008, 0xC009, 0xC00A, 0xC00B,
    0xC00C, 0xC00D, 0xC00E, 0xC00F, 0xC010, 0xC011, 0xC012, 0xC013, 0xC014, 0xC015, 0xC016, 0xC017, 0xC018, 0xC019, 0xC000, 0xC001,
    0xC002, 0xC003, 0xC004, 0xC005, 0xC006, 0xC007, 0xC008, 0xC009, 0xC00A, 0xC00B, 0xC00C, 0xC00D, 0xC00E, 0xC00F, 0xC010, 0xC011,
    0xC012, 0xC013, 0xC014, 0xC015, 0xC016, 0xC017, 0xC018, 0xC019, 0xC000, 0xC001, 0xC002, 0xC003, 0xC004, 0xC005, 0xC006, 0x8000,
    0xC008, 0xC009, 0xC00A, 0xC00B, 0xC00C, 0xC00D, 0xC00E, 0xC00F, 0xC010, 0xC011, 0xC012, 0xC013, 0xC014, 0xC015, 0xC016, 0xC017,
    0xC018, 0xC019, 0xC000, 0xC001, 0xC002, 0xC003, 0xC004, 0xC005, 0xC006, 0xC007, 0xC008, 0xC009, 0xC00A, 0xC00B, 0xC00C, 0xC00D,
    0xC00E, 0xC00F, 0xC010, 0xC011, 0xC012, 0xC013, 0xC014, 0xC015, 0xC016, 0xC017, 0xC018, 0xC019, 0xC000, 0x8000, 0xC002, 0xC003,
    0x8000, 0x8000, 0xC006, 0x8000, 0x8000, 0xC009, 0xC00A, 0x8000, 0x8000, 0xC00D, 0xC00E, 0xC00F, 0xC010, 0x8000, 0xC012, 0xC013,
    0xC014, 0xC015, 0xC016, 0xC017, 0xC018, 0xC019, 0xC000, 0xC001, 0xC002, 0xC003, 0x8000, 0xC005, 0x8000, 0xC007, 0xC008, 0xC009,
    0xC00A, 0xC00B, 0xC00C, 0xC00D, 0x8000, 0xC00F, 0xC010, 0xC011, 0xC012, 0xC013, 0xC014, 0xC015, 0xC016, 0xC017, 0xC018, 0xC019,
    0xC000, 0xC001, 0xC002, 0xC003, 0xC004, 0xC005, 0xC006, 0xC007, 0xC008, 0xC009, 0xC00A, 0xC00B, 0xC00C, 0xC00D, 0xC00E, 0xC00F,
    0xC010, 0xC011, 0xC012, 0xC013, 0xC014, 0xC015, 0xC016, 0xC017, 0xC018, 0xC019, 0xC000, 0xC001, 0xC002, 0xC003, 0xC004, 0xC005,
    0xC006, 0xC007, 0xC008, 0xC009, 0xC00A, 0xC00B, 0xC00C, 0xC00D, 0xC00E, 0xC00F, 0xC010, 0xC011, 0xC012, 0xC013, 0xC014, 0xC015,
    0xC016, 0xC017, 0xC018, 0xC019, 0xC000, 0xC001, 0x8000, 0xC003, 0xC004, 0xC005, 0xC006, 0x8000, 0x8000, 0xC009, 0xC00A, 0xC00B,
    0xC00C, 0xC00D, 0xC00E, 0xC00F, 0xC010, 0x8000, 0xC012, 0xC013, 0xC014, 0xC015, 0xC016, 0xC017, 0xC018, 0x8000, 0xC000, 0xC001,
    0xC002, 0xC003, 0xC004, 0xC005, 0xC006, 0xC007, 0xC008, 0xC009, 0xC00A, 0xC00B, 0xC00C, 0xC00D, 0xC00E, 0xC00F, 0xC010, 0xC011,
    0xC012, 0xC013, 0xC014, 0xC015, 0xC016, 0xC017, 0xC018, 0xC019, 0xC000, 0xC001, 0x8000, 0xC003, 0xC004, 0xC005, 0xC006, 0x8000,
    0xC008, 0xC009, 0xC00A, 0xC00B, 0xC00C, 0x8000, 0xC00E, 0x8000, 0x8000, 0x8000, 0xC012, 0xC013, 0xC014, 0xC015, 0xC016, 0xC017,
    0xC018, 0x8000, 0xC000, 0xC001, 0xC002, 0xC003, 0xC004, 0xC005, 0xC006, 0xC007, 0xC008, 0xC009, 0xC00A, 0xC00B, 0xC00C, 0xC00D,
    0xC00E, 0xC00F, 0xC010, 0xC011, 0xC012, 0xC013, 0xC014, 0xC015, 0xC016, 0xC017, 0xC018, 0xC019, 0xC000, 0xC001, 0xC002, 0xC003,
    0xC004, 0xC005, 0xC006, 0xC007, 0xC008, 0xC009, 0xC00A, 0xC00B, 0xC00C, 0xC00D, 0xC00E, 0xC00F, 0xC010, 0xC011, 0xC012, 0xC013,
    0xC014, 0xC015, 0xC016, 0xC017, 0xC018, 0xC019, 0xC000, 0xC001, 0xC002, 0xC003, 0xC004, 0xC005, 0xC006, 0xC007, 0xC008, 0xC009,
    0xC00A, 0xC00B, 0xC00C, 0xC00D, 0xC00E, 0xC00F, 0xC010, 0xC011, 0xC012, 0xC013, 0xC014, 0xC015, 0xC016, 0xC017, 0xC018, 0xC019,
    0xC000, 0xC001, 0xC002, 0xC003, 0xC004, 0xC005, 0xC006, 0xC007, 0xC008, 0xC009, 0xC00A, 0xC00B, 0xC00C, 0xC00D, 0xC00E, 0xC00F,
    0xC010, 0xC011, 0xC012, 0xC013, 0xC014, 0xC015, 0xC016, 0xC017, 0xC018, 0xC019, 0xC000, 0xC001, 0xC002, 0xC003, 0xC004, 0xC005,
    0xC006, 0xC007, 0xC008, 0xC009, 0xC00A, 0xC00B, 0xC00C, 0xC00D, 0xC00E, 0xC00F, 0xC010, 0xC011, 0xC012, 0xC013, 0xC014, 0xC015,
    0xC016, 0xC017, 0xC018, 0xC019, 0xCD3A, 0xCD3B, 0xC044, 0x8000, 0xC10C, 0xC10D, 0xC10E, 0xC10F, 0xC110, 0xC111, 0xC112, 0xC113,
    0xC0FB, 0xC114, 0xC115, 0xC020, 0xC116, 0xC117, 0xC118, 0xC119, 0xC11A, 0xC113, 0xC11B, 0xC11C, 0xC11D, 0xC11E, 0xC11F, 0xC120,
    0xC121, 0xCD3C, 0xC10C, 0xC10D, 0xC10E, 0xC10F, 0xC110, 0xC111, 0xC112, 0xC113, 0xC0FB, 0xC114, 0xC115, 0xC020, 0xC116, 0xC117,
    0xC118, 0xC119, 0xC11A, 0xC11B, 0xC11B, 0xC11C, 0xC11D, 0xC11E, 0xC11F, 0xC120, 0xC121, 0xCD3D, 0xC110, 0xC113, 0xC114, 0xC11E,
    0xC11A, 0xC119, 0xC10C, 0xC10D, 0xC10E, 0xC10F, 0xC110, 0xC111, 0xC112, 0xC113, 0xC0FB, 0xC114, 0xC115, 0xC020, 0xC116, 0xC117,
    0xC118, 0xC119, 0xC11A, 0xC113, 0xC11B, 0xC11C, 0xC11D, 0xC11E, 0xC11F, 0xC120, 0xC121, 0xCD3C, 0xC10C, 0xC10D, 0xC10E, 0xC10F,
    0xC110, 0xC111, 0xC112, 0xC113, 0xC0FB, 0xC114, 0xC115, 0xC020, 0xC116, 0xC117, 0xC118, 0xC119, 0xC11A, 0xC11B, 0xC11B, 0xC11C,
    0xC11D, 0xC11E, 0xC11F, 0xC120, 0xC121, 0xCD3D, 0xC110, 0xC113, 0xC114, 0xC11E, 0xC11A, 0xC119, 0xC127, 0xC127, 0x8000, 0x8000,
    0xC395, 0xC022, 0xC01D, 0xC01E, 0xC396, 0xC397, 0xC398, 0xC399, 0xC39A, 0xC39B, 0xC395, 0xC022, 0xC01D, 0xC01E, 0xC396, 0xC397,
    0xC398, 0xC399, 0xC39A, 0xC39B, 0xC395, 0xC022, 0xC01D, 0xC01E, 0xC396, 0xC397, 0xC398, 0xC399, 0xC39A, 0xC39B, 0xC395, 0xC022,
    0xC01D, 0xC01E, 0xC396, 0xC397, 0xC398, 0xC399, 0xC39A, 0xC39B, 0xC395, 0xC022, 0xC01D, 0xC01E, 0xC396, 0xC397, 0xC398, 0xC399,
    0xC39A, 0xC39B, 0x0, 0x0, 0x0, 0x0, 0x0, 0x0, 0x0, 0x0, 0x0, 0x0, 0x0, 0x0, 0x0, 0x0,
    0x0, 0x0, 0x0, 0x0, 0x0, 0x0, 0x0, 0x0, 0x0, 0x0, 0x0, 0x0, 0x0, 0x0, 0x0, 0x0,
    0x0, 0x0, 0x0, 0x0, 0x0, 0x0, 0x0, 0x0, 0x0, 0x0, 0x0, 0x0, 0x0, 0x0, 0x0, 0x0,
    0x0, 0x0, 0x0, 0x0, 0x0, 0x0, 0x0, 0x0, 0x0, 0x2000, 0x2000, 0x2000, 0x2000, 0x0, 0x0, 0x0,
    0x0, 0x0, 0x0, 0x0, 0x0, 0x0, 0x0, 0x0, 0x0, 0x0, 0x0, 0x0, 0x0, 0x0, 0x0, 0x0,
    0x0, 0x0, 0x0, 0x0, 0x0, 0x0, 0x0, 0x0, 0x0, 0x0, 0x0, 0x0, 0x0, 0x0, 0x0, 0x0,
    0x0, 0x0, 0x0, 0x0, 0x0, 0x0, 0x0, 0x0, 0x0, 0x0, 0x2000, 0x2000, 0x2000, 0x2000, 0x2000, 0x2000,
    0x2000, 0x2000, 0x0, 0x2000, 0x2000, 0x2000, 0x2000, 0x2000, 0x2000, 0x2000, 0x2000, 0x2000, 0x2000, 0x0, 0x2000, 0x2000,
    0x2000, 0x2000, 0x2000, 0x2000, 0x2000, 0x8000, 0x8000, 0x8000, 0x8000, 0x8000, 0x8000, 0x8000, 0x8000, 0x8000, 0x8000, 0x8000,
    0x8000, 0x8000, 0x8000, 0x8000, 0x0, 0x0, 0x0, 0x0, 0x0, 0x8000, 0x0, 0x0, 0x0, 0x0, 0x0, 0x0,
    0x0, 0x0, 0x0, 0x0, 0x0, 0x0, 0x0, 0x0, 0x0, 0x8000, 0x8000, 0x8000, 0x8000, 0x8000, 0x8000, 0x8000,
    0x8000, 0x8000, 0x8000, 0x8000, 0x8000, 0x8000, 0x8000, 0x8000, 0x8000, 0x2000, 0x2000, 0x2000, 0x2000, 0x2000, 0x2000, 0x2000,
    0x2000, 0x2000, 0x2000, 0x2000, 0x2000, 0x2000, 0x2000, 0x2000, 0x2000, 0x2000, 0x2000, 0x2000, 0x2000, 0x2000, 0x2000, 0x2000,
    0x2000, 0x2000, 0x2000, 0x2000, 0x2000, 0x2000, 0x8000, 0x8000, 0x8000, 0x8000, 0x8000, 0x8000, 0x8000, 0x8000, 0x8000, 0x8000,
    0x8000, 0x8000, 0x8000, 0x8000, 0x8000, 0x8000, 0x8000, 0x8000, 0x8000, 0x8000, 0x8000, 0x8000, 0x8000, 0x8000, 0x8000, 0x8000,
    0x8000, 0x8000, 0x8000, 0x8000, 0x8000, 0x8000, 0x8000, 0x8000, 0x8000, 0xCD3E, 0x0, 0x0, 0x0, 0x0, 0x0, 0x0,
    0x0, 0xCD3F, 0x0, 0xCD40, 0x0, 0x0, 0xCD41, 0x0, 0x0, 0x0, 0xCD42, 0x0, 0x0, 0x0, 0x0, 0x0,
    0x0, 0x0, 0x0, 0x0, 0x0, 0x0, 0x0, 0x0, 0x0, 0x0, 0x0, 0x0, 0x0, 0x0, 0x0, 0x0,
    0x0, 0xCD43, 0x0, 0xCD44, 0x0, 0xCD45, 0x0, 0xCD46, 0x0, 0x0, 0x0, 0xCD47, 0x0, 0xCD48, 0x0, 0xCD49,
    0x0, 0xCD4A, 0x0, 0xCD4B, 0x0, 0xCD4C, 0x0, 0xCD4D, 0x0, 0x0, 0x8000, 0x8000, 0x8000, 0x8000, 0x8000, 0x8000,
    0x8000, 0x8000, 0x8000, 0x8000, 0x8000, 0x8000, 0x8000, 0x8000, 0x0, 0x0, 0x0, 0x0, 0x0, 0xC044, 0x0, 0x8000,
    0x8000, 0x8000, 0x8000, 0x8000, 0x8000, 0x8000, 0x8000, 0x8000, 0x8000, 0x8000, 0x8000, 0x8000, 0x8000, 0x8000, 0x8000, 0x8000,
    0x8000, 0x8000, 0x8000, 0x8000, 0x8000, 0x8000, 0x8000, 0x8000, 0x8000, 0x8000, 0x8000, 0x8000, 0x8000, 0x8000, 0x8000, 0x8000,
    0x8000, 0x8000, 0x8000, 0x8000, 0x8000, 0x8000, 0x8000, 0x8000, 0xCD4E, 0xCD4F, 0xCD50, 0xC092, 0xCD51, 0xC0E4, 0xC04D, 0xC0B7,
    0xC065, 0xC0E1, 0xCD52, 0xCD53, 0xC0E8, 0xCD54, 0xCD55, 0xC0D5, 0xC812, 0xCD56, 0xCD57, 0xCD58, 0xCD59, 0xCD5A, 0xCD5B, 0xCD5C,
    0xCD5D, 0xCD5E, 0xCD5F, 0xCD60, 0xCD61, 0xCD62, 0xCD63, 0xCD64, 0xCD65, 0xCD66, 0xCD67, 0xCD68, 0xCD69, 0xCD6A, 0xC120, 0xC121,
    0xCD6B, 0xCD6C, 0xCD6D, 0xCD6E, 0xC804, 0xC089, 0xC095, 0xC09B, 0xCD6F, 0xC09F, 0xCD70, 0x0, 0x0, 0x0, 0x0, 0x0,
    0x0, 0x0, 0x8000, 0x0, 0x0, 0x0, 0x0, 0x0, 0x0, 0x0, 0x0, 0x0, 0x0, 0x0, 0x0, 0x0,
    0x0, 0x0, 0x0, 0x0, 0x8000, 0x8000, 0x0, 0x0, 0x0, 0x0, 0x0, 0x0, 0x0, 0x8000, 0x0, 0x0,
    0x8000, 0x0, 0x0, 0x0, 0x0, 0x0, 0x8000, 0x8000, 0x8000, 0x8000, 0x8000, 0xC146, 0xC147, 0xC148, 0xC149, 0xC14A,
    0xC14B, 0xC14C, 0xC14D, 0xC14E, 0xC150, 0xC151, 0xC152, 0xC154, 0xC155, 0xC156, 0xC157, 0xC158, 0xC159, 0xC15A, 0xC15B, 0xC15C,
    0xC15D, 0xC15E, 0xC161, 0xC163, 0xC164, 0xC7B2, 0xC19E, 0xC13C, 0xC13E, 0xC1A6, 0xC189, 0xC192, 0xC146, 0xC147, 0xC148, 0xC149,
    0xC14A, 0xC14B, 0xC14C, 0xC14D, 0xC14E, 0xC150, 0xC151, 0xC154, 0xC155, 0xC157, 0xC159, 0xC15A, 0xC15B, 0xC15C, 0xC15D, 0xC15E,
    0xC160, 0xC161, 0xC17A, 0xC13C, 0xC13B, 0xC145, 0xC187, 0xC79F, 0xC18A, 0x8000, 0x8000, 0x8000, 0x8000, 0x8000, 0x8000, 0x8000,
    0x8000, 0x8000, 0x8000, 0x8000, 0x8000, 0x8000, 0x8000, 0x8000, 0x8000, 0x8000, 0x8000, 0x0, 0x8000, 0x8000, 0x8000, 0x8000,
    0x8000, 0x8000, 0x8000, 0x8000, 0x8000, 0x8000, 0x8000, 0x8000, 0x8000, 0x8000, 0x8000, 0x8000, 0x8000, 0x8000, 0x8000, 0x8000,
    0x8000, 0x8000, 0x8000, 0x8000, 0x8000, 0x8000, 0x8000, 0x8000, 0x8000, 0x8000, 0x8000, 0x8000, 0x8000, 0x8000, 0x8000, 0x8000,
    0x8000, 0x8000, 0x8000, 0x8000, 0x8000, 0x8000, 0x8000, 0x8000, 0x8000, 0x8000, 0x8000, 0x8000, 0x0, 0x0, 0x0, 0x0,
    0x0, 0x0, 0x0, 0x0, 0x0, 0x0, 0x0, 0x0, 0x0, 0x0, 0x0, 0x0, 0x0, 0x0, 0x0, 0x0,
    0x0, 0x0, 0x0, 0x0, 0x0, 0x0, 0x0, 0x0, 0x0, 0x0, 0x0, 0x0, 0x0, 0x0, 0x0, 0x0,
    0x0, 0x0, 0x0, 0x0, 0x0, 0x0, 0x0, 0x0, 0x0, 0x8000, 0x8000, 0x8000, 0x0, 0x0, 0x0, 0x0,
    0x0, 0x0, 0x0, 0x0, 0x0, 0x0, 0x0, 0x0, 0x0, 0x0, 0x8000, 0x8000, 0x8000, 0x8000, 0x0, 0x2000,
    0x8000, 0x8000, 0x8000, 0x8000, 0x8000, 0x8000, 0x8000, 0x8000, 0x8000, 0x8000, 0x8000, 0x8000, 0x8000, 0x8000, 0x8000, 0x8000,
    0x8000, 0x8000, 0x8000, 0x8000, 0x8000, 0x8000, 0x8000, 0x8000, 0x8000, 0x8000, 0x8000, 0x8000, 0x8000, 0x8000, 0x8000, 0x8000,
    0x8000, 0x8000, 0x8000, 0x8000, 0x8000, 0x8000, 0x8000, 0x8000, 0x8000, 0x8000, 0x8000, 0x8000, 0x8000, 0x8000, 0x8000, 0x8000,
    0x0, 0x0, 0x0, 0x0, 0x0, 0x0, 0x0, 0x0, 0x0, 0x0, 0x0, 0x0, 0x0, 0x0, 0x0, 0x0,
    0x0, 0x0, 0x0, 0x0, 0x0, 0x0, 0x0, 0x0, 0x0, 0x0, 0x0, 0x0, 0x0, 0x0, 0x0, 0x8000,
    0x8000, 0x8000, 0x8000, 0x8000, 0x8000, 0x8000, 0x8000, 0x8000, 0x8000, 0x8000, 0x8000, 0x8000, 0x8000, 0x8000, 0x8000, 0x8000,
    0x0, 0x0, 0x0, 0x0, 0x0, 0x0, 0x0, 0x0, 0x0, 0x0, 0x0, 0x0, 0x0, 0x0, 0x0, 0x0,
    0x0, 0x0, 0x0, 0x0, 0x0, 0x0, 0x0, 0x0, 0x0, 0x0, 0x0, 0x0, 0x0, 0x0, 0x0, 0x0,
    0x0, 0x0, 0x0, 0x0, 0x0, 0x0, 0x0, 0x0, 0x0, 0x0, 0x0, 0x0, 0x0, 0x0, 0x0, 0x0,
    0x0, 0x0, 0x0, 0x0, 0x0, 0x0, 0x0, 0x0, 0x0, 0x0, 0x8000, 0x8000, 0x8000, 0x8000, 0x8000, 0x2000,
    0x8000, 0x8000, 0x8000, 0x8000, 0x8000, 0x8000, 0x8000, 0x8000, 0x8000, 0x8000, 0x8000, 0x8000, 0x8000, 0x8000, 0x8000, 0x8000,
    0x0, 0x0, 0x0, 0x0, 0x0, 0x0, 0x0, 0x0, 0x0, 0x0, 0x0, 0x0, 0x0, 0x0, 0x0, 0x0,
    0x0, 0x0, 0x0, 0x0, 0x0, 0x0, 0x0, 0x0, 0x0, 0x0, 0x0, 0x0, 0x0, 0x0, 0x0, 0x0,
    0x0, 0x0, 0x0, 0x0, 0x0, 0x0, 0x0, 0x0, 0x0, 0x0, 0x8000, 0x8000, 0x8000, 0x8000, 0x8000, 0x8000,
    0x8000, 0x8000, 0x8000, 0x8000, 0x8000, 0x8000, 0x8000, 0x8000, 0x8000, 0x8000, 0x0, 0x0, 0x0, 0x0, 0x0, 0x0,
    0x0, 0x0, 0x0, 0x0, 0x0, 0x0, 0x0, 0x0, 0x0, 0x0, 0x0, 0x0, 0x0, 0x0, 0x0, 0x0,
    0x0, 0x0, 0x0, 0x0, 0x0, 0x0, 0x0, 0x0, 0x0, 0x0, 0x0, 0x0, 0x0, 0x0, 0x0, 0x0,
    0x0, 0x0, 0x0, 0x0, 0x0, 0x8000, 0x8000, 0x8000, 0x8000, 0x2000, 0x0, 0x0, 0x0, 0x0, 0x0, 0x0,
    0x0, 0x0, 0x0, 0x0, 0x0, 0x0, 0x0, 0x0, 0x0, 0x0, 0x0, 0x0, 0x0, 0x0, 0x0, 0x0,
    0x0, 0x0, 0x0, 0x0, 0x0, 0x0, 0x0, 0x0, 0x0, 0x8000, 0x0, 0x0, 0x0, 0x0, 0x0, 0x0,
    0x0, 0x0, 0x0, 0x0, 0x0, 0x0, 0x0, 0x0, 0x0, 0x0, 0x0, 0x0, 0x0, 0x0, 0x0, 0x0,
    0x8000, 0x8000, 0x8000, 0x8000, 0x8000, 0x8000, 0x8000, 0x8000, 0x0, 0x0, 0x8000, 0x8000, 0x8000, 0x8000, 0x8000, 0x8000,
    0x8000, 0x8000, 0x8000, 0x8000, 0x8000, 0x8000, 0x8000, 0x8000, 0x8000, 0x8000, 0x8000, 0x8000, 0x8000, 0x8000, 0x8000, 0x8000,
    0x8000, 0x8000, 0x8000, 0x8000, 0x8000, 0x8000, 0x8000, 0x8000, 0x8000, 0x8000, 0x0, 0x0, 0x0, 0x0, 0x0, 0x0,
    0x0, 0x8000, 0x0, 0x0, 0x0, 0x0, 0x8000, 0x0, 0x0, 0x8000, 0x0, 0x0, 0x0, 0x0, 0x0, 0x0,
    0x0, 0x0, 0x0, 0x0, 0x0, 0x0, 0x0, 0x0, 0x0, 0x8000, 0x8000, 0x2000, 0x2000, 0x2000, 0x2000, 0x2000,
    0x2000, 0x2000, 0x2000, 0x2000, 0x0, 0x0, 0x0, 0x0, 0x0, 0x0, 0x0, 0x8000, 0x8000, 0x8000, 0x8000, 0x8000,
    0x8000, 0x8000, 0x8000, 0x8000, 0x8000, 0x8000, 0x8000, 0x8000, 0x8000, 0x8000, 0x8000, 0x8000, 0x8000, 0x8000, 0x8000, 0x8000,
    0x8000, 0x8000, 0x8000, 0x8000, 0x8000, 0x8000, 0x8000, 0x8000, 0x8000, 0x8000, 0x8000, 0x8000, 0x8000, 0x8000, 0x8000, 0x8000,
    0x8000, 0x8000, 0x8000, 0x8000, 0xCD71, 0xCD72, 0xCD73, 0xCD74, 0xCD75, 0xCD76, 0xCD77, 0xCD78, 0xCD79, 0xCD7A, 0xCD7B, 0xCD7C,
    0xCD7D, 0xCD7E, 0xCD7F, 0xCD80, 0xCD81, 0xCD82, 0xCD83, 0xCD84, 0xCD85, 0xCD86, 0xCD87, 0xCD88, 0xCD89, 0xCD8A, 0xCD8B, 0xCD8C,
    0xCD8D, 0xCD8E, 0xCD8F, 0xCD90, 0xCD91, 0xCD92, 0x0, 0x0, 0x0, 0x0, 0x0, 0x0, 0x0, 0x0, 0x0, 0x0,
    0x0, 0x0, 0x0, 0x0, 0x0, 0x0, 0x0, 0x0, 0x0, 0x0, 0x0, 0x0, 0x0, 0x0, 0x0, 0x0,
    0x0, 0x0, 0x0, 0x0, 0x8000, 0x8000, 0x8000, 0x8000, 0x0, 0x0, 0x0, 0x0, 0x0, 0x0, 0x0, 0x0,
    0x0, 0x0, 0x8000, 0x8000, 0x8000, 0x8000, 0x2000, 0x2000, 0x8000, 0x8000, 0x8000, 0x8000, 0x8000, 0x8000, 0x8000, 0x8000,
    0x8000, 0x8000, 0x8000, 0x8000, 0x8000, 0x8000, 0x8000, 0x8000, 0x8000, 0x8000, 0x8000, 0x8000, 0x8000, 0x8000, 0x8000, 0x8000,
    0x8000, 0x8000, 0x8000, 0x8000, 0x8000, 0x8000, 0x8000, 0x8000, 0x8000, 0x8000, 0x8000, 0x8000, 0x8000, 0x8000, 0x8000, 0x8000,
    0x8000, 0x8000, 0x8000, 0x8000, 0x8000, 0x8000, 0x8000, 0x8000, 0x8000, 0x2000, 0x2000, 0x2000, 0x2000, 0x2000, 0x2000, 0x2000,
    0x2000, 0x2000, 0x2000, 0x2000, 0x2000, 0x2000, 0x2000, 0x2000, 0x2000, 0x2000, 0x2000, 0x2000, 0x2000, 0x2000, 0x2000, 0x2000,
    0x2000, 0x2000, 0x2000, 0x2000, 0x2000, 0x2000, 0x2000, 0x2000, 0x2000, 0x2000, 0x2000, 0x2000, 0x2000, 0x2000, 0x2000, 0x2000,
    0x2000, 0x2000, 0x2000, 0x2000, 0x2000, 0x2000, 0x2000, 0x2000, 0x2000, 0x2000, 0x2000, 0x2000, 0x2000, 0x2000, 0x8000, 0x8000,
    0x8000, 0x8000, 0x8000, 0x8000, 0x8000, 0x8000, 0x8000, 0x8000, 0x8000, 0x2000, 0x2000, 0x2000, 0x2000, 0x2000, 0x2000, 0x2000,
    0x2000, 0x2000, 0x2000, 0x2000, 0x2000, 0x2000, 0x2000, 0x2000, 0x2000, 0x2000, 0x2000, 0x2000, 0x2000, 0x2000, 0x2000, 0x2000,
    0x2000, 0x2000, 0x2000, 0x2000, 0x2000, 0x2000, 0x2000, 0x2000, 0x2000, 0x2000, 0x2000, 0x2000, 0x2000, 0x2000, 0x2000, 0x2000,
    0x2000, 0x2000, 0x2000, 0x2000, 0x2000, 0x2000, 0x2000, 0x2000, 0x2000, 0x2000, 0x2000, 0x2000, 0x2000, 0x2000, 0x2000, 0x2000,
    0x2000, 0x2000, 0x2000, 0x2000, 0x2000, 0x2000, 0x8000, 0x8000, 0xCBA7, 0xCBA8, 0xCBAC, 0xCBAF, 0x8000, 0xCBC2, 0xCBB2, 0xCBAD,
    0xCBB7, 0xCBC3, 0xCBBD, 0xCBBE, 0xCBBF, 0xCBC0, 0xCBB3, 0xCBB9, 0xCBBB, 0xCBB5, 0xCBBC, 0xCBB1, 0xCBB4, 0xCBAA, 0xCBAB, 0xCBAE,
    0xCBB0, 0xCBB6, 0xCBB8, 0xCBBA, 0xCD93, 0xCA4B, 0xCD94, 0xCD95, 0x8000, 0xCBA8, 0xCBAC, 0x8000, 0xCBC1, 0x8000, 0x8000, 0xCBAD,
    0x8000, 0xCBC3, 0xCBBD, 0xCBBE, 0xCBBF, 0xCBC0, 0xCBB3, 0xCBB9, 0xCBBB, 0xCBB5, 0xCBBC, 0x8000, 0xCBB4, 0xCBAA, 0xCBAB, 0xCBAE,
    0x8000, 0xCBB6, 0x8000, 0xCBBA, 0x8000, 0x8000, 0x8000, 0x8000, 0xCBAC, 0x8000, 0x8000, 0x8000, 0x8000, 0xCBAD, 0x8000, 0xCBC3,
    0x8000, 0xCBBE, 0x8000, 0xCBC0, 0xCBB3, 0xCBB9, 0x8000, 0xCBB5, 0xCBBC, 0x8000, 0xCBB4, 0x8000, 0x8000, 0xCBAE, 0x8000, 0xCBB6,
    0x8000, 0xCBBA, 0x8000, 0xCA4B, 0x8000, 0xCD95, 0x8000, 0xCBA8, 0xCBAC, 0x8000, 0xCBC1, 0x8000, 0x8000, 0xCBAD, 0xCBB7, 0xCBC3,
    0xCBBD, 0x8000, 0xCBBF, 0xCBC0, 0xCBB3, 0xCBB9, 0xCBBB, 0xCBB5, 0xCBBC, 0x8000, 0xCBB4, 0xCBAA, 0xCBAB, 0xCBAE, 0x8000, 0xCBB6,
    0xCBB8, 0xCBBA, 0xCD93, 0x8000, 0xCD94, 0x8000, 0xCBA7, 0xCBA8, 0xCBAC, 0xCBAF, 0xCBC1, 0xCBC2, 0xCBB2, 0xCBAD, 0xCBB7, 0xCBC3,
    0x8000, 0xCBBE, 0xCBBF, 0xCBC0, 0xCBB3, 0xCBB9, 0xCBBB, 0xCBB5, 0xCBBC, 0xCBB1, 0xCBB4, 0xCBAA, 0xCBAB, 0xCBAE, 0xCBB0, 0xCBB6,
    0xCBB8, 0xCBBA, 0x8000, 0x8000, 0x8000, 0x8000, 0x8000, 0xCBA8, 0xCBAC, 0xCBAF, 0x8000, 0xCBC2, 0xCBB2, 0xCBAD, 0xCBB7, 0xCBC3,
    0x8000, 0xCBBE, 0xCBBF, 0xCBC0, 0xCBB3, 0xCBB9, 0xCBBB, 0xCBB5, 0xCBBC, 0xCBB1, 0xCBB4, 0xCBAA, 0xCBAB, 0xCBAE, 0xCBB0, 0xCBB6,
    0xCBB8, 0xCBBA, 0x8000, 0x8000, 0x8000, 0x8000, 0x8000, 0x8000, 0x8000, 0x8000, 0x8000, 0x8000, 0x8000, 0x8000, 0x8000, 0x8000,
    0x8000, 0x8000, 0x8000, 0x8000, 0x8000, 0x8000, 0x8000, 0x8000, 0x8000, 0x8000, 0x8000, 0x8000, 0x8000, 0x8000, 0x8000, 0x8000,
    0x8000, 0x8000, 0x8000, 0x8000, 0x8000, 0x8000, 0x8000, 0x8000, 0x8000, 0x8000, 0x8000, 0x8000, 0x8000, 0x8000, 0x8000, 0x8000,
    0x8000, 0x8000, 0x2000, 0x2000, 0x8000, 0x8000, 0x8000, 0x8000, 0x8000, 0x8000, 0x8000, 0x8000, 0x8000, 0x8000, 0x8000, 0x8000,
    0x8000, 0x8000, 0x2000, 0x2000, 0x2000, 0x2000, 0x2000, 0x2000, 0x2000, 0x2000, 0x2000, 0x2000, 0x2000, 0x2000, 0x2000, 0x2000,
    0x2000, 0x2000, 0x2000, 0x2000, 0x2000, 0x2000, 0x2000, 0x2000, 0x2000, 0x2000, 0x2000, 0x2000, 0x2000, 0x2000, 0x2000, 0x2000,
    0x2000, 0x2000, 0x2000, 0x2000, 0x2000, 0x2000, 0x2000, 0x2000, 0x2000, 0x2000, 0x2000, 0x2000, 0x2000, 0x2000, 0x8000, 0x8000,
    0x8000, 0x8000, 0x2000, 0x2000, 0x2000, 0x2000, 0x2000, 0x2000, 0x2000, 0x2000, 0x2000, 0x2000, 0x2000, 0x2000, 0x2000, 0x2000,
    0x2000, 0x2000, 0x2000, 0x2000, 0x2000, 0x2000, 0x8000, 0x8000, 0x8000, 0x8000, 0x8000, 0x8000, 0x8000, 0x8000, 0x8000, 0x8000,
    0x8000, 0x8000, 0x2000, 0x2000, 0x2000, 0x2000, 0x2000, 0x2000, 0x2000, 0x2000, 0x2000, 0x2000, 0x2000, 0x2000, 0x2000, 0x2000,
    0x2000, 0x8000, 0x8000, 0x2000, 0x2000, 0x2000, 0x2000, 0x2000, 0x2000, 0x2000, 0x2000, 0x2000, 0x2000, 0x2000, 0x2000, 0x2000,
    0x2000, 0x2000, 0x8000, 0x2000, 0x2000, 0x2000, 0x2000, 0x2000, 0x2000, 0x2000, 0x2000, 0x2000, 0x2000, 0x2000, 0x2000, 0x2000,
    0x2000, 0x2000, 0x2000, 0x2000, 0x2000, 0x2000, 0x2000, 0x2000, 0x2000, 0x2000, 0x2000, 0x2000, 0x2000, 0x2000, 0x2000, 0x2000,
    0x2000, 0x2000, 0x2000, 0x2000, 0x2000, 0x2000, 0x2000, 0x2000, 0x8000, 0x8000, 0x8000, 0x8000, 0x8000, 0x8000, 0x8000, 0x8000,
    0x8000, 0x8000, 0xCD96, 0xCD97, 0xCD98, 0xCD99, 0xCD9A, 0xCD9B, 0xCD9C, 0xCD9D, 0xCD9E, 0xCD9F, 0x2000, 0x2000, 0x2000, 0x2000,
    0x2000, 0xC3F3, 0xC3F4, 0xC3F5, 0xC3F6, 0xC3F7, 0xC3F8, 0xC3F9, 0xC3FA, 0xC3FB, 0xC3FC, 0xC3FD, 0xC3FE, 0xC3FF, 0xC400, 0xC401,
    0xC402, 0xC403, 0xC404, 0xC405, 0xC406, 0xC407, 0xC408, 0xC409, 0xC40A, 0xC40B, 0xC40C, 0xCDA0, 0xC002, 0xC011, 0xC761, 0xCDA1,
    0x2000, 0xC000, 0xC001, 0xC002, 0xC003, 0xC004, 0xC005, 0xC006, 0xC007, 0xC008, 0xC009, 0xC00A, 0xC00B, 0xC00C, 0xC00D, 0xC00E,
    0xC00F, 0xC010, 0xC011, 0xC012, 0xC013, 0xC014, 0xC015, 0xC016, 0xC017, 0xC018, 0xC019, 0xCDA2, 0xC756, 0xCDA3, 0xC044, 0xCDA4,
    0xCDA5, 0x2000, 0x2000, 0x2000, 0x2000, 0x2000, 0x2000, 0x2000, 0x2000, 0x2000, 0x2000, 0x2000, 0x2000, 0x2000, 0x2000, 0x2000,
    0x2000, 0x2000, 0x2000, 0x2000, 0x2000, 0x2000, 0x2000, 0x2000, 0x2000, 0x2000, 0x2000, 0xCDA6, 0xCDA7, 0xCDA8, 0x2000, 0x2000,
    0x2000, 0x2000, 0x2000, 0x2000, 0x2000, 0x2000, 0x2000, 0x2000, 0x2000, 0x2000, 0x2000, 0x2000, 0x2000, 0x2000, 0x2000, 0x2000,
    0x2000, 0xCDA9, 0x2000, 0x2000, 0x2000, 0x2000, 0x2000, 0x2000, 0x2000, 0x2000, 0x2000, 0x2000, 0x2000, 0x2000, 0x2000, 0x2000,
    0x2000, 0x2000, 0x2000, 0x2000, 0x2000, 0x2000, 0x2000, 0x2000, 0x2000, 0x2000, 0x2000, 0x2000, 0x2000, 0x2000, 0x2000, 0x2000,
    0x8000, 0x8000, 0x8000, 0x8000, 0x8000, 0x8000, 0x8000, 0x8000, 0x8000, 0x8000, 0x8000, 0x8000, 0x8000, 0x8000, 0x8000, 0x8000,
    0x8000, 0x8000, 0x8000, 0x8000, 0x8000, 0x8000, 0x8000, 0x8000, 0x8000, 0x8000, 0x8000, 0x8000, 0x8000, 0x8000, 0x8000, 0x8000,
    0x8000, 0x8000, 0x8000, 0x8000, 0x8000, 0x8000, 0x2000, 0x2000, 0x2000, 0x2000, 0x2000, 0x2000, 0x2000, 0x2000, 0x2000, 0x2000,
    0x2000, 0x2000, 0x2000, 0x2000, 0x2000, 0x2000, 0x2000, 0x2000, 0x2000, 0x2000, 0x2000, 0x2000, 0x2000, 0x2000, 0x2000, 0x2000,
    0xCDAA, 0xCDAB, 0xC67A, 0x8000, 0x8000, 0x8000, 0x8000, 0x8000, 0x8000, 0x8000, 0x8000, 0x8000, 0x8000, 0x8000, 0x8000, 0x8000,
    0xC4C4, 0xCDAC, 0xCDAD, 0xCDAE, 0xC48B, 0xCDAF, 0xCDB0, 0xC5C8, 0xCDB1, 0xCDB2, 0xCDB3, 0xC91B, 0xCDB4, 0xCDB5, 0xCDB6, 0xCDB7,
    0xCDB8, 0xCDB9, 0xC4E8, 0xCDBA, 0xCDBB, 0xCDBC, 0xCDBD, 0xCDBE, 0xCDBF, 0xC485, 0xC5C0, 0xCDC0, 0xC647, 0xC5C3, 0xC648, 0xCDC1,
    0xC520, 0xCDC2, 0xCDC3, 0xCDC4, 0xCDC5, 0xCDC6, 0xC636, 0xC4CE, 0xCDC7, 0xCDC8, 0xCDC9, 0xCDCA, 0x8000, 0x8000, 0x8000, 0x8000,
    0xCDCB, 0xCDCC, 0xCDCD, 0xCDCE, 0xCDCF, 0xCDD0, 0xCDD1, 0xCDD2, 0xCDD3, 0x8000, 0x8000, 0x8000, 0x8000, 0x8000, 0x8000, 0x8000,
    0xCDD4, 0xCDD5, 0x8000, 0x8000, 0x8000, 0x8000, 0x8000, 0x8000, 0x8000, 0x8000, 0x8000, 0x8000, 0x8000, 0x8000, 0x8000, 0x8000,
    0x2000, 0x2000, 0x2000, 0x2000, 0x2000, 0x2000, 0x8000, 0x8000, 0x8000, 0x8000, 0x8000, 0x8000, 0x8000, 0x8000, 0x8000, 0x8000,
    0x8000, 0x8000, 0x8000, 0x8000, 0x8000, 0x8000, 0x8000, 0x8000, 0x8000, 0x8000, 0x8000, 0x8000, 0x8000, 0x8000, 0x8000, 0x8000,
    0x2000, 0x2000, 0x2000, 0x2000, 0x2000, 0x2000, 0x2000, 0x2000, 0x2000, 0x2000, 0x2000, 0x2000, 0x2000, 0x2000, 0x2000, 0x2000,
    0x2000, 0x2000, 0x2000, 0x2000, 0x2000, 0x2000, 0x2000, 0x2000, 0x2000, 0x2000, 0x8000, 0x8000, 0x2000, 0x2000, 0x2000, 0x2000,
    0x2000, 0x2000, 0x2000, 0x2000, 0x2000, 0x2000, 0x2000, 0x2000, 0x2000, 0x2000, 0x2000, 0x2000, 0x2000, 0x8000, 0x8000, 0x8000,
    0x2000, 0x2000, 0x2000, 0x2000, 0x2000, 0x2000, 0x2000, 0x2000, 0x2000, 0x2000, 0x2000, 0x2000, 0x2000, 0x8000, 0x8000, 0x8000,
    0x2000, 0x2000, 0x2000, 0x2000, 0x2000, 0x2000, 0x2000, 0x2000, 0x2000, 0x2000, 0x2000, 0x2000, 0x2000, 0x2000, 0x2000, 0x2000,
    0x2000, 0x2000, 0x2000, 0x2000, 0x2000, 0x2000, 0x2000, 0x2000, 0x2000, 0x2000, 0x2000, 0x2000, 0x8000, 0x8000, 0x8000, 0x8000,
    0x2000, 0x2000, 0x2000, 0x2000, 0x2000, 0x2000, 0x2000, 0x2000, 0x2000, 0x2000, 0x2000, 0x2000, 0x8000, 0x8000, 0x8000, 0x8000,
    0x2000, 0x2000, 0x2000, 0x2000, 0x2000, 0x2000, 0x2000, 0x2000, 0x2000, 0x2000, 0x2000, 0x2000, 0x2000, 0x2000, 0x2000, 0x2000,
    0x2000, 0x2000, 0x2000, 0x2000, 0x2000, 0x2000, 0x2000, 0x2000, 0x2000, 0x2000, 0x2000, 0x2000, 0x2000, 0x2000, 0x2000, 0x2000,
    0x2000, 0x2000, 0x2000, 0x2000, 0x2000, 0x2000, 0x2000, 0x2000, 0x2000, 0x2000, 0x2000, 0x2000, 0x2000, 0x2000, 0x2000, 0x2000,
    0x8000, 0x8000, 0x8000, 0x8000, 0x8000, 0x8000, 0x8000, 0x8000, 0x2000, 0x2000, 0x2000, 0x2000, 0x2000, 0x2000, 0x2000, 0x2000,
    0x2000, 0x2000, 0x8000, 0x8000, 0x8000, 0x8000, 0x8000, 0x8000, 0x2000, 0x2000, 0x2000, 0x2000, 0x2000, 0x2000, 0x2000, 0x2000,
    0x2000, 0x2000, 0x2000, 0x2000, 0x2000, 0x2000, 0x2000, 0x2000, 0x2000, 0x2000, 0x2000, 0x2000, 0x2000, 0x2000, 0x2000, 0x2000,
    0x2000, 0x2000, 0x2000, 0x2000, 0x2000, 0x2000, 0x2000, 0x2000, 0x8000, 0x8000, 0x8000, 0x8000, 0x8000, 0x8000, 0x8000, 0x8000,
    0x2000, 0x2000, 0x2000, 0x2000, 0x2000, 0x2000, 0x2000, 0x2000, 0x2000, 0x2000, 0x2000, 0x2000, 0x2000, 0x2000, 0x2000, 0x2000,
    0x2000, 0x2000, 0x2000, 0x2000, 0x2000, 0x2000, 0x2000, 0x2000, 0x2000, 0x2000, 0x2000, 0x2000, 0x2000, 0x2000, 0x8000, 0x8000,
    0x2000, 0x2000, 0x2000, 0x2000, 0x2000, 0x2000, 0x2000, 0x2000, 0x2000, 0x2000, 0x2000, 0x2000, 0x8000, 0x8000, 0x8000, 0x8000,
    0x8000, 0x8000, 0x8000, 0x8000, 0x8000, 0x8000, 0x8000, 0x8000, 0x8000, 0x8000, 0x2000, 0x2000, 0x2000, 0x2000, 0x2000, 0x2000,
    0x2000, 0x2000, 0x2000, 0x8000, 0x8000, 0x8000, 0x8000, 0x8000, 0x8000, 0x8000, 0x8000, 0x8000, 0x8000, 0x8000, 0x8000, 0x8000,
    0x8000, 0x8000, 0x8000, 0x8000, 0x8000, 0x8000, 0x8000, 0x8000, 0x8000, 0x8000, 0x8000, 0x8000, 0x8000, 0x8000, 0x8000, 0x8000,
    0x8000, 0x8000, 0x8000, 0x8000, 0x8000, 0x8000, 0x8000, 0x8000, 0x8000, 0x8000, 0x2000, 0x2000, 0x2000, 0x2000, 0x2000, 0x2000,
    0x2000, 0x2000, 0x2000, 0x2000, 0x2000, 0x2000, 0x2000, 0x2000, 0x2000, 0x2000, 0x2000, 0x2000, 0x2000, 0x2000, 0x2000, 0x2000,
    0x2000, 0x2000, 0x8000, 0x8000, 0x8000, 0x8000, 0x8000, 0x8000, 0x8000, 0x8000, 0x2000, 0x2000, 0x2000, 0x2000, 0x2000, 0x2000,
    0x2000, 0x2000, 0x2000, 0x2000, 0x2000, 0x2000, 0x2000, 0x2000, 0x8000, 0x8000, 0x2000, 0x2000, 0x2000, 0x2000, 0x2000, 0x2000,
    0x2000, 0x2000, 0x2000, 0x2000, 0x2000, 0x2000, 0x2000, 0x8000, 0x8000, 0x8000, 0x2000, 0x2000, 0x2000, 0x2000, 0x2000, 0x2000,
    0x2000, 0x8000, 0x2000, 0x8000, 0x8000, 0x8000, 0x2000, 0x2000, 0x2000, 0x2000, 0x2000, 0x2000, 0x2000, 0x2000, 0x2000, 0x2000,
    0x2000, 0x2000, 0x2000, 0x2000, 0x2000, 0x2000, 0x2000, 0x2000, 0x8000, 0x2000, 0x2000, 0x2000, 0x2000, 0x2000, 0x2000, 0x2000,
    0x2000, 0x2000, 0x2000, 0x2000, 0x2000, 0x2000, 0x8000, 0x8000, 0x8000, 0x2000, 0x2000, 0x2000, 0x2000, 0x2000, 0x2000, 0x2000,
    0x2000, 0x2000, 0x2000, 0x2000, 0x2000, 0x8000, 0x8000, 0x8000, 0x8000, 0x8000, 0x2000, 0x2000, 0x2000, 0x2000, 0x2000, 0x2000,
    0x2000, 0x2000, 0x2000, 0x2000, 0x2000, 0x2000, 0x2000, 0x2000, 0x2000, 0x2000, 0x2000, 0x2000, 0x2000, 0x8000, 0x2000, 0x2000,
    0x2000, 0x2000, 0x2000, 0x2000, 0x2000, 0x2000, 0x2000, 0x2000, 0x2000, 0x2000, 0x2000, 0x2000, 0x2000, 0x2000, 0x2000, 0x2000,
    0x2000, 0x2000, 0x2000, 0x2000, 0x2000, 0x2000, 0x2000, 0x2000, 0x2000, 0x2000, 0x2000, 0x2000, 0x2000, 0x2000, 0x2000, 0x2000,
    0x2000, 0x2000, 0x2000, 0x2000, 0x2000, 0x2000, 0x2000, 0x2000, 0x2000, 0x2000, 0x2000, 0x2000, 0x2000, 0x2000, 0xC395, 0xC022,
    0xC01D, 0xC01E, 0xC396, 0xC397, 0xC398, 0xC399, 0xC39A, 0xC39B, 0x2000, 0x8000, 0x8000, 0x8000, 0x8000, 0x8000, 0x0, 0x0,
    0x0, 0x0, 0x0, 0x0, 0x0, 0x0, 0x0, 0x0, 0x0, 0x0, 0x0, 0x0, 0x0, 0x0, 0x0, 0x0,
    0x0, 0x0, 0x0, 0x0, 0x0, 0x0, 0x0, 0x0, 0x0, 0x0, 0x0, 0x0, 0x0, 0x0, 0x8000, 0x8000,
    0x8000, 0x8000, 0x8000, 0x8000, 0x8000, 0x8000, 0x8000, 0x8000, 0x8000, 0x8000, 0x8000, 0x8000, 0x8000, 0x8000, 0x8000, 0x8000,
    0x8000, 0x8000, 0x8000, 0x8000, 0x8000, 0x8000, 0x8000, 0x8000, 0x8000, 0x8000, 0x8000, 0x8000, 0x8000, 0x8000, 0x0, 0x0,
    0x0, 0x0, 0x0, 0x0, 0x0, 0x0, 0x0, 0x0, 0x0, 0x0, 0x0, 0x0, 0x0, 0x0, 0x0, 0x0,
    0x0, 0x0, 0x0, 0x0, 0x0, 0x0, 0x0, 0x0, 0x0, 0x0, 0x0, 0x0, 0x0, 0x8000, 0x0, 0x0,
    0x0, 0x0, 0x0, 0x0, 0x0, 0x0, 0x0, 0x0, 0x0, 0x0, 0x0, 0x0, 0x0, 0x0, 0x0, 0x0,
    0x0, 0x0, 0x0, 0x0, 0x0, 0x0, 0x0, 0x0, 0x0, 0x0, 0x0, 0x0, 0x0, 0x0, 0x0, 0x8000,
    0x8000, 0x8000, 0x8000, 0x8000, 0x8000, 0x8000, 0x8000, 0x8000, 0x8000, 0x8000, 0x8000, 0x8000, 0x8000, 0x8000, 0x0, 0x0,
    0x0, 0x0, 0x0, 0x0, 0x0, 0x0, 0x0, 0x0, 0x0, 0x0, 0x0, 0x0, 0x0, 0x0, 0x0, 0x0,
    0x0, 0x0, 0x0, 0x0, 0x0, 0x0, 0x0, 0x0, 0x0, 0x0, 0x0, 0x0, 0x8000, 0x8000, 0x8000, 0x8000,
    0x8000, 0x8000, 0x8000, 0x8000, 0x8000, 0x8000, 0x8000, 0x8000, 0x8000, 0x8000, 0x8000, 0x8000, 0x8000, 0x8000, 0x8000, 0x8000,
    0x8000, 0x8000, 0x8000, 0x8000, 0x8000, 0x8000, 0x8000, 0x8000, 0x8000, 0x8000, 0x8000, 0x8000, 0x8000, 0x8000, 0xCDD6, 0xCDD7,
    0xCDD8, 0xCDD9, 0xCDDA, 0xC978, 0xCDDB, 0xCDDC, 0xCDDD, 0xCDDE, 0xC979, 0xCDDF, 0xCDE0, 0xCDE1, 0xC97A, 0xCDE2, 0xCDE3, 0xCDE4,
    0xCDE5, 0xCDE6, 0xCDE7, 0xCDB6, 0xCDE8, 0xCDE9, 0xCDEA, 0xCDEB, 0xCDEC, 0xC9B1, 0xCDED, 0xC495, 0xCDEE, 0xCDEF, 0xCDF0, 0xCDF1,
    0xCDC8, 0xCDF2, 0xCDF3, 0xC9B6, 0xC97B, 0xC97C, 0xC9B7, 0xCDF4, 0xCDF5, 0xC8C5, 0xCDF6, 0xC97D, 0xCDF7, 0xCDF8, 0xCDF9, 0xCDFA,
    0xCDFA, 0xCDFA, 0xCDFB, 0xCDFC, 0xCDFD, 0xCDFE, 0xCDFF, 0xCE00, 0xCE01, 0xCE02, 0xCE03, 0xCE04, 0xCE05, 0xCE06, 0xCE07, 0xCE08,
    0xCE09, 0xCE0A, 0xCE0B, 0xCE0C, 0xCE0C, 0xC9B9, 0xCE0D, 0xCE0E, 0xCE0F, 0xCE10, 0xC97F, 0xCE11, 0xCE12, 0xCE13, 0xC957, 0xCE14,
    0xCE15, 0xCE16, 0xCE17, 0xCE18, 0xCE19, 0xCE1A, 0xCE1B, 0xCE1C, 0xCE1D, 0xCE1E, 0xCE1F, 0xCDAF, 0xCE20, 0xCE21, 0xCE22, 0xCE23,
    0xCE24, 0xCE25, 0xCE26, 0xCE27, 0xCE28, 0xCE29, 0xCE2A, 0xCE2B, 0xCE2C, 0xCE2C, 0xCE2D, 0xCE2E, 0xCE2F, 0xC8C1, 0xCE30, 0xCE31,
    0xCE32, 0xCE33, 0xCE34, 0xC4AF, 0xCE35, 0xCE36, 0xC4B1, 0xCE37, 0xCE38, 0xCE39, 0xCE3A, 0xCE3B, 0xCE3C, 0xCE3D, 0xCE3E, 0xCE3F,
    0xCE40, 0xCE41, 0xCE42, 0xCE43, 0xCE44, 0xCE45, 0xCE46, 0xCE47, 0xCE48, 0xCE49, 0xCE4A, 0xCE4B, 0xC88D, 0xCE4C, 0xC4BB, 0xCE4D,
    0xCE4D, 0xCE4E, 0xCE4F, 0xCE4F, 0xCE50, 0xCE51, 0xCE52, 0xCE53, 0xCE54, 0xCE55, 0xCE56, 0xCE57, 0xCE58, 0xCE59, 0xCE5A, 0xCE5B,
    0xCE5C, 0xC984, 0xCE5D, 0xCE5E, 0xCE5F, 0xCE60, 0xC9C5, 0xCE60, 0xCE61, 0xC986, 0xCE62, 0xCE63, 0xCE64, 0xCE65, 0xC987, 0xC872,
    0xCE66, 0xCE67, 0xCE68, 0xCE69, 0xCE6A, 0xCE6B, 0xCE6C, 0xCE6D, 0xCE6E, 0xCE6F, 0xCE70, 0xCE71, 0xCE72, 0xCE73, 0xCE74, 0xCE75,
    0xCE76, 0xCE77, 0xCE78, 0xCE79, 0xCE7A, 0xCE7B, 0xC988, 0xCE7C, 0xCE7D, 0xCE7E, 0xCE7F, 0xCE80, 0xCE81, 0xC98A, 0xCE82, 0xCE83,
    0xCE84, 0xCE85, 0xCE86, 0xCE87, 0xCE88, 0xCE89, 0xC88E, 0xC9CD, 0xCE8A, 0xCE8B, 0xCE8C, 0xCE8D, 0xCE8E, 0xCE8F, 0xCE90, 0xCE91,
    0xC98B, 0xCE92, 0xCE93, 0xCE94, 0xCE95, 0xC9F7, 0xCE96, 0xCE97, 0xCE98, 0xCE99, 0xCE9A, 0xCE9B, 0xCE9C, 0xCE9D, 0xCE9E, 0xCE9F,
    0xCEA0, 0xCEA1, 0xCEA2, 0xC8D2, 0xCEA3, 0xCEA4, 0xCEA5, 0xCEA6, 0xCEA7, 0xCEA8, 0xCEA9, 0xCEAA, 0xCEAB, 0xCEAC, 0xCEAD, 0xC98C,
    0xC925, 0xCEAE, 0xCEAF, 0xCEB0, 0xCEB1, 0xCEB2, 0xCEB3, 0xCEB4, 0xCEB5, 0xC9D0, 0xCEB6, 0xCEB7, 0xCEB8, 0xCEB9, 0xCEBA, 0xCEBB,
    0xCEBC, 0xCEBD, 0xC9D1, 0xCEBE, 0xCEBF, 0xCEC0, 0xCEC1, 0xCEC2, 0xCEC3, 0xCEC4, 0xCEC5, 0xCEC6, 0xCEC7, 0xCEC8, 0xCEC9, 0xC9D3,
    0xCECA, 0xCECB, 0xCECC, 0xCECD, 0xCECE, 0xCECF, 0xCED0, 0xCED1, 0xCED2, 0xCED3, 0xCED4, 0xCED4, 0xCED5, 0xCED6, 0xC9D5, 0xCED7,
    0xCED8, 0xCED9, 0xCEDA, 0xCEDB, 0xCEDC, 0xCEDD, 0xC8C4, 0xCEDE, 0xCEDF, 0xCEE0, 0xCEE1, 0xCEE2, 0xCEE3, 0xCEE4, 0xC9DB, 0xCEE5,
    0xCEE6, 0xCEE7, 0xCEE8, 0xCEE9, 0xCEEA, 0xCEEA, 0xC9DC, 0xC9F9, 0xCEEB, 0xCEEC, 0xCEED, 0xCEEE, 0xCEEF, 0xC89F, 0xC9DE, 0xCEF0,
    0xCEF1, 0xC996, 0xCEF2, 0xCEF3, 0xC96B, 0xCEF4, 0xCEF5, 0xC999, 0xCEF6, 0xCEF7, 0xCEF8, 0xCEF9, 0xCEF9, 0xCEFA, 0xCEFB, 0xCEFC,
    0xCEFD, 0xCEFE, 0xCEFF, 0xCF00, 0xCF01, 0xCF02, 0xCF03, 0xCF04, 0xCF05, 0xCF06, 0xCF07, 0xCF08, 0xCF09, 0xCF0A, 0xCF0B, 0xCF0C,
    0xCF0D, 0xCF0E, 0xCF0F, 0xCF10, 0xCF11, 0xCF12, 0xCF13, 0xCF14, 0xC99F, 0xCF15, 0xCF16, 0xCF17, 0xCF18, 0xCF19, 0xCF1A, 0xCF1B,
    0xCF1C, 0xCF1D, 0xCF1E, 0xCF1F, 0xCF20, 0xCF21, 0xCF22, 0xCF23, 0xCF24, 0xCE4E, 0xCF25, 0xCF26, 0xCF27, 0xCF28, 0xCF29, 0xCF2A,
    0xCF2B, 0xCF2C, 0xCF2D, 0xCF2E, 0xCF2F, 0xCF30, 0xC8D5, 0xCF31, 0xCF32, 0xCF33, 0xCF34, 0xCF35, 0xCF36, 0xC9A2, 0xCF37, 0xCF38,
    0xCF39, 0xCF3A, 0xCF3B, 0xCF3C, 0xCF3D, 0xCF3E, 0xCF3F, 0xCF40, 0xCF41, 0xCF42, 0xCF43, 0xCF44, 0xCF45, 0xCF46, 0xCF47, 0xCF48,
    0xCF49, 0xCF4A, 0xC89A, 0xCF4B, 0xCF4C, 0xCF4D, 0xCF4E, 0xCF4F, 0xCF50, 0xC9E5, 0xCF51, 0xCF52, 0xCF53, 0xCF54, 0xCF55, 0xCF56,
    0xCF57, 0xCF58, 0xC515, 0xCF59, 0xCF5A, 0xCF5B, 0xCF5C, 0xCF5D, 0xCF5E, 0xCF5F, 0xCF60, 0xCF61, 0xCF62, 0xCF63, 0xC9EA, 0xC9EB,
    0xC51C, 0xCF64, 0xCF65, 0xCF66, 0xCF67, 0xCF68, 0xCF69, 0xCF6A, 0xCF6B, 0xCF6C, 0xCF6D, 0xCF6E, 0xCF6F, 0xC9EC, 0xCF70, 0xCF71,
    0xCF72, 0xCF73, 0xCF74, 0xCF75, 0xCF76, 0xCF77, 0xCF78, 0xCF79, 0xCF7A, 0xCF7B, 0xCF7C, 0xCF7D, 0xCF7E, 0xCF7F, 0xCF80, 0xCF81,
    0xCF82, 0xCF83, 0xCF84, 0xCF85, 0xCF86, 0xCF87, 0xCF88, 0xCF89, 0xCF8A, 0xCF8B, 0xCF8C, 0xCF8D, 0xC9F2, 0xC9F2, 0xCF8E, 0xCF8F,
    0xCF90, 0xCF91, 0xCF92, 0xCF93, 0xCF94, 0xCF95, 0xCF96, 0xCF97, 0xC9F3, 0xCF98, 0xCF99, 0xCF9A, 0xCF9B, 0xCF9C, 0xCF9D, 0xCF9E,
    0xCF9F, 0xCFA0, 0xCFA1, 0xC54C, 0xCFA2, 0xC550, 0xCFA3, 0xCFA4, 0xCFA5, 0xCFA6, 0xC555, 0xCFA7, 0x8000, 0x8000, 0x8000, 0x8000,
    0x8000, 0x8000, 0x8000, 0x8000, 0x8000, 0x8000, 0x8000, 0x8000, 0x8000, 0x8000, 0x8000, 0x8000, 0x8000, 0x8000, 0x8000, 0x8000,
    0x8000, 0x8000, 0x8000, 0x8000, 0x8000, 0x8000, 0x8000, 0x8000, 0x8000, 0x8000, 0x8000, 0x8000, 0x8000, 0x8000, 0x0, 0x0,
    0x0, 0x0, 0x0, 0x0, 0x0, 0x0, 0x0, 0x0, 0x0, 0x8000, 0x8000, 0x8000, 0x8000, 0x8000, 0x0, 0x0,
    0x0, 0x0, 0x0, 0x0, 0x0, 0x0, 0x0, 0x0, 0x0, 0x0, 0x0, 0x0, 0x0, 0x0, 0x0, 0x0,
    0x0, 0x0, 0x0, 0x0, 0x0, 0x0, 0x0, 0x0, 0x0, 0x0, 0x0, 0x0, 0x0, 0x0, 0x0, 0x0,
    0x0, 0x0, 0x0, 0x0, 0x0, 0x0, 0x0, 0x0, 0x0, 0x0, 0x0, 0x0, 0x0, 0x0, 0x6000, 0x6000,
    0x6000, 0x6000, 0x6000, 0x6000, 0x6000, 0x6000, 0x6000, 0x6000, 0x6000, 0x6000, 0x6000, 0x6000, 0x6000, 0x6000, 0x6000, 0x6000,
    0x6000, 0x6000, 0x6000, 0x6000, 0x6000, 0x6000, 0x6000, 0x6000, 0x6000, 0x6000, 0x6000, 0x6000, 0x6000, 0x6000, 0x6000, 0x6000,
    0x6000, 0x6000, 0x6000, 0x6000, 0x6000, 0x6000, 0x6000, 0x6000, 0x6000, 0x6000, 0x6000, 0x6000, 0x6000, 0x6000, 0x6000, 0x6000,
    0x6000, 0x6000, 0x6000, 0x6000, 0x6000, 0x6000, 0x6000, 0x6000, 0x6000, 0x6000, 0x6000, 0x6000, 0x6000, 0x6000, 0x8000, 0x8000,
    0x8000, 0x8000, 0x8000, 0x8000, 0x8000, 0x8000, 0x8000, 0x8000, 0x8000, 0x8000, 0x8000, 0x8000, 0x8000, 0x8000,
};

const uint32_t cswift_idna_mapped_slices[4008] = {
    0x1, 0x101, 0x201, 0x301, 0x401, 0x501, 0x601, 0x701, 0x801, 0x901, 0xA01, 0xB01, 0xC01, 0xD01, 0xE01, 0xF01,
    0x1001, 0x1101, 0x1201, 0x1301, 0x1401, 0x1501, 0x1601, 0x1701, 0x1801, 0x1901, 0x1A01, 0x1B03, 0x1E03, 0x2101, 0x2201, 0x2303,
    0x2602, 0x2803, 0x2B01, 0x2C05, 0x3105, 0x3605, 0x3B02, 0x3D02, 0x3F02, 0x4102, 0x4302, 0x4502, 0x4702, 0x4902, 0x4B02, 0x4D02,
    0x4F02, 0x5102, 0x5302, 0x5502, 0x5702, 0x5902, 0x5B02, 0x5D02, 0x5F02, 0x6102, 0x6302, 0x6502, 0x6702, 0x6902, 0x6B02, 0x6D02,
    0x6F02, 0x7102, 0x7302, 0x7502, 0x7702, 0x7902, 0x7B02, 0x7D02, 0x7F02, 0x8102, 0x8302, 0x8502, 0x8702, 0x8902, 0x8B02, 0x8D02,
    0x8F02, 0x9102, 0x9302, 0x9502, 0x9702, 0x9902, 0x9B02, 0x9D02, 0x9F02, 0xA102, 0xA302, 0xA502, 0xA702, 0xA903, 0x802, 0xAC02,
    0xAE02, 0xB002, 0xB202, 0xB402, 0xB603, 0xB902, 0xBB02, 0xBD02, 0xBF02, 0xC103, 0xC402, 0xC602, 0xC802, 0xCA02, 0xCC02, 0xCE02,
    0xD002, 0xD202, 0xD402, 0xD602, 0xD802, 0xDA02, 0xDC02, 0xDE02, 0xE002, 0xE202, 0xE402, 0xE602, 0xE802, 0xEA02, 0xEC02, 0xEE02,
    0xF002, 0xF202, 0xF402, 0xF602, 0xF802, 0xFA02, 0xFC02, 0xFE02, 0x10002, 0x10202, 0x10402, 0x10602, 0x10802, 0x10A02, 0x10C02, 0x10E02,
    0x11002, 0x11202, 0x11402, 0x11602, 0x11802, 0x11A02, 0x11C02, 0x11E02, 0x12002, 0x12202, 0x12402, 0x12602, 0x12802, 0x12A02, 0x12C02, 0x12E02,
    0x13002, 0x13202, 0x13402, 0x13602, 0x13802, 0x13A02, 0x13C02, 0x13E02, 0x14002, 0x14203, 0x14502, 0x14702, 0x14902, 0x14B02, 0x14D02, 0x14F02,
    0x15102, 0x15302, 0x15502, 0x15702, 0x15902, 0x15B02, 0x15D02, 0x15F02, 0x16102, 0x16302, 0x16502, 0x16702, 0x16902, 0x16B02, 0x16D02, 0x16F02,
    0x17102, 0x17302, 0x17502, 0x17702, 0x17902, 0x17B02, 0x17D02, 0x17F02, 0x18102, 0x18302, 0x18502, 0x18702, 0x18902, 0x18B02, 0x18D02, 0x18F02,
    0x19102, 0x19302, 0x19502, 0x19702, 0x19902, 0x19B02, 0x19D02, 0x19F02, 0x1A102, 0x1A302, 0x1A502, 0x1A702, 0x1A902, 0x1AB02, 0x1AD02, 0x1AF03,
    0x1B202, 0x1B402, 0x1B603, 0x1B902, 0x1BB02, 0x1BD02, 0x1BF02, 0x1C102, 0x1C302, 0x1C502, 0x1C702, 0x1C902, 0x1CB02, 0x1CD02, 0x1CF02, 0x1D102,
    0x1D303, 0x1D603, 0x1D903, 0x1DC03, 0x1DF03, 0x1E203, 0x1E502, 0x1E702, 0x2402, 0x1E902, 0x1EB04, 0x1EF02, 0x1F102, 0x1F302, 0x1F502, 0x1F702,
    0x1F903, 0x1FC01, 0x1FD02, 0x1FF05, 0x20402, 0xB702, 0x20602, 0x20802, 0x20A02, 0x20C02, 0x20E02, 0x21002, 0x21202, 0x21402, 0x21602, 0x21802,
    0x21A02, 0x21C02, 0x21E02, 0x22002, 0x22202, 0x22402, 0x22602, 0x22802, 0x22A02, 0x22C02, 0x22E02, 0x23002, 0x23202, 0x23402, 0x23602, 0x23802,
    0x23A02, 0x23C02, 0x23E02, 0x24002, 0x24202, 0x24402, 0x24602, 0x24802, 0x24A02, 0x24C02, 0x24E02, 0x25002, 0x25202, 0x25402, 0x25602, 0x25802,
    0x25A02, 0x25C02, 0x25E02, 0x26002, 0x26202, 0x26402, 0x26602, 0x26802, 0x26A02, 0x26C02, 0x26E02, 0x27002, 0x27202, 0x27402, 0x27602, 0x27802,
    0x27A02, 0x27C02, 0x27E02, 0x28002, 0x28202, 0x28402, 0x28602, 0x28802, 0x28A02, 0x28C02, 0x28E02, 0x29002, 0x29202, 0x29402, 0x29602, 0x29802,
    0x29A02, 0x29C02, 0x29E02, 0x2A002, 0x2A202, 0x2A402, 0x2A602, 0x2A802, 0x2AA02, 0x2AC02, 0x2AE02, 0x2B002, 0x2B202, 0x2B402, 0x2B602, 0x2B802,
    0x2BA02, 0x2BC02, 0x2BE02, 0x2C002, 0x2C202, 0x2C402, 0x2C602, 0x2C802, 0x2CA02, 0x2CC02, 0x2CE02, 0x2D002, 0x2D202, 0x2D402, 0x2D602, 0x2D802,
    0x2DA02, 0x2DC02, 0x2DE02, 0x2E002, 0x2E202, 0x2E402, 0x2E602, 0x2E802, 0x2EA02, 0x2EC02, 0x2EE02, 0x2F002, 0x2F202, 0x2F402, 0x2F602, 0x2F802,
    0x2FA02, 0x2FC02, 0x2FE02, 0x30002, 0x30202, 0x30402, 0x30602, 0x30802, 0x30A02, 0x30C02, 0x30E02, 0x31002, 0x31202, 0x31402, 0x31602, 0x31802,
    0x31A02, 0x31C02, 0x31E02, 0x32002, 0x32202, 0x32402, 0x32602, 0x32802, 0x32A02, 0x32C02, 0x32E02, 0x33002, 0x33202, 0x33402, 0x33602, 0x33802,
    0x33A02, 0x33C02, 0x33E02, 0x34002, 0x34202, 0x34402, 0x34602, 0x34802, 0x34A02, 0x34C02, 0x34E02, 0x35002, 0x35202, 0x35402, 0x35602, 0x35802,
    0x35A02, 0x35C02, 0x35E02, 0x36002, 0x36202, 0x36402, 0x36602, 0x36802, 0x36A02, 0x36C02, 0x36E02, 0x37002, 0x37202, 0x37402, 0x37602, 0x37802,
    0x37A02, 0x37C02, 0x37E02, 0x38002, 0x38202, 0x38402, 0x38602, 0x38802, 0x38A02, 0x38C02, 0x38E02, 0x39002, 0x39202, 0x39402, 0x39602, 0x39802,
    0x39A02, 0x39C02, 0x39E02, 0x3A002, 0x3A202, 0x3A402, 0x3A602, 0x3A802, 0x3AA02, 0x3AC02, 0x3AE02, 0x3B002, 0x3B202, 0x3B402, 0x3B602, 0x3B802,
    0x3BA02, 0x3BC02, 0x3BE02, 0x3C002, 0x3C202, 0x3C402, 0x3C602, 0x3C802, 0x3CA02, 0x3CC02, 0x3CE02, 0x3D002, 0x3D202, 0x3D402, 0x3D602, 0x3D802,
    0x3DA04, 0x3DE04, 0x3E204, 0x3E604, 0x3EA04, 0x3EE06, 0x3F406, 0x3FA06, 0x40006, 0x40606, 0x40C06, 0x41206, 0x41806, 0x41E06, 0x42406, 0x42A06,
    0x43006, 0x43606, 0x43C06, 0x44206, 0x44806, 0x44E06, 0x45406, 0x45A06, 0x46006, 0x46606, 0x46C06, 0x47206, 0x47803, 0x47B06, 0x48106, 0x48706,
    0x48D06, 0x49306, 0x49906, 0x49F06, 0x4A506, 0x4AB06, 0x4B109, 0x4BA06, 0x4C009, 0x4B406, 0x4C906, 0x4CF06, 0x4D506, 0x4DB06, 0x4E106, 0x4E706,
    0x4ED03, 0x4F003, 0x4F303, 0x4F603, 0x4F903, 0x4FC03, 0x4FF03, 0x50203, 0x50503, 0x50803, 0x50B03, 0x50E03, 0x51103, 0x51403, 0x51703, 0x51A03,
    0x51D03, 0x52003, 0x52303, 0x52603, 0x52903, 0x52C03, 0x52F03, 0x53203, 0x53503, 0x53803, 0x53B03, 0x53E03, 0x54103, 0x54403, 0x54703, 0x54A03,
    0x54D03, 0x55003, 0x55303, 0x55603, 0x55903, 0x55C03, 0x55F03, 0x56203, 0x56503, 0x56803, 0x56B03, 0x56E03, 0x57103, 0x57403, 0x57703, 0x57A03,
    0x57D03, 0x58003, 0x58303, 0x58603, 0x58903, 0x58C03, 0x58F03, 0x59203, 0x59503, 0x59803, 0x59B03, 0x59E03, 0x5A103, 0x5A403, 0x5A703, 0x5AA03,
    0x5AD03, 0x5B003, 0x5B303, 0x5B603, 0x5B903, 0x5BC03, 0x5BF03, 0x5C203, 0x5C503, 0x5C803, 0x5CB03, 0x5CE03, 0x5D103, 0x5D403, 0x5D703, 0x5DA03,
    0x5DD03, 0x5E003, 0x5E303, 0x5E603, 0x5E903, 0x5EC03, 0x5EF03, 0x5F203, 0x5F503, 0x5F803, 0x5FB03, 0x5FE03, 0x60103, 0x60403, 0x60702, 0x60902,
    0x60B03, 0x60E02, 0x61003, 0x61303, 0x61603, 0x61903, 0x61C02, 0x61E02, 0x62002, 0x62202, 0x62402, 0x62602, 0x62803, 0x62B02, 0x62D02, 0x62F03,
    0x63202, 0x63402, 0x63602, 0x63802, 0x63A02, 0x63C02, 0x63E02, 0x64002, 0x64203, 0x64502, 0x64702, 0x64903, 0x64C03, 0x64F03, 0x65203, 0x65503,
    0x65803, 0x65B03, 0x65E03, 0x66103, 0x66403, 0x66703, 0x66A03, 0x66D03, 0x67003, 0x67303, 0x67603, 0x67903, 0x67C03, 0x67F03, 0x68203, 0x68503,
    0x68803, 0x68B03, 0x68E03, 0x69103, 0x69403, 0x69703, 0x69A03, 0x69D03, 0x6A003, 0x6A303, 0x6A603, 0x6A903, 0x6AC03, 0x6AF03, 0x6B203, 0x6B503,
    0x6B803, 0x6BB03, 0x6BE03, 0x6C103, 0x6C403, 0x6C703, 0x6CA03, 0x6CD03, 0x6D003, 0x6D303, 0x6D603, 0x6D903, 0x6DC03, 0x6DF03, 0x6E203, 0x6E503,
    0x6E803, 0x6EB03, 0x6EE03, 0x6F103, 0x6F403, 0x6F703, 0x6FA03, 0x6FD03, 0x70003, 0x70303, 0x70603, 0x70903, 0x70C03, 0x70F03, 0x71203, 0x71503,
    0x71803, 0x71B03, 0x71E03, 0x72103, 0x72403, 0x72703, 0x72A03, 0x72D02, 0x72F03, 0x73203, 0x73503, 0x73803, 0x73B03, 0x73E03, 0x74103, 0x74403,
    0x74703, 0x74A03, 0x74D03, 0x75003, 0x75303, 0x75603, 0x75903, 0x75C03, 0x75F03, 0x76203, 0x76503, 0x76803, 0x76B03, 0x76E03, 0x77103, 0x77403,
    0x77703, 0x77A03, 0x77D03, 0x78003, 0x78303, 0x78603, 0x78903, 0x78C03, 0x78F03, 0x79203, 0x79503, 0x79803, 0x79B03, 0x79E03, 0x7A103, 0x7A403,
    0x7A703, 0x7AA03, 0x7AD03, 0x7B003, 0x7B303, 0x7B603, 0x7B903, 0x7BC03, 0x7BF03, 0x7C203, 0x7C503, 0x7C803, 0x7CB03, 0x7CE03, 0x7D103, 0x7D403,
    0x7D703, 0x7DA03, 0x7DD03, 0x7E003, 0x7E303, 0x7E603, 0x7E903, 0x7EC03, 0x7EF03, 0x7F203, 0x7F503, 0x7F803, 0x7FB03, 0x7FE03, 0x80103, 0x80403,
    0x80703, 0x80A03, 0x80D03, 0x81003, 0x81303, 0x81603, 0x81903, 0x81C03, 0x81F03, 0x82203, 0x82503, 0x82803, 0x82B03, 0x82E03, 0x83103, 0x83403,
    0x83703, 0x83A03, 0x83D03, 0x84003, 0x84303, 0x84603, 0x84903, 0x84C03, 0x84F05, 0x85405, 0x85905, 0x85E05, 0x86305, 0x86805, 0x86D05, 0x87205,
    0x87705, 0x87C05, 0x88105, 0x88605, 0x88B05, 0x89005, 0x89505, 0x89A05, 0x89F05, 0x8A405, 0x8A905, 0x8AE05, 0x8B305, 0x8B805, 0x8BD05, 0x8C205,
    0x8C705, 0x8CC04, 0x8D004, 0x8D405, 0x8D903, 0x8DC03, 0x8C703, 0x8DF03, 0x8E203, 0x8E505, 0x8EA05, 0x8EF04, 0x8F304, 0x8F705, 0x8FC03, 0x8EA03,
    0x8FF05, 0x90405, 0x90905, 0x90E02, 0x91003, 0x91303, 0x91603, 0x91905, 0x91E05, 0x92305, 0x92802, 0x92A03, 0x92D03, 0x93003, 0x93303, 0x93605,
    0x93B01, 0x93C05, 0x94104, 0x94504, 0x94905, 0x94E03, 0x93C03, 0x91903, 0x0, 0x95103, 0x95403, 0x95706, 0x95D09, 0x96606, 0x96C09, 0x97502,
    0x97703, 0x97A02, 0x97C02, 0x97E02, 0x9570C, 0x98001, 0x3001, 0x98101, 0x98201, 0x98301, 0x98401, 0x98501, 0x98601, 0x98703, 0x98A01, 0x98B01,
    0x98C01, 0x1102, 0x98D03, 0x99003, 0x99303, 0x99603, 0x99903, 0x99C03, 0xD02, 0x99F02, 0x9A103, 0x9A402, 0x9A603, 0x9A902, 0x9AB02, 0x9AD02,
    0x9AF02, 0x9B103, 0x9B403, 0x9B705, 0x9BC05, 0x9C106, 0x9C705, 0x9CC05, 0x9D105, 0x9D605, 0x9DB05, 0x9E005, 0x9E505, 0x9EA05, 0x9EF05, 0x9F405,
    0x9F905, 0x9FE05, 0x2C04, 0xA0302, 0xA0503, 0xA0802, 0xA0A02, 0xA0C03, 0xA0F04, 0xA1302, 0xA1502, 0xA1703, 0xA1A03, 0xA1D05, 0xA2206, 0xA2809,
    0xA3106, 0xA3709, 0xA4003, 0xA4303, 0x9C502, 0x2B02, 0xA4602, 0xA4802, 0xA4A02, 0xA4C02, 0xA4E02, 0xA5002, 0xA5202, 0xA5402, 0xA5602, 0xA5803,
    0xA5B03, 0xA5E03, 0xA6103, 0xA6403, 0xA6703, 0xA6A03, 0xA6D03, 0xA7003, 0xA7304, 0xA7704, 0xA7B04, 0xA7F04, 0xA8304, 0xA8704, 0xA8B04, 0xA8F04,
    0xA9304, 0xA9704, 0xA9B04, 0xA9F03, 0xAA203, 0xAA503, 0xAA803, 0xAAB03, 0xAAE03, 0xAB103, 0xAB403, 0xAB703, 0xABA03, 0xABD03, 0xAC003, 0xAC303,
    0xAC603, 0xAC903, 0xACC03, 0xACF03, 0xAD203, 0xAD503, 0xAD803, 0xADB03, 0xADE03, 0xAE103, 0xAE403, 0xAE703, 0xAEA03, 0xA220C, 0xAED03, 0xAF002,
    0xAEF03, 0xAF205, 0xAF703, 0xAFA03, 0xAFD03, 0xB0003, 0xB0303, 0xB0603, 0xB0903, 0xB0C03, 0xB0F03, 0xB1203, 0xB1503, 0xB1803, 0xB1B03, 0xB1E03,
    0xB2103, 0xB2403, 0xB2703, 0xB2A03, 0xB2D03, 0xB3003, 0xB3303, 0xB3603, 0xB3903, 0xB3C03, 0xB3F03, 0xB4203, 0xB4503, 0xB4803, 0xB4B03, 0xB4E03,
    0xB5103, 0xB5403, 0xB5703, 0xB5A03, 0xB5D03, 0xB6003, 0xB6303, 0xB6603, 0xB6903, 0xB6C03, 0xB6F03, 0xB7203, 0xB7503, 0xB7803, 0xB7B03, 0xB7E03,
    0xB8103, 0xB8403, 0xB8703, 0xB8A02, 0xB8C03, 0xB8F02, 0xB9103, 0xB9403, 0xB9703, 0xB9A03, 0xB9D03, 0xBA002, 0xBA202, 0xBA403, 0xBA703, 0xBAA03,
    0xBAD03, 0xBB003, 0xBB303, 0xBB603, 0xBB903, 0xBBC03, 0xBBF03, 0xBC203, 0xBC503, 0xBC803, 0xBCB03, 0xBCE03, 0xBD103, 0xBD403, 0xBD703, 0xBDA03,
    0xBDD03, 0xBE003, 0xBE303, 0xBE603, 0xBE903, 0xBEC03, 0xBEF03, 0xBF203, 0xBF503, 0xBF803, 0xBFB03, 0xBFE03, 0xC0103, 0xC0403, 0xC0703, 0xC0A03,
    0xC0D03, 0xC1003, 0xC1303, 0xC1603, 0xC1903, 0xC1C03, 0xC1F03, 0xC2203, 0xC2503, 0xC2803, 0xC2B03, 0xC2E03, 0xC3103, 0xC3403, 0xC3703, 0xC3A03,
    0xC3D03, 0xC4003, 0xC4303, 0xC4603, 0xC4903, 0xC4C03, 0xC4F03, 0xC5203, 0xC5503, 0xC5803, 0xC5B03, 0xC5E03, 0xC6103, 0xC6403, 0xC6703, 0xC6A03,
    0xC6D03, 0xC7003, 0xC7303, 0xC7603, 0xC7903, 0xC7C03, 0xC7F03, 0xC8203, 0xC8503, 0xC8803, 0xC8B03, 0xC8E03, 0xC9103, 0xC9403, 0xC9703, 0xC9A03,
    0xC9D03, 0xCA003, 0xCA303, 0xCA603, 0xCA903, 0xCAC03, 0xCAF03, 0xCB203, 0xCB503, 0xCB803, 0xCBB03, 0xCBE03, 0xCC103, 0xCC403, 0xCC703, 0xCCA03,
    0xCCD03, 0xCD003, 0xCD303, 0xCD603, 0xCD903, 0xCDC03, 0xCDF03, 0xCE203, 0xCE503, 0xCE803, 0xCEB03, 0xCEE03, 0xCF103, 0xCF403, 0xCF703, 0xCFA03,
    0xCFD03, 0xD0003, 0xD0303, 0xD0603, 0xD0903, 0xD0C03, 0xD0F03, 0xD1203, 0xD1503, 0xD1803, 0xD1B03, 0xD1E03, 0xD2103, 0xD2403, 0xD2703, 0xD2A03,
    0xD2D03, 0xD3003, 0xD3303, 0xD3603, 0xD3903, 0xD3C03, 0xD3F03, 0xD4203, 0xD4503, 0xD4803, 0xD4B03, 0xD4E03, 0xD5103, 0xD5403, 0xD5703, 0xD5A03,
    0xD5D03, 0xD6003, 0xD6303, 0xD6603, 0xD6903, 0xD6C03, 0xD6F03, 0xD7203, 0xD7503, 0xD7803, 0xD7B03, 0xD7E03, 0xD8103, 0xD8403, 0xD8703, 0xD8A03,
    0xD8D03, 0xD9003, 0xD9303, 0xD9603, 0xD9903, 0xD9C03, 0xD9F03, 0xDA203, 0xDA503, 0xDA803, 0xDAB03, 0xDAE03, 0xDB103, 0xDB403, 0xDB703, 0xDBA03,
    0xDBD03, 0xDC003, 0xDC303, 0xDC603, 0xDC903, 0xDCC03, 0xDCF03, 0xDD203, 0xDD503, 0xDD803, 0xDDB03, 0xDDE03, 0xDE103, 0xDE403, 0xDE703, 0xDEA03,
    0xDED03, 0xDF003, 0xDF303, 0xDF603, 0xDF903, 0xDFC03, 0xDFF03, 0xE0203, 0xE0503, 0xE0803, 0xE0B03, 0xE0E03, 0xE1103, 0xE1403, 0xE1703, 0xE1A03,
    0xE1D03, 0xE2003, 0xE2303, 0xE2603, 0xE2903, 0xE2C03, 0xE2F03, 0xE3203, 0xE3503, 0xE3803, 0xE3B03, 0xE3E03, 0xE4103, 0xE4403, 0xE4703, 0xE4A03,
    0xE4D03, 0xE5003, 0xE5303, 0xE5603, 0xE5903, 0xE5C03, 0xE5F03, 0xE6203, 0xE6503, 0xE6803, 0xE6B03, 0xE6E03, 0xE7103, 0xE7403, 0xE7703, 0xE7A03,
    0xE7D03, 0xE8003, 0xE8303, 0xE8603, 0xE8903, 0xE8C03, 0xE8F03, 0xE9203, 0xE9503, 0xE9803, 0xE9B03, 0xE9E03, 0xEA103, 0xEA403, 0xEA703, 0xEAA03,
    0xEAD03, 0xEB003, 0xEB303, 0xEB603, 0xEB903, 0xEBC03, 0xEBF03, 0xEC203, 0xEC503, 0xEC803, 0xECB03, 0xECE01, 0xECF03, 0xED203, 0xED503, 0xED804,
    0xEDC04, 0xEE006, 0xEE606, 0xEEC03, 0xEEF03, 0xEF203, 0xEF503, 0xEF803, 0xEFB03, 0xEFE03, 0xF0103, 0xF0403, 0xF0703, 0xF0A03, 0xF0D03, 0xF1003,
    0xF1303, 0xF1603, 0xF1903, 0xF1C03, 0xF1F03, 0xF2203, 0xF2503, 0xF2803, 0xF2B03, 0xF2E03, 0xF3103, 0xF3403, 0xF3703, 0xF3A03, 0xF3D03, 0xF4003,
    0xF4303, 0xF4603, 0xF4903, 0xF4C03, 0xF4F03, 0xF5203, 0xF5503, 0xF5803, 0xF5B03, 0xF5E03, 0xF6103, 0xF6403, 0xF6703, 0xF6A03, 0xF6D03, 0xF7003,
    0xF7303, 0xF7603, 0xF7903, 0xF7C03, 0xF7F03, 0xF8203, 0xF8503, 0xF8803, 0xF8B03, 0xF8E03, 0xF9103, 0xF9403, 0xF9703, 0xF9A03, 0xF9D03, 0xFA003,
    0xFA303, 0xFA603, 0xFA903, 0xFAC03, 0xFAF03, 0xFB203, 0xFB503, 0xFB803, 0xFBB03, 0xFBE03, 0xFC103, 0xFC403, 0xFC703, 0xFCA03, 0xFCD03, 0xFD003,
    0xFD303, 0xFD603, 0xFD903, 0xFDC03, 0xFDF03, 0xFE203, 0xFE503, 0xFE803, 0xFEB03, 0xFEE03, 0xFF103, 0xFF403, 0xFF703, 0xFFA03, 0xFFD03, 0x100003,
    0x100303, 0x100603, 0x100903, 0x100C03, 0x100F03, 0x101203, 0x101503, 0x101803, 0x101B03, 0x101E03, 0x102105, 0x102605, 0x102B05, 0x103005, 0x103505, 0x103A05,
    0x103F05, 0x104405, 0x104905, 0x104E05, 0x105305, 0x105805, 0x105D05, 0x106205, 0x106705, 0x106C05, 0x107105, 0x107605, 0x107B05, 0x108005, 0x108505, 0x108A05,
    0x108F05, 0x109405, 0x109905, 0x109E05, 0x10A305, 0x10A805, 0x10AD05, 0x10B208, 0x10BA08, 0x10C205, 0x10C705, 0x10CC05, 0x10D105, 0x10D605, 0x10DB05, 0x10E005,
    0x10E505, 0x10EA05, 0x10EF05, 0x10F405, 0x10F905, 0x10FE05, 0x110305, 0x110805, 0x110D05, 0x111205, 0x111705, 0x111C05, 0x112105, 0x112605, 0x112B05, 0x113005,
    0x113505, 0x113A05, 0x113F05, 0x114405, 0x114905, 0x114E05, 0x115305, 0x115805, 0x115D05, 0x116205, 0x116705, 0x116C05, 0x117105, 0x117603, 0x117903, 0x117C03,
    0x117F03, 0xA4702, 0x118202, 0x2102, 0x118402, 0x118602, 0x118802, 0x118A02, 0x118C02, 0x118E02, 0x119002, 0x9D002, 0x9CB02, 0x119202, 0x119402, 0x119602,
    0x106803, 0x106D03, 0x107203, 0x107703, 0x107C03, 0x108103, 0x108603, 0x108B03, 0x109003, 0x109503, 0x109A03, 0x109F03, 0x10A403, 0x10A903, 0x119806, 0x119E06,
    0x11A403, 0x10D703, 0x10DC03, 0x10E103, 0x10EB03, 0x111803, 0x111D03, 0x112203, 0x112703, 0x112C03, 0x113103, 0x113603, 0x113B03, 0x11A703, 0x11AA03, 0x11AD03,
    0x11B003, 0x11B303, 0x11B603, 0x11B903, 0x116803, 0x11BC03, 0x11BF03, 0x11C203, 0x11C503, 0x11C803, 0x11CB03, 0x114A03, 0x114F03, 0x115403, 0x115903, 0x115E03,
    0x11CE03, 0x11D102, 0x11D302, 0x11D502, 0x11D702, 0x11D902, 0x3002, 0x118502, 0x119502, 0x11DB02, 0x11DD02, 0x11DF02, 0x11E102, 0x11E302, 0x11E502, 0x11E702,
    0x11E904, 0x11ED04, 0x11F104, 0x11F504, 0x11F904, 0x11FD04, 0x120104, 0x120504, 0x120904, 0x120D05, 0x121205, 0x121705, 0x121C02, 0x121E03, 0x122102, 0x122303,
    0x122603, 0x122903, 0x122C03, 0x122F03, 0x123203, 0x123503, 0x123803, 0x123B03, 0x123E03, 0xEE603, 0x124103, 0x124403, 0x124703, 0x124A03, 0x124D03, 0x125003,
    0x125303, 0x125603, 0x125903, 0xEE903, 0x125C03, 0x125F03, 0x126203, 0x126503, 0x126803, 0x126B03, 0x126E03, 0x127103, 0x127403, 0x127703, 0x127A03, 0x127D03,
    0x128003, 0x128303, 0x128603, 0x128903, 0x128C03, 0x128F03, 0x129203, 0x129503, 0x129803, 0x129B03, 0x129E03, 0x12A103, 0x12A403, 0x12A703, 0x12AA03, 0x12AD06,
    0x12B30C, 0x12BF0C, 0x12CB0C, 0x12D709, 0x12E00C, 0x12EC09, 0x12F509, 0x12FE0F, 0x130D0C, 0x131909, 0x132209, 0x132B09, 0x13340C, 0x13400C, 0x134C09, 0x135509,
    0x135E06, 0x136409, 0x136D0C, 0x13790C, 0x138506, 0x138B0F, 0x139A12, 0x13AC0F, 0x139109, 0x13BB0F, 0x13CA0F, 0x13D90C, 0x13E509, 0x13EE09, 0x13F709, 0x14000C,
    0x140C0F, 0x141B0C, 0x142709, 0x143009, 0x143909, 0x144206, 0x144806, 0x13C406, 0x144E06, 0x145409, 0x145D09, 0x14660F, 0x147509, 0x147E0C, 0x148A0F, 0x149909,
    0x14A206, 0x14A806, 0x14AE0F, 0x14BD0C, 0x14C90F, 0x14D809, 0x14E10F, 0x14F006, 0x14F609, 0x14FF09, 0x150809, 0x151109, 0x151A09, 0x15230C, 0x152F09, 0x153806,
    0x153E09, 0x154709, 0x155009, 0x15590C, 0x156509, 0x156E09, 0x157709, 0x15800F, 0x158F0C, 0x159B06, 0x15A10F, 0x15B006, 0x15B60C, 0x13A00C, 0x15C209, 0x15CB09,
    0x15D409, 0x15DD0C, 0x15E906, 0x15EF09, 0x15F80C, 0x160406, 0x160A0F, 0x13B209, 0x161904, 0x161D04, 0x162104, 0x162504, 0x162904, 0x162D04, 0x163104, 0x163504,
    0x163904, 0x163D04, 0x164105, 0x164605, 0x164B05, 0x165005, 0x165505, 0x165A05, 0x165F05, 0x166405, 0x166905, 0x166E05, 0x167305, 0x167805, 0x167D05, 0x168205,
    0x168705, 0x168C03, 0x168F02, 0x169102, 0x169303, 0x169602, 0x169802, 0x169A02, 0x169C03, 0x169F03, 0x16A202, 0x16A406, 0x16AA06, 0x16B006, 0x16B606, 0x16BC0C,
    0x168D02, 0x16C802, 0x16CA03, 0x16CD02, 0x16CF02, 0x16D102, 0x16D302, 0x16D502, 0x16D703, 0x16DA04, 0x16DE02, 0x16E002, 0x16E203, 0x16E503, 0x16E802, 0x16EA02,
    0x16EC02, 0x16EE03, 0x16F103, 0x16EB03, 0x16F403, 0x16F703, 0x16FA02, 0x16FC02, 0xA02, 0x16FE02, 0x170002, 0x170203, 0x170502, 0x170702, 0x170902, 0x170B03,
    0x170E03, 0x169D02, 0x171103, 0x171403, 0x171703, 0x16A002, 0x171A03, 0x171D05, 0x172206, 0x172803, 0x172B03, 0x172E03, 0x173103, 0x173407, 0x173B08, 0x174302,
    0x174502, 0x174703, 0x174A02, 0x174C02, 0x174E02, 0x175003, 0x175302, 0x175502, 0x175702, 0x175902, 0x175B03, 0x175E02, 0x176002, 0x176203, 0x176503, 0x176802,
    0x99502, 0x202, 0x176A06, 0x177002, 0x177202, 0x177402, 0x168C02, 0x177602, 0x177802, 0x177A02, 0xB02, 0x177C02, 0x177E03, 0x178102, 0x178303, 0x178603,
    0x178902, 0x178B03, 0x178E02, 0x173A02, 0x179002, 0x179202, 0x179405, 0x179905, 0x179E04, 0x17A204, 0x17A604, 0x17AA04, 0x17AE04, 0x17B204, 0x17B604, 0x17BA04,
    0x17BE04, 0x17C205, 0x17C705, 0x17CC05, 0x17D105, 0x17D605, 0x17DB05, 0x17E005, 0x17E505, 0x17EA05, 0x17EF05, 0x17F405, 0x17F905, 0x17FE05, 0x180305, 0x180805,
    0x180D05, 0x181205, 0x181705, 0x181C05, 0x182105, 0x182605, 0x182B05, 0x183003, 0x183303, 0x183603, 0x183903, 0x183C03, 0x183F03, 0x184203, 0x184503, 0x184803,
    0x184B03, 0x184E03, 0x185103, 0x185403, 0x185703, 0x185A03, 0x185D03, 0x186003, 0x186303, 0x186603, 0x186903, 0x186C03, 0x186F03, 0x187203, 0x187503, 0x187803,
    0x187B03, 0x187E03, 0x188103, 0x188403, 0x188703, 0x188A03, 0x188D03, 0x189003, 0x189303, 0x189603, 0x189903, 0x189C03, 0x189F03, 0x18A203, 0x18A503, 0x18A803,
    0x18AB03, 0x18AE03, 0x18B103, 0x18B403, 0x18B703, 0x18BA03, 0x18BD03, 0x18C003, 0x18C303, 0x18C603, 0x18C903, 0x18CC03, 0x18CF03, 0x18D203, 0x18D503, 0x18D803,
    0x18DB03, 0x18DE03, 0x18E103, 0x18E403, 0x18E703, 0x18EA03, 0x18ED03, 0x18F003, 0x18F303, 0x18F603, 0x18F903, 0x18FC03, 0x18FF03, 0x190203, 0x190503, 0x190803,
    0x190B03, 0x190E03, 0x191103, 0x191403, 0x191703, 0x191A03, 0x191D03, 0x192003, 0x192303, 0x192603, 0x192903, 0x192C03, 0x192F03, 0x193203, 0x193503, 0x193803,
    0x193B03, 0x193E03, 0x194103, 0x194403, 0x194703, 0x194A03, 0x194D03, 0x195002, 0x195202, 0x195402, 0x195603, 0x195903, 0x195C03, 0x195F03, 0x196203, 0x196503,
    0x196803, 0x196B03, 0x196E03, 0x197103, 0x197403, 0x197703, 0x197A03, 0x197D02, 0x197F03, 0x198203, 0x198503, 0x198803, 0x198B03, 0x198E03, 0x199103, 0x199403,
    0x199702, 0x199902, 0x199B02, 0x199D03, 0x19A003, 0x19A303, 0x19A602, 0x19A803, 0x19AB03, 0x19AE03, 0x19B103, 0x19B403, 0x19B703, 0x19BA03, 0x19BD03, 0x19C003,
    0x19C303, 0x19C603, 0x19C903, 0x19CC03, 0x19CF03, 0x19D203, 0x19D503, 0x19D803, 0x19DB03, 0x19DE03, 0x19E103, 0x19E403, 0x19E703, 0x19EA03, 0x19ED03, 0x19F003,
    0x19F303, 0x19F603, 0x19F903, 0x19FC03, 0x19FF03, 0x1A0203, 0x1A0503, 0x1A0803, 0x1A0B03, 0x1A0E03, 0x1A1103, 0x1A1403, 0x1A1703, 0x1A1A03, 0x1A1D03, 0x1A2003,
    0x1A2303, 0x1A2603, 0x1A2903, 0x1A2C03, 0x1A2F03, 0x1A3203, 0x1A3503, 0x1A3803, 0x1A3B03, 0x1A3E03, 0x1A4103, 0x1A4403, 0x1A4703, 0x1A4A03, 0x1A4D03, 0x1A5003,
    0x1A5303, 0x1A5603, 0x1A5903, 0x1A5C03, 0x1A5F03, 0x1A6203, 0x1A6503, 0x1A6803, 0x1A6B03, 0x1A6E03, 0x1A7103, 0x1A7403, 0x1A7703, 0x1A7A03, 0x1A7D03, 0x1A8003,
    0x1A8303, 0x1A8603, 0x1A8903, 0x1A8C03, 0x1A8F03, 0x1A9203, 0x1A9503, 0x1A9803, 0x1A9B03, 0x1A9E03, 0x1AA103, 0x1AA403, 0x1AA703, 0x1AAA03, 0x1AAD03, 0x1AB003,
    0x1AB303, 0x1AB603, 0x1AB903, 0x1ABC03, 0x1ABF03, 0x1AC203, 0x1AC503, 0x1AC803, 0x1ACB03, 0x1ACE03, 0x1AD103, 0x1AD403, 0x1AD703, 0x1ADA03, 0x1ADD03, 0x1AE003,
    0x1AE303, 0x1AE603, 0x1AE903, 0x1AEC03, 0x1AEF03, 0x1AF203, 0x1AF503, 0x1AF803, 0x1AFB03, 0x1AFE03, 0x1B0103, 0x1B0403, 0x1B0703, 0x1B0A03, 0x1B0D03, 0x1B1003,
    0x1B1303, 0x1B1603, 0x1B1903, 0x1B1C03, 0x1B1F03, 0x1B2203, 0x1B2503, 0x1B2803, 0x1B2B03, 0x1B2E03, 0x1B3103, 0x1B3403, 0x1B3703, 0x1B3A03, 0x1B3D03, 0x1B4003,
    0x1B4303, 0x1B4603, 0x1B4903, 0x1B4C03, 0x1B4F03, 0x1B5203, 0x1B5503, 0x1B5803, 0x1B5B03, 0x1B5E03, 0x1B6103, 0x1B6403, 0x1B6703, 0x1B6A03, 0x1B6D03, 0x1B7003,
    0x1B7303, 0x1B7603, 0x1B7903, 0x1B7C03, 0x1B7F03, 0x1B8203, 0x1B8503, 0x1B8803, 0x1B8B03, 0x1B8E03, 0x1B9103, 0x1B9403, 0x1B9703, 0x1B9A03, 0x1B9D03, 0x1BA003,
    0x1BA303, 0x1BA603, 0x1BA903, 0x1BAC03, 0x1BAF03, 0x1BB203, 0x1BB503, 0x1BB803, 0x1BBB03, 0x1BBE03, 0x1BC103, 0x1BC403, 0x1BC703, 0x1BCA03, 0x1BCD03, 0x1BD003,
    0x1BD303, 0x1BD603, 0x1BD903, 0x1BDC03, 0x1BDF03, 0x1BE203, 0x1BE503, 0x1BE803, 0x1BEB03, 0x1BEE03, 0x1BF103, 0x1BF403, 0x1BF703, 0x1BFA03, 0x1BFD03, 0x1C0003,
    0x1C0303, 0x1C0603, 0x1C0903, 0x1C0C03, 0x1C0F03, 0x1C1203, 0x1C1503, 0x1C1803, 0x1C1B03, 0x1C1E03, 0x1C2103, 0x1C2403, 0x1C2703, 0x1C2A03, 0x1C2D03, 0x1C3003,
    0x1C3303, 0x1C3603, 0x1C3903, 0x1C3C03, 0x1C3F03, 0x1C4203, 0x1C4503, 0x1C4803, 0x1C4B03, 0x1C4E03, 0x1C5103, 0x1C5403, 0x1C5703, 0x1C5A03, 0x1C5D03, 0x1C6003,
    0x1C6303, 0x1C6603, 0x1C6903, 0x1C6C03, 0x1C6F03, 0x1C7203, 0x12AD03, 0x1C7503, 0x1C7803, 0x1C7B03, 0x1C7E03, 0x1C8103, 0x1C8403, 0x1C8703, 0x1C8A03, 0x1C8D03,
    0x1C9003, 0x1C9303, 0x1C9603, 0x1C9903, 0x1C9C03, 0x1C9F03, 0x1CA203, 0x1CA503, 0x1CA803, 0x1CAB03, 0x1CAE03, 0x1CB103, 0x1CB403, 0x1CB703, 0x1CBA03, 0x1CBD03,
    0x1CC003, 0x1CC303, 0x1CC603, 0x1CC903, 0x1CCC03, 0x1CCF03, 0x1CD203, 0x1CD503, 0x1CD803, 0x1CDB03, 0x1CDE03, 0x1CE103, 0x1CE403, 0x1CE703, 0x1CEA03, 0x1CED03,
    0x1CF003, 0x1CF303, 0x1CF603, 0x1CF903, 0x1CFC03, 0x1CFF03, 0x1D0203, 0x1D0503, 0x1D0803, 0x1D0B03, 0x1D0E03, 0x1D1103, 0x1D1403, 0x1D1703, 0x1D1A03, 0x1D1D03,
    0x1D2003, 0x1D2303, 0x1D2603, 0x1D2903, 0x1D2C03, 0x1D2F03, 0x1D3203, 0x1D3503, 0x1D3803, 0x1D3B03, 0x1D3E03, 0x1D4103, 0x1D4403, 0x1D4703, 0x1D4A03, 0x1D4D03,
    0x1D5003, 0x1D5303, 0x1D5603, 0x1D5903, 0x1D5C03, 0x1D5F03, 0x1D6203, 0x1D6503, 0x1D6803, 0x1D6B03, 0x1D6E03, 0x1D7103, 0x1D7403, 0x1D7703, 0x1D7A03, 0x1D7D03,
    0x1D8003, 0x1D8303, 0x1D8603, 0x1D8903, 0x1D8C03, 0x1D8F03, 0x1D9203, 0x1D9503, 0x1D9803, 0x1D9B03, 0x1D9E03, 0x1DA103, 0x1DA403, 0x1DA703, 0x1DAA03, 0x1DAD03,
    0x1DB003, 0x1DB303, 0x1DB603, 0x1DB903, 0x1DBC03, 0x1DBF03, 0x1DC203, 0x1DC503, 0x1DC803, 0x1DCB03, 0x1DCE03, 0x1DD103, 0x1DD403, 0x1DD703, 0x1DDA03, 0x1DDD03,
    0x1DE003, 0x1DE303, 0x1DE603, 0x1DE903, 0x1DEC03, 0x1DEF03, 0x1DF203, 0x1DF503, 0x1DF803, 0x1DFB03, 0x1DFE03, 0x1E0103, 0x1E0403, 0x1E0703, 0x1E0A03, 0x1E0D03,
    0x1E1003, 0x1E1303, 0x1E1603, 0x1E1903, 0x1E1C03, 0x1E1F03, 0x1E2203, 0x1E2503, 0x1E2803, 0x1E2B03, 0x1E2E03, 0x1E3103, 0x1E3403, 0x1E3703, 0x1E3A03, 0x1E3D03,
    0x1E4003, 0x1E4303, 0x1E4603, 0x1E4903, 0x1E4C03, 0x1E4F03, 0x1E5203, 0x1E5503, 0x1E5803, 0x1E5B03, 0x1E5E03, 0x1E6103, 0x1E6403, 0x1E6703, 0x1E6A04, 0x1E6E03,
    0x1E7103, 0x1E7403, 0x1E7703, 0x1E7A03, 0x1E7D03, 0x1E8003, 0x1E8303, 0x1E8603, 0x1E8903, 0x1E8C03, 0x1E8F03, 0x1E9203, 0x1E9503, 0x1E9803, 0x1E9B03, 0x1E9E03,
    0x1EA103, 0x1EA403, 0x1EA703, 0x1EAA03, 0x1EAD03, 0x1EB003, 0x1EB303, 0x1EB603, 0x1EB903, 0x1EBC03, 0x1EBF03, 0x1EC203, 0x1EC503, 0x1EC803, 0x1ECB03, 0x1ECE03,
    0x1ED103, 0x1ED403, 0x1ED703, 0x1EDA03, 0x1EDD03, 0x1EE003, 0x1EE303, 0x1EE603, 0x1EE903, 0x1EEC03, 0x1EEF03, 0x1EF203, 0x1EF503, 0x1EF803, 0x1EFB03, 0x1EFE03,
    0x1F0103, 0x1F0403, 0x1F0703, 0x1F0A03, 0x1F0D03, 0x1F1003, 0x1F1303, 0x1F1603, 0x1F1903, 0x1F1C03, 0x1F1F03, 0x1F2203, 0x1F2503, 0x1F2803, 0x1F2B03, 0x1F2E03,
    0x1F3103, 0x1F3403, 0x1F3703, 0x1F3A03, 0x1F3D04, 0x1F4104, 0x1F4504, 0x1F4903, 0x1F4C03, 0x1F4F03, 0x1F5204, 0x1F5604, 0x1F5A04, 0x1F5E03, 0x1F6103, 0x1F6402,
    0x1F6602, 0x1F6802, 0x1F6503, 0x1F6A03, 0x1202, 0x1F6D04, 0x1F7104, 0x1F7504, 0x1F7904, 0x1F7D04, 0x1F8104, 0x1F8504, 0x1F8902, 0x1F8B02, 0x1F8D02, 0x1F8F02,
    0x1F9102, 0x1F9302, 0x1F9502, 0x1F9704, 0x1F9B04, 0x1F9F06, 0x1FA506, 0x1FAB04, 0x1FAF04, 0x1FB304, 0x1FB704, 0x1FBB04, 0x1FBF04, 0x1FC304, 0x1FC704, 0x1FCB04,
    0x1FCF04, 0x1FD304, 0x1FD704, 0x1FDB04, 0x1FDF04, 0x1FE304, 0x1FE704, 0x1FEB04, 0x1FEF04, 0x1FF304, 0x1FF704, 0x1FFB04, 0x1FFF04, 0x1F9F04, 0x200304, 0x200704,
    0x200B04, 0x200F04, 0x201304, 0x201704, 0x201B02, 0x201D02, 0x201F02, 0x202102, 0x202302, 0x202502, 0x202702, 0x202902, 0x202B02, 0x202D02, 0x202F02, 0x203102,
    0x203302, 0x203502, 0x203702, 0x203902, 0x203B02, 0x203D02, 0x203F02, 0x204102, 0x204302, 0x204502, 0x204702, 0x204902, 0x204B02, 0x204D02, 0x204F02, 0x205102,
    0x205302, 0x205502, 0x205702, 0x3E602, 0x205902, 0x205B02, 0x205D02, 0x205F02, 0x206102, 0x206302, 0x206502, 0x206704, 0x206B04, 0x206F04, 0x207304, 0x207704,
    0x207B04, 0x207F04, 0x208304, 0x208702, 0x208904, 0x208D04, 0x209104, 0x209504, 0x209904, 0x209D04, 0x20A104, 0x20A504, 0x20A904, 0x20AD04, 0x20B104, 0x20B504,
    0x20B904, 0x20BD04, 0x20C104, 0x20C504, 0x20C904, 0x20CD04, 0x20D104, 0x20D504, 0x20D904, 0x20DD04, 0x20DB04, 0x20E104, 0x20E504, 0x20E904, 0x20ED04, 0x20F104,
    0x20F504, 0x20F904, 0x20FD04, 0x210104, 0x210504, 0x210904, 0x210D04, 0x211104, 0x211504, 0x211904, 0x211D04, 0x212104, 0x212504, 0x212904, 0x212D04, 0x213104,
    0x213504, 0x213904, 0x213D04, 0x214104, 0x214504, 0x214904, 0x214D04, 0x215104, 0x215504, 0x215904, 0x215D04, 0x216104, 0x216504, 0x216904, 0x216D04, 0x217104,
    0x217504, 0x217904, 0x217D04, 0x218104, 0x218504, 0x218904, 0x218D04, 0x219104, 0x219504, 0x20DF04, 0x20E304, 0x219904, 0x219D04, 0x21A104, 0x21A504, 0x21A904,
    0x21AD04, 0x21B104, 0x21B504, 0x21B904, 0x21BD04, 0x21C104, 0x21C504, 0x21C904, 0x20D704, 0x21CD04, 0x21D104, 0x219304, 0x21D504, 0x21CB04, 0x21D904, 0x21DD04,
    0x21E104, 0x21E505, 0x21EA05, 0x21EF05, 0x21F405, 0x21F905, 0x21FE05, 0x220304, 0x220704, 0x220B04, 0x220F04, 0x221304, 0x221704, 0x221B04, 0x221F04, 0x222304,
    0x222704, 0x222B04, 0x222F04, 0x223304, 0x223704, 0x223B04, 0x223F04, 0x224304, 0x224704, 0x21A304, 0x224B04, 0x224F04, 0x225304, 0x225704, 0x225B04, 0x225F04,
    0x226304, 0x226704, 0x21BB04, 0x226B04, 0x226F04, 0x227304, 0x227704, 0x227B06, 0x228106, 0x228706, 0x228D04, 0x229104, 0x229504, 0x229904, 0x229D04, 0x22A104,
    0x22A504, 0x22A904, 0x22AD04, 0x22B104, 0x22B504, 0x21CF04, 0x22B904, 0x22BD04, 0x22C104, 0x21D304, 0x22C504, 0x22C904, 0x22CD04, 0x22D104, 0x22D504, 0x22D904,
    0x22DD04, 0x22E104, 0x22E504, 0x22E904, 0x22ED04, 0x22F104, 0x22F506, 0x22FB06, 0x230106, 0x230706, 0x230D06, 0x231306, 0x231906, 0x20DD06, 0x231F06, 0x232506,
    0x232B06, 0x233106, 0x233706, 0x233D06, 0x234306, 0x234906, 0x234F06, 0x235506, 0x235B06, 0x236106, 0x236706, 0x236D06, 0x237306, 0x237906, 0x237F06, 0x238506,
    0x238B06, 0x239106, 0x239706, 0x239D06, 0x23A306, 0x23A906, 0x23AF06, 0x23B506, 0x23BB06, 0x23C106, 0x23C706, 0x23CD06, 0x23D306, 0x23D906, 0x23DF06, 0x23E506,
    0x23EB06, 0x20DF06, 0x23F106, 0x23F706, 0x219506, 0x20E306, 0x23FD06, 0x240306, 0x240906, 0x240F06, 0x241506, 0x241B06, 0x242106, 0x242706, 0x242D06, 0x243306,
    0x243906, 0x243F06, 0x244506, 0x244B06, 0x245106, 0x245706, 0x245D06, 0x246306, 0x246906, 0x246F06, 0x247506, 0x247B06, 0x248106, 0x248706, 0x248D06, 0x249306,
    0x249906, 0x21CD06, 0x249F06, 0x24A506, 0x24AB06, 0x24B106, 0x24B706, 0x24BD06, 0x24C306, 0x24C906, 0x24CF06, 0x24D506, 0x24DB06, 0x24E106, 0x24E706, 0x24ED06,
    0x24F306, 0x24F906, 0x24FF06, 0x250506, 0x250B06, 0x251106, 0x251708, 0x251F08, 0x252708, 0x252F08, 0x253708, 0x253F08, 0x254708, 0x254F06, 0x255521, 0x25760F,
    0x258508, 0x258D01, 0x258E03, 0xAED01, 0x97501, 0x97A01, 0x259103, 0x259403, 0x259703, 0x259A03, 0x259D01, 0x259E01, 0x259F01, 0x25A003, 0x25A303, 0x25A603,
    0x25A903, 0x25AC03, 0x25AF03, 0x25B203, 0x25B503, 0x25B803, 0x25BB03, 0x25BE01, 0x25BF01, 0x25C001, 0x25C101, 0x25C201, 0x25C301, 0x25C401, 0x25C501, 0x25C601,
    0x25C701, 0x25C801, 0x25C901, 0x25CA03, 0x25CD04, 0x21E503, 0x21EA03, 0x21EF03, 0x227B04, 0x21F403, 0x228104, 0x21F903, 0x228704, 0x21FE03, 0x25D104, 0x25D503,
    0x25D804, 0x25DC02, 0x25DE02, 0x25E002, 0x25E202, 0x25E402, 0x206702, 0x3DE02, 0x209902, 0x25E602, 0x20B102, 0x20C902, 0x208B02, 0x208F02, 0x20A302, 0x252D02,
    0x21D902, 0x21DD02, 0x220902, 0x20F102, 0x227302, 0x210102, 0x210902, 0x211902, 0x212102, 0x212502, 0x212D02, 0x213502, 0x214D02, 0x215D02, 0x216F02, 0x209302,
    0x21A502, 0x21BD02, 0x3E202, 0x3EA02, 0x25E804, 0x25EC04, 0x25F004, 0x257D04, 0x25F401, 0x25F501, 0x98E01, 0x25F601, 0x25F701, 0x25F801, 0x25F903, 0x25FC03,
    0x25FF03, 0x12C803, 0x14C003, 0x260203, 0x14D203, 0x12F803, 0x260503, 0x137003, 0x158903, 0x133A03, 0x12B903, 0x12CE03, 0xED903, 0xEDD03, 0x260802, 0x260A02,
    0x260C02, 0x260E02, 0x261002, 0x261203, 0x261503, 0x261803, 0x261B03, 0x261E03, 0x262103, 0x262403, 0x262703, 0x262A04, 0x262E04, 0x263204, 0x263604, 0x263A04,
    0x263E04, 0x264204, 0x264604, 0x264A04, 0x264E04, 0x265204, 0x265604, 0x265A04, 0x265E04, 0x266204, 0x266604, 0x266A04, 0x266E04, 0x267204, 0x267604, 0x267A04,
    0x267E04, 0x268204, 0x268604, 0x268A04, 0x268E04, 0x269204, 0x269604, 0x269A04, 0x269E04, 0x26A204, 0x26A604, 0x26AA04, 0x26AE04, 0x26B204, 0x26B604, 0x26BA04,
    0x26BE04, 0x26C204, 0x26C604, 0x26CA04, 0x26CE04, 0x26D204, 0x26D604, 0x26DA04, 0x26DE04, 0x26E204, 0x26E604, 0x26EA04, 0x26EE04, 0x26F204, 0x26F604, 0x26FA04,
    0x26FE04, 0x270204, 0x270604, 0x270A04, 0x270E04, 0x271204, 0x271604, 0x271A04, 0x271E04, 0x272204, 0x272604, 0x272A04, 0x272E04, 0x273204, 0x273604, 0x273A04,
    0x273E04, 0x274204, 0x274604, 0x274A04, 0x274E04, 0x275204, 0x275604, 0x275A04, 0x275E04, 0x276204, 0x276604, 0x276A04, 0x276E04, 0x277204, 0x277604, 0x277A04,
    0x277E04, 0x278204, 0x278604, 0x278A04, 0x278E04, 0x279204, 0x279604, 0x279A04, 0x279E04, 0x27A204, 0x27A604, 0x27AA04, 0x27AE04, 0x27B204, 0x27B604, 0x27BA04,
    0x27BE04, 0x27C204, 0x27C604, 0x27CA04, 0x27CE04, 0x27D204, 0x27D604, 0x27DA04, 0x27DE04, 0x27E204, 0x27E602, 0x27E802, 0x27EA02, 0x27EC02, 0x27EE03, 0x27F102,
    0x27F302, 0x27F503, 0x27F802, 0x27FA02, 0x27FC02, 0x27FE02, 0x280002, 0x280202, 0x280402, 0x280602, 0x280802, 0x280A02, 0x280C04, 0x281003, 0x281302, 0x281504,
    0x281902, 0x281B04, 0x281F02, 0x282102, 0x282304, 0x282702, 0x282902, 0x282B02, 0x282D03, 0x283002, 0x283203, 0x283502, 0x283702, 0x283902, 0x283B02, 0x283D02,
    0x283F02, 0x284102, 0x284304, 0x284704, 0x284B02, 0x284D02, 0x284F04, 0x285304, 0x285704, 0x285B04, 0x285F04, 0x286304, 0x286704, 0x286B04, 0x286F04, 0x287304,
    0x287704, 0x287B04, 0x287F04, 0x288304, 0x288704, 0x288B04, 0x288F04, 0x289304, 0x289704, 0x289B04, 0x289F04, 0x28A304, 0x28A704, 0x28AB04, 0x28AF04, 0x28B304,
    0x28B704, 0x28BB04, 0x28BF04, 0x28C304, 0x28C704, 0x28CB04, 0x28CF04, 0x28D304, 0x28D704, 0x28DB04, 0x28DF04, 0x28E304, 0x28E704, 0x28EB04, 0x28EF04, 0x28F304,
    0x28F704, 0x28FB04, 0x28FF04, 0x290304, 0x290704, 0x290B04, 0x290F04, 0x291304, 0x291704, 0x291B04, 0x291F04, 0x292304, 0x292704, 0x292B04, 0x292F04, 0x293304,
    0x293704, 0x293B04, 0x293F04, 0x294304, 0x294704, 0x294B04, 0x294F04, 0x295304, 0x295704, 0x295B04, 0x295F04, 0x296304, 0x296704, 0x296B04, 0x296F04, 0x297304,
    0x297704, 0x297B04, 0x297F04, 0x298304, 0x298704, 0x298B04, 0x298F04, 0x299304, 0x299704, 0x299B04, 0x299F04, 0x29A304, 0x29A704, 0x29AB04, 0x29AF04, 0x29B304,
    0x29B704, 0x29BB04, 0x29BF04, 0x29C304, 0x29C704, 0x29CB04, 0x29CF04, 0x29D304, 0x29D704, 0x29DB04, 0x29DF04, 0x29E304, 0x29E704, 0x29EB04, 0x29EF04, 0x29F304,
    0x29F704, 0x29FB04, 0x29FF04, 0x2A0304, 0x2A0704, 0x2A0B04, 0x2A0F04, 0x2A1304, 0x2A1704, 0x2A1B04, 0x2A1F04, 0x2A2304, 0x2A2704, 0x2A2B04, 0x2A2F04, 0x2A3304,
    0x2A3704, 0x2A3B04, 0x2A3F04, 0x2A4304, 0x2A4704, 0x2A4B04, 0x2A4F04, 0x2A5304, 0x2A5704, 0x2A5B04, 0x2A5F04, 0x2A6304, 0x2A6704, 0x2A6B04, 0x2A6F04, 0x2A7304,
    0x2A7704, 0x2A7B04, 0x2A7F04, 0x2A8304, 0x2A8704, 0x2A8B04, 0x2A8F04, 0x2A9304, 0x2A9704, 0x2A9B04, 0x2A9F04, 0x2AA304, 0x2AA704, 0x2AAB04, 0x2AAF04, 0x2AB304,
    0x2AB704, 0x2ABB04, 0x2ABF04, 0x2AC304, 0x2AC704, 0x2ACB04, 0x2ACF04, 0x2AD304, 0x2AD704, 0x2ADB06, 0x2AE106, 0x2AE706, 0x2AED06, 0x2AF308, 0x2AFB08, 0x2B030C,
    0x2B0F0C, 0x2B1B0C, 0x2B270C, 0x2B330C, 0x2B3F08, 0x2B4708, 0x2B4F0C, 0x2B5B0C, 0x2B670C, 0x2B730C, 0x2B7F02, 0x2B8102, 0x2B8303, 0x2B8603, 0x2B8904, 0x2B8D04,
    0x2B9104, 0x2B9504, 0x2B9904, 0x2B9D04, 0x2BA104, 0x2BA504, 0x2BA904, 0x2BAD04, 0x2BB104, 0x2BB504, 0x2BB904, 0x2BBD04, 0x2BC104, 0x2BC504, 0x2BC904, 0x2BCD04,
    0x2BD104, 0x2BD503, 0x2BD804, 0x2BDC04, 0x2BE003, 0x2BE304, 0x2BE702, 0x2BE902, 0x2BEB04, 0x2BEF04, 0x2BF302, 0x2BF503, 0x2BF804, 0x2BFC04, 0x2C0002, 0x2C0203,
    0x2C0503, 0x2C0803, 0x2C0B03, 0x2C0E02, 0x2C1002, 0x2C1202, 0x2C1402, 0x2C1602, 0x2C1802, 0x2C1A02, 0x2C1C02, 0x2C1E03, 0x2C2103, 0x2C2403, 0x2C2703, 0x2C2A02,
    0x2C2C04, 0x2C3004, 0x2C3404, 0x2C3804, 0x2C3C04, 0x2C4004, 0x2C4404, 0x2C4804, 0x2C4C04, 0x2C5004, 0x2C5404, 0x2C5804, 0x2C5C04, 0x2C6004, 0x2C6404, 0x2C6804,
    0x2C6C04, 0x2C7004, 0x2C7404, 0x2C7804, 0x2C7C04, 0x2C8004, 0x2C8404, 0x2C8804, 0x2C8C04, 0x2C9004, 0x2C9404, 0x2C9804, 0x2C9C04, 0x2CA004, 0x2CA404, 0x2CA804,
    0x2CAC04, 0x2CB004, 0x2CB404, 0x2CB802, 0x2CBA02, 0x2CBC02, 0x2CBE02, 0x2CC002, 0x2CC202, 0x2CC402, 0x2CC602, 0x2CC802, 0x2CCA02, 0x2CCC02, 0x2CCE02, 0x2CD002,
    0x2CD207, 0x2CD902, 0x2CDB02, 0x2CDD02, 0x2CDF03, 0x2CE202, 0x170602, 0x169B02, 0x2CE402, 0x2CE602, 0x2CE806, 0x2CEE06, 0x2CF403, 0x2CF703, 0x144203, 0x2CFA03,
    0x2CFD03, 0x2D0003, 0x2D0303, 0x2D0603, 0x2D0903, 0x2D0C03, 0x2D0F03, 0x2D1203, 0x2D1503, 0x2D1803, 0x2D1B03, 0x2D1E03, 0x2D2103, 0x2D2403, 0x2D2703, 0x2D2A03,
    0x2D2D03, 0x2D3003, 0x2D3303, 0x2D3603, 0x2D3903, 0x2D3C03, 0x2D3F03, 0x2D4203, 0x2D4503, 0x2D4803, 0x2D4B03, 0x2D4E09, 0x2D5709, 0x2D6009, 0x2D6909, 0x2D7209,
    0x2D7B09, 0x2D8409, 0x2D8D09, 0x2D9609, 0x2D9F03, 0x2DA203, 0x2DA503, 0x2DA803, 0x2DAB03, 0x2DAE04, 0x2DB203, 0x2DB503, 0x2DB803, 0x2DBB03, 0x2DBE03, 0x2DC103,
    0x2DC403, 0x2DC704, 0x2DCB03, 0x2DCE03, 0x2DD103, 0x2DD404, 0x2DD803, 0x2DDB03, 0x2DDE04, 0x2DE203, 0x2DE503, 0x2DE803, 0x2DEB03, 0x2DEE04, 0x2DF203, 0x2DF503,
    0x2DF803, 0x2DFB03, 0x2DFE03, 0x2E0103, 0x2E0403, 0x2E0703, 0x2E0A03, 0x2E0D03, 0x2E1003, 0x2E1303, 0x2E1603, 0x2E1904, 0x2E1D03, 0x2E2003, 0x2E2303, 0x2E2604,
    0x2E2A03, 0x2E2D03, 0x2E3003, 0x2E3303, 0x2E3603, 0x2E3903, 0x2E3C03, 0x2E3F03, 0x2E4203, 0x2E4503, 0x2E4803, 0x2E4B03, 0x2E4E03, 0x2E5103, 0x2E5403, 0x2E5703,
    0x2E5A03, 0x2E5D03, 0x2E6003, 0x2E6303, 0x2E6603, 0x2E6903, 0x2E6C03, 0x2E6F03, 0x2E7203, 0x2E7503, 0x2E7803, 0x2E7B03, 0x2E7E04, 0x2E8203, 0x2E8503, 0x2E8803,
    0x2E8B03, 0x2E8E03, 0x2E9104, 0x2E9504, 0x2E9903, 0x2E9C03, 0x2E9F03, 0x2EA203, 0x2EA503, 0x2EA803, 0x2EAB03, 0x2EAE03, 0x2EB103, 0x2EB404, 0x2EB803, 0x2EBB03,
    0x2EBE03, 0x2EC104, 0x2EC503, 0x2EC803, 0x2ECB03, 0x2ECE03, 0x2ED103, 0x2ED403, 0x2ED703, 0x2EDA04, 0x2EDE03, 0x2EE104, 0x2EE503, 0x2EE803, 0x2EEB03, 0x2EEE03,
    0x2EF103, 0x2EF403, 0x2EF703, 0x2EFA03, 0x2EFD03, 0x2F0003, 0x2F0303, 0x2F0604, 0x2F0A03, 0x2F0D03, 0x2F1003, 0x2F1303, 0x2F1604, 0x2F1A04, 0x2F1E03, 0x2F2103,
    0x2F2403, 0x2F2704, 0x2F2B04, 0x2F2F03, 0x2F3203, 0x2F3503, 0x2F3803, 0x2F3B03, 0x2F3E03, 0x2F4103, 0x2F4403, 0x2F4703, 0x2F4A03, 0x2F4D04, 0x2F5103, 0x2F5403,
    0x2F5703, 0x2F5A03, 0x2F5D03, 0x2F6003, 0x2F6303, 0x2F6603, 0x16A703, 0x2F6903, 0x2F6C03, 0x2F6F03, 0x2F7203, 0x2F7503, 0x2F7804, 0x2F7C03, 0x2F7F03, 0x2F8203,
    0x2F8503, 0x2F8803, 0x2F8B04, 0x2F8F03, 0x2F9203, 0x2F9503, 0x2F9803, 0x2F9B03, 0x2F9E03, 0x2FA103, 0x2FA403, 0x2FA703, 0x2FAA03, 0x2FAD04, 0x2FB103, 0x2FB403,
    0x2FB703, 0x2FBA03, 0x2FBD03, 0x2FC003, 0x2FC303, 0x2FC603, 0x2FC903, 0x2FCC03, 0x2FCF03, 0x2FD203, 0x2FD503, 0x2FD803, 0x2FDB03, 0x2FDE04, 0x2FE203, 0x2FE503,
    0x2FE803, 0x2FEB03, 0x2FEE04, 0x2FF203, 0x2FF503, 0x2FF803, 0x2FFB03, 0x2FFE03, 0x300103, 0x300403, 0x300704, 0x300B03, 0x300E03, 0x301103, 0x301404, 0x301803,
    0x301B03, 0x301E03, 0x302103, 0x302403, 0x302704, 0x302B04, 0x302F04, 0x303303, 0x303604, 0x303A03, 0x303D03, 0x304003, 0x304303, 0x304603, 0x304903, 0x304C03,
    0x304F03, 0x305204, 0x305603, 0x305903, 0x305C03, 0x305F03, 0x306203, 0x306504, 0x306903, 0x306C03, 0x306F04, 0x307304, 0x307703, 0x307A03, 0x307D03, 0x308003,
    0x308303, 0x308603, 0x308903, 0x308C03, 0x308F04, 0x309303, 0x309604, 0x309A03, 0x309D04, 0x30A103, 0x30A403, 0x30A704, 0x30AB03, 0x30AE03, 0x30B104, 0x30B504,
    0x30B903, 0x30BC03, 0x30BF03, 0x30C203, 0x30C503, 0x30C803, 0x30CB03, 0x30CE03, 0x30D103, 0x30D403, 0x30D703, 0x30DA04, 0x30DE03, 0x30E104, 0x30E504, 0x30E903,
    0x30EC04, 0x30F004, 0x30F404, 0x30F803, 0x30FB03, 0x30FE04, 0x310204, 0x310604, 0x310A04, 0x310E03, 0x311103, 0x311403, 0x311703, 0x311A03, 0x311D04, 0x312103,
    0x312403, 0x312704, 0x312B04, 0x312F04, 0x313303, 0x313603, 0x313903, 0x313C03, 0x313F04, 0x314304, 0x314703, 0x314A03, 0x314D04, 0x315103, 0x315403, 0x315703,
    0x315A04, 0x315E03, 0x316103, 0x316403, 0x316703, 0x316A03, 0x316D04, 0x317103, 0x317403, 0x317703, 0x317A03, 0x317D03, 0x318003, 0x318304, 0x318704, 0x318B03,
    0x318E04, 0x319203, 0x319504, 0x319903, 0x319C03, 0x319F04, 0x31A304, 0x31A703, 0x31AA04, 0x31AE03, 0x31B104, 0x31B503, 0x31B803, 0x31BB03, 0x31BE03, 0x31C103,
    0x31C403, 0x31C704, 0x31CB04, 0x31CF04, 0x31D304, 0x31D703, 0x31DA03, 0x31DD03, 0x31E003, 0x31E303, 0x31E603, 0x31E903, 0x31EC03, 0x31EF03, 0x31F203, 0x31F503,
    0x31F804, 0x31FC03, 0x31FF03, 0x320203, 0x320503, 0x320803, 0x320B03, 0x320E03, 0x321103, 0x321403, 0x321703, 0x321A04, 0x321E04, 0x322204, 0x322603, 0x322903,
    0x322C03, 0x322F03, 0x323204, 0x323603, 0x323904, 0x323D03, 0x324003, 0x324304, 0x324704, 0x324B03, 0x324E03, 0x325103, 0x325403, 0x325703, 0x325A03, 0x325D03,
    0x326003, 0x326303, 0x326603, 0x326903, 0x326C03, 0x326F03, 0x327203, 0x327503, 0x327803, 0x327B04, 0x327F03, 0x328203, 0x328503, 0x328803, 0x328B03, 0x328E04,
    0x329204, 0x329603, 0x329903, 0x329C03, 0x329F04, 0x32A303, 0x32A603, 0x32A903, 0x32AC03, 0x32AF04, 0x32B304, 0x32B703, 0x32BA03, 0x32BD03, 0x32C004, 0x32C403,
    0x32C704, 0x32CB04, 0x32CF03, 0x32D203, 0x32D503, 0x32D804, 0x32DC03, 0x32DF03, 0x32E203, 0x32E503, 0x32E803, 0x32EB03, 0x32EE03, 0x32F104, 0x32F503, 0x32F803,
    0x32FB03, 0x32FE04, 0x330203, 0x330503, 0x330803, 0x330B03, 0x330E04, 0x331204, 0x331603, 0x331903, 0x331C03, 0x331F04, 0x332303, 0x332604, 0x332A03, 0x332D04,
    0x333103, 0x333403, 0x333703, 0x333A03, 0x333D03, 0x334003, 0x334303, 0x334604, 0x334A03, 0x334D03, 0x335003, 0x335303, 0x335603, 0x335904, 0x335D03, 0x336004,
    0x336404, 0x336804, 0x336C03, 0x336F03, 0x337203, 0x337503, 0x337803, 0x337B04,
};

const uint8_t cswift_idna_mapped_utf8[13183] = {
    0x61, 0x62, 0x63, 0x64, 0x65, 0x66, 0x67, 0x68, 0x69, 0x6A, 0x6B, 0x6C, 0x6D, 0x6E, 0x6F, 0x70, 0x71, 0x72, 0x73, 0x74, 0x75, 0x76, 0x77, 0x78,
    0x79, 0x7A, 0x20, 0x20, 0xCC, 0x88, 0x20, 0xCC, 0x84, 0x32, 0x33, 0x20, 0xCC, 0x81, 0xCE, 0xBC, 0x20, 0xCC, 0xA7, 0x31, 0x31, 0xE2, 0x81, 0x84,
    0x34, 0x31, 0xE2, 0x81, 0x84, 0x32, 0x33, 0xE2, 0x81, 0x84, 0x34, 0xC3, 0xA0, 0xC3, 0xA1, 0xC3, 0xA2, 0xC3, 0xA3, 0xC3, 0xA4, 0xC3, 0xA5, 0xC3,
    0xA6, 0xC3, 0xA7, 0xC3, 0xA8, 0xC3, 0xA9, 0xC3, 0xAA, 0xC3, 0xAB, 0xC3, 0xAC, 0xC3, 0xAD, 0xC3, 0xAE, 0xC3, 0xAF, 0xC3, 0xB0, 0xC3, 0xB1, 0xC3,
    0xB2, 0xC3, 0xB3, 0xC3, 0xB4, 0xC3, 0xB5, 0xC3, 0xB6, 0xC3, 0xB8, 0xC3, 0xB9, 0xC3, 0xBA, 0xC3, 0xBB, 0xC3, 0xBC, 0xC3, 0xBD, 0xC3, 0xBE, 0x73,
    0x73, 0xC4, 0x81, 0xC4, 0x83, 0xC4, 0x85, 0xC4, 0x87, 0xC4, 0x89, 0xC4, 0x8B, 0xC4, 0x8D, 0xC4, 0x8F, 0xC4, 0x91, 0xC4, 0x93, 0xC4, 0x95, 0xC4,
    0x97, 0xC4, 0x99, 0xC4, 0x9B, 0xC4, 0x9D, 0xC4, 0x9F, 0xC4, 0xA1, 0xC4, 0xA3, 0xC4, 0xA5, 0xC4, 0xA7, 0xC4, 0xA9, 0xC4, 0xAB, 0xC4, 0xAD, 0xC4,
    0xAF, 0x69, 0xCC, 0x87, 0xC4, 0xB5, 0xC4, 0xB7, 0xC4, 0xBA, 0xC4, 0xBC, 0xC4, 0xBE, 0x6C, 0xC2, 0xB7, 0xC5, 0x82, 0xC5, 0x84, 0xC5, 0x86, 0xC5,
    0x88, 0xCA, 0xBC, 0x6E, 0xC5, 0x8B, 0xC5, 0x8D, 0xC5, 0x8F, 0xC5, 0x91, 0xC5, 0x93, 0xC5, 0x95, 0xC5, 0x97, 0xC5, 0x99, 0xC5, 0x9B, 0xC5, 0x9D,
    0xC5, 0x9F, 0xC5, 0xA1, 0xC5, 0xA3, 0xC5, 0xA5, 0xC5, 0xA7, 0xC5, 0xA9, 0xC5, 0xAB, 0xC5, 0xAD, 0xC5, 0xAF, 0xC5, 0xB1, 0xC5, 0xB3, 0xC5, 0xB5,
    0xC5, 0xB7, 0xC3, 0xBF, 0xC5, 0xBA, 0xC5, 0xBC, 0xC5, 0xBE, 0xC9, 0x93, 0xC6, 0x83, 0xC6, 0x85, 0xC9, 0x94, 0xC6, 0x88, 0xC9, 0x96, 0xC9, 0x97,
    0xC6, 0x8C, 0xC7, 0x9D, 0xC9, 0x99, 0xC9, 0x9B, 0xC6, 0x92, 0xC9, 0xA0, 0xC9, 0xA3, 0xC9, 0xA9, 0xC9, 0xA8, 0xC6, 0x99, 0xC9, 0xAF, 0xC9, 0xB2,
    0xC9, 0xB5, 0xC6, 0xA1, 0xC6, 0xA3, 0xC6, 0xA5, 0xCA, 0x80, 0xC6, 0xA8, 0xCA, 0x83, 0xC6, 0xAD, 0xCA, 0x88, 0xC6, 0xB0, 0xCA, 0x8A, 0xCA, 0x8B,
    0xC6, 0xB4, 0xC6, 0xB6, 0xCA, 0x92, 0xC6, 0xB9, 0xC6, 0xBD, 0x64, 0xC5, 0xBE, 0x6C, 0x6A, 0x6E, 0x6A, 0xC7, 0x8E, 0xC7, 0x90, 0xC7, 0x92, 0xC7,
    0x94, 0xC7, 0x96, 0xC7, 0x98, 0xC7, 0x9A, 0xC7, 0x9C, 0xC7, 0x9F, 0xC7, 0xA1, 0xC7, 0xA3, 0xC7, 0xA5, 0xC7, 0xA7, 0xC7, 0xA9, 0xC7, 0xAB, 0xC7,
    0xAD, 0xC7, 0xAF, 0x64, 0x7A, 0xC7, 0xB5, 0xC6, 0x95, 0xC6, 0xBF, 0xC7, 0xB9, 0xC7, 0xBB, 0xC7, 0xBD, 0xC7, 0xBF, 0xC8, 0x81, 0xC8, 0x83, 0xC8,
    0x85, 0xC8, 0x87, 0xC8, 0x89, 0xC8, 0x8B, 0xC8, 0x8D, 0xC8, 0x8F, 0xC8, 0x91, 0xC8, 0x93, 0xC8, 0x95, 0xC8, 0x97, 0xC8, 0x99, 0xC8, 0x9B, 0xC8,
    0x9D, 0xC8, 0x9F, 0xC6, 0x9E, 0xC8, 0xA3, 0xC8, 0xA5, 0xC8, 0xA7, 0xC8, 0xA9, 0xC8, 0xAB, 0xC8, 0xAD, 0xC8, 0xAF, 0xC8, 0xB1, 0xC8, 0xB3, 0xE2,
    0xB1, 0xA5, 0xC8, 0xBC, 0xC6, 0x9A, 0xE2, 0xB1, 0xA6, 0xC9, 0x82, 0xC6, 0x80, 0xCA, 0x89, 0xCA, 0x8C, 0xC9, 0x87, 0xC9, 0x89, 0xC9, 0x8B, 0xC9,
    0x8D, 0xC9, 0x8F, 0xC9, 0xA6, 0xC9, 0xB9, 0xC9, 0xBB, 0xCA, 0x81, 0x20, 0xCC, 0x86, 0x20, 0xCC, 0x87, 0x20, 0xCC, 0x8A, 0x20, 0xCC, 0xA8, 0x20,
    0xCC, 0x83, 0x20, 0xCC, 0x8B, 0xCA, 0x95, 0xCC, 0x80, 0xCC, 0x93, 0xCC, 0x88, 0xCC, 0x81, 0xCE, 0xB9, 0xCD, 0xB1, 0xCD, 0xB3, 0xCA, 0xB9, 0xCD,
    0xB7, 0x20, 0xCE, 0xB9, 0x3B, 0xCF, 0xB3, 0x20, 0xCC, 0x88, 0xCC, 0x81, 0xCE, 0xAC, 0xCE, 0xAD, 0xCE, 0xAE, 0xCE, 0xAF, 0xCF, 0x8C, 0xCF, 0x8D,
    0xCF, 0x8E, 0xCE, 0xB1, 0xCE, 0xB2, 0xCE, 0xB3, 0xCE, 0xB4, 0xCE, 0xB5, 0xCE, 0xB6, 0xCE, 0xB7, 0xCE, 0xB8, 0xCE, 0xBA, 0xCE, 0xBB, 0xCE, 0xBD,
    0xCE, 0xBE, 0xCE, 0xBF, 0xCF, 0x80, 0xCF, 0x81, 0xCF, 0x83, 0xCF, 0x84, 0xCF, 0x85, 0xCF, 0x86, 0xCF, 0x87, 0xCF, 0x88, 0xCF, 0x89, 0xCF, 0x8A,
    0xCF, 0x8B, 0xCF, 0x97, 0xCF, 0x99, 0xCF, 0x9B, 0xCF, 0x9D, 0xCF, 0x9F, 0xCF, 0xA1, 0xCF, 0xA3, 0xCF, 0xA5, 0xCF, 0xA7, 0xCF, 0xA9, 0xCF, 0xAB,
    0xCF, 0xAD, 0xCF, 0xAF, 0xCF, 0xB8, 0xCF, 0xBB, 0xCD, 0xBB, 0xCD, 0xBC, 0xCD, 0xBD, 0xD1, 0x90, 0xD1, 0x91, 0xD1, 0x92, 0xD1, 0x93, 0xD1, 0x94,
    0xD1, 0x95, 0xD1, 0x96, 0xD1, 0x97, 0xD1, 0x98, 0xD1, 0x99, 0xD1, 0x9A, 0xD1, 0x9B, 0xD1, 0x9C, 0xD1, 0x9D, 0xD1, 0x9E, 0xD1, 0x9F, 0xD0, 0xB0,
    0xD0, 0xB1, 0xD0, 0xB2, 0xD0, 0xB3, 0xD0, 0xB4, 0xD0, 0xB5, 0xD0, 0xB6, 0xD0, 0xB7, 0xD0, 0xB8, 0xD0, 0xB9, 0xD0, 0xBA, 0xD0, 0xBB, 0xD0, 0xBC,
    0xD0, 0xBD, 0xD0, 0xBE, 0xD0, 0xBF, 0xD1, 0x80, 0xD1, 0x81, 0xD1, 0x82, 0xD1, 0x83, 0xD1, 0x84, 0xD1, 0x85, 0xD1, 0x86, 0xD1, 0x87, 0xD1, 0x88,
    0xD1, 0x89, 0xD1, 0x8A, 0xD1, 0x8B, 0xD1, 0x8C, 0xD1, 0x8D, 0xD1, 0x8E, 0xD1, 0x8F, 0xD1, 0xA1, 0xD1, 0xA3, 0xD1, 0xA5, 0xD1, 0xA7, 0xD1, 0xA9,
    0xD1, 0xAB, 0xD1, 0xAD, 0xD1, 0xAF, 0xD1, 0xB1, 0xD1, 0xB3, 0xD1, 0xB5, 0xD1, 0xB7, 0xD1, 0xB9, 0xD1, 0xBB, 0xD1, 0xBD, 0xD1, 0xBF, 0xD2, 0x81,
    0xD2, 0x8B, 0xD2, 0x8D, 0xD2, 0x8F, 0xD2, 0x91, 0xD2, 0x93, 0xD2, 0x95, 0xD2, 0x97, 0xD2, 0x99, 0xD2, 0x9B, 0xD2, 0x9D, 0xD2, 0x9F, 0xD2, 0xA1,
    0xD2, 0xA3, 0xD2, 0xA5, 0xD2, 0xA7, 0xD2, 0xA9, 0xD2, 0xAB, 0xD2, 0xAD, 0xD2, 0xAF, 0xD2, 0xB1, 0xD2, 0xB3, 0xD2, 0xB5, 0xD2, 0xB7, 0xD2, 0xB9,
    0xD2, 0xBB, 0xD2, 0xBD, 0xD2, 0xBF, 0xD3, 0x8F, 0xD3, 0x82, 0xD3, 0x84, 0xD3, 0x86, 0xD3, 0x88, 0xD3, 0x8A, 0xD3, 0x8C, 0xD3, 0x8E, 0xD3, 0x91,
    0xD3, 0x93, 0xD3, 0x95, 0xD3, 0x97, 0xD3, 0x99, 0xD3, 0x9B, 0xD3, 0x9D, 0xD3, 0x9F, 0xD3, 0xA1, 0xD3, 0xA3, 0xD3, 0xA5, 0xD3, 0xA7, 0xD3, 0xA9,
    0xD3, 0xAB, 0xD3, 0xAD, 0xD3, 0xAF, 0xD3, 0xB1, 0xD3, 0xB3, 0xD3, 0xB5, 0xD3, 0xB7, 0xD3, 0xB9, 0xD3, 0xBB, 0xD3, 0xBD, 0xD3, 0xBF, 0xD4, 0x81,
    0xD4, 0x83, 0xD4, 0x85, 0xD4, 0x87, 0xD4, 0x89, 0xD4, 0x8B, 0xD4, 0x8D, 0xD4, 0x8F, 0xD4, 0x91, 0xD4, 0x93, 0xD4, 0x95, 0xD4, 0x97, 0xD4, 0x99,
    0xD4, 0x9B, 0xD4, 0x9D, 0xD4, 0x9F, 0xD4, 0xA1, 0xD4, 0xA3, 0xD4, 0xA5, 0xD4, 0xA7, 0xD4, 0xA9, 0xD4, 0xAB, 0xD4, 0xAD, 0xD4, 0xAF, 0xD5, 0xA1,
    0xD5, 0xA2, 0xD5, 0xA3, 0xD5, 0xA4, 0xD5, 0xA5, 0xD5, 0xA6, 0xD5, 0xA7, 0xD5, 0xA8, 0xD5, 0xA9, 0xD5, 0xAA, 0xD5, 0xAB, 0xD5, 0xAC, 0xD5, 0xAD,
    0xD5, 0xAE, 0xD5, 0xAF, 0xD5, 0xB0, 0xD5, 0xB1, 0xD5, 0xB2, 0xD5, 0xB3, 0xD5, 0xB4, 0xD5, 0xB5, 0xD5, 0xB6, 0xD5, 0xB7, 0xD5, 0xB8, 0xD5, 0xB9,
    0xD5, 0xBA, 0xD5, 0xBB, 0xD5, 0xBC, 0xD5, 0xBD, 0xD5, 0xBE, 0xD5, 0xBF, 0xD6, 0x80, 0xD6, 0x81, 0xD6, 0x82, 0xD6, 0x83, 0xD6, 0x84, 0xD6, 0x85,
    0xD6, 0x86, 0xD5, 0xA5, 0xD6, 0x82, 0xD8, 0xA7, 0xD9, 0xB4, 0xD9, 0x88, 0xD9, 0xB4, 0xDB, 0x87, 0xD9, 0xB4, 0xD9, 0x8A, 0xD9, 0xB4, 0xE0, 0xA4,
    0x95, 0xE0, 0xA4, 0xBC, 0xE0, 0xA4, 0x96, 0xE0, 0xA4, 0xBC, 0xE0, 0xA4, 0x97, 0xE0, 0xA4, 0xBC, 0xE0, 0xA4, 0x9C, 0xE0, 0xA4, 0xBC, 0xE0, 0xA4,
    0xA1, 0xE0, 0xA4, 0xBC, 0xE0, 0xA4, 0xA2, 0xE0, 0xA4, 0xBC, 0xE0, 0xA4, 0xAB, 0xE0, 0xA4, 0xBC, 0xE0, 0xA4, 0xAF, 0xE0, 0xA4, 0xBC, 0xE0, 0xA6,
    0xA1, 0xE0, 0xA6, 0xBC, 0xE0, 0xA6, 0xA2, 0xE0, 0xA6, 0xBC, 0xE0, 0xA6, 0xAF, 0xE0, 0xA6, 0xBC, 0xE0, 0xA8, 0xB2, 0xE0, 0xA8, 0xBC, 0xE0, 0xA8,
    0xB8, 0xE0, 0xA8, 0xBC, 0xE0, 0xA8, 0x96, 0xE0, 0xA8, 0xBC, 0xE0, 0xA8, 0x97, 0xE0, 0xA8, 0xBC, 0xE0, 0xA8, 0x9C, 0xE0, 0xA8, 0xBC, 0xE0, 0xA8,
    0xAB, 0xE0, 0xA8, 0xBC, 0xE0, 0xAC, 0xA1, 0xE0, 0xAC, 0xBC, 0xE0, 0xAC, 0xA2, 0xE0, 0xAC, 0xBC, 0xE0, 0xB9, 0x8D, 0xE0, 0xB8, 0xB2, 0xE0, 0xBB,
    0x8D, 0xE0, 0xBA, 0xB2, 0xE0, 0xBA, 0xAB, 0xE0, 0xBA, 0x99, 0xE0, 0xBA, 0xAB, 0xE0, 0xBA, 0xA1, 0xE0, 0xBC, 0x8B, 0xE0, 0xBD, 0x82, 0xE0, 0xBE,
    0xB7, 0xE0, 0xBD, 0x8C, 0xE0, 0xBE, 0xB7, 0xE0, 0xBD, 0x91, 0xE0, 0xBE, 0xB7, 0xE0, 0xBD, 0x96, 0xE0, 0xBE, 0xB7, 0xE0, 0xBD, 0x9B, 0xE0, 0xBE,
    0xB7, 0xE0, 0xBD, 0x80, 0xE0, 0xBE, 0xB5, 0xE0, 0xBD, 0xB1, 0xE0, 0xBD, 0xB2, 0xE0, 0xBD, 0xB1, 0xE0, 0xBD, 0xB4, 0xE0, 0xBE, 0xB2, 0xE0, 0xBE,
    0x80, 0xE0, 0xBE, 0xB2, 0xE0, 0xBD, 0xB1, 0xE0, 0xBE, 0x80, 0xE0, 0xBE, 0xB3, 0xE0, 0xBE, 0x80, 0xE0, 0xBE, 0xB3, 0xE0, 0xBD, 0xB1, 0xE0, 0xBE,
    0x80, 0xE0, 0xBE, 0x92, 0xE0, 0xBE, 0xB7, 0xE0, 0xBE, 0x9C, 0xE0, 0xBE, 0xB7, 0xE0, 0xBE, 0xA1, 0xE0, 0xBE, 0xB7, 0xE0, 0xBE, 0xA6, 0xE0, 0xBE,
    0xB7, 0xE0, 0xBE, 0xAB, 0xE0, 0xBE, 0xB7, 0xE0, 0xBE, 0x90, 0xE0, 0xBE, 0xB5, 0xE2, 0xB4, 0x80, 0xE2, 0xB4, 0x81, 0xE2, 0xB4, 0x82, 0xE2, 0xB4,
    0x83, 0xE2, 0xB4, 0x84, 0xE2, 0xB4, 0x85, 0xE2, 0xB4, 0x86, 0xE2, 0xB4, 0x87, 0xE2, 0xB4, 0x88, 0xE2, 0xB4, 0x89, 0xE2, 0xB4, 0x8A, 0xE2, 0xB4,
    0x8B, 0xE2, 0xB4, 0x8C, 0xE2, 0xB4, 0x8D, 0xE2, 0xB4, 0x8E, 0xE2, 0xB4, 0x8F, 0xE2, 0xB4, 0x90, 0xE2, 0xB4, 0x91, 0xE2, 0xB4, 0x92, 0xE2, 0xB4,
    0x93, 0xE2, 0xB4, 0x94, 0xE2, 0xB4, 0x95, 0xE2, 0xB4, 0x96, 0xE2, 0xB4, 0x97, 0xE2, 0xB4, 0x98, 0xE2, 0xB4, 0x99, 0xE2, 0xB4, 0x9A, 0xE2, 0xB4,
    0x9B, 0xE2, 0xB4, 0x9C, 0xE2, 0xB4, 0x9D, 0xE2, 0xB4, 0x9E, 0xE2, 0xB4, 0x9F, 0xE2, 0xB4, 0xA0, 0xE2, 0xB4, 0xA1, 0xE2, 0xB4, 0xA2, 0xE2, 0xB4,
    0xA3, 0xE2, 0xB4, 0xA4, 0xE2, 0xB4, 0xA5, 0xE2, 0xB4, 0xA7, 0xE2, 0xB4, 0xAD, 0xE1, 0x83, 0x9C, 0xE1, 0x8F, 0xB0, 0xE1, 0x8F, 0xB1, 0xE1, 0x8F,
    0xB2, 0xE1, 0x8F, 0xB3, 0xE1, 0x8F, 0xB4, 0xE1, 0x8F, 0xB5, 0xEA, 0x99, 0x8B, 0xE1, 0xB2, 0x8A, 0xE1, 0x83, 0x90, 0xE1, 0x83, 0x91, 0xE1, 0x83,
    0x92, 0xE1, 0x83, 0x93, 0xE1, 0x83, 0x94, 0xE1, 0x83, 0x95, 0xE1, 0x83, 0x96, 0xE1, 0x83, 0x97, 0xE1, 0x83, 0x98, 0xE1, 0x83, 0x99, 0xE1, 0x83,
    0x9A, 0xE1, 0x83, 0x9B, 0xE1, 0x83, 0x9D, 0xE1, 0x83, 0x9E, 0xE1, 0x83, 0x9F, 0xE1, 0x83, 0xA0, 0xE1, 0x83, 0xA1, 0xE1, 0x83, 0xA2, 0xE1, 0x83,
    0xA3, 0xE1, 0x83, 0xA4, 0xE1, 0x83, 0xA5, 0xE1, 0x83, 0xA6, 0xE1, 0x83, 0xA7, 0xE1, 0x83, 0xA8, 0xE1, 0x83, 0xA9, 0xE1, 0x83, 0xAA, 0xE1, 0x83,
    0xAB, 0xE1, 0x83, 0xAC, 0xE1, 0x83, 0xAD, 0xE1, 0x83, 0xAE, 0xE1, 0x83, 0xAF, 0xE1, 0x83, 0xB0, 0xE1, 0x83, 0xB1, 0xE1, 0x83, 0xB2, 0xE1, 0x83,
    0xB3, 0xE1, 0x83, 0xB4, 0xE1, 0x83, 0xB5, 0xE1, 0x83, 0xB6, 0xE1, 0x83, 0xB7, 0xE1, 0x83, 0xB8, 0xE1, 0x83, 0xB9, 0xE1, 0x83, 0xBA, 0xE1, 0x83,
    0xBD, 0xE1, 0x83, 0xBE, 0xE1, 0x83, 0xBF, 0xC9, 0x90, 0xC9, 0x91, 0xE1, 0xB4, 0x82, 0xC9, 0x9C, 0xE1, 0xB4, 0x96, 0xE1, 0xB4, 0x97, 0xE1, 0xB4,
    0x9D, 0xE1, 0xB4, 0xA5, 0xC9, 0x92, 0xC9, 0x95, 0xC9, 0x9F, 0xC9, 0xA1, 0xC9, 0xA5, 0xC9, 0xAA, 0xE1, 0xB5, 0xBB, 0xCA, 0x9D, 0xC9, 0xAD, 0xE1,
    0xB6, 0x85, 0xCA, 0x9F, 0xC9, 0xB1, 0xC9, 0xB0, 0xC9, 0xB3, 0xC9, 0xB4, 0xC9, 0xB8, 0xCA, 0x82, 0xC6, 0xAB, 0xE1, 0xB4, 0x9C, 0xCA, 0x90, 0xCA,
    0x91, 0xE1, 0xB8, 0x81, 0xE1, 0xB8, 0x83, 0xE1, 0xB8, 0x85, 0xE1, 0xB8, 0x87, 0xE1, 0xB8, 0x89, 0xE1, 0xB8, 0x8B, 0xE1, 0xB8, 0x8D, 0xE1, 0xB8,
    0x8F, 0xE1, 0xB8, 0x91, 0xE1, 0xB8, 0x93, 0xE1, 0xB8, 0x95, 0xE1, 0xB8, 0x97, 0xE1, 0xB8, 0x99, 0xE1, 0xB8, 0x9B, 0xE1, 0xB8, 0x9D, 0xE1, 0xB8,
    0x9F, 0xE1, 0xB8, 0xA1, 0xE1, 0xB8, 0xA3, 0xE1, 0xB8, 0xA5, 0xE1, 0xB8, 0xA7, 0xE1, 0xB8, 0xA9, 0xE1, 0xB8, 0xAB, 0xE1, 0xB8, 0xAD, 0xE1, 0xB8,
    0xAF, 0xE1, 0xB8, 0xB1, 0xE1, 0xB8, 0xB3, 0xE1, 0xB8, 0xB5, 0xE1, 0xB8, 0xB7, 0xE1, 0xB8, 0xB9, 0xE1, 0xB8, 0xBB, 0xE1, 0xB8, 0xBD, 0xE1, 0xB8,
    0xBF, 0xE1, 0xB9, 0x81, 0xE1, 0xB9, 0x83, 0xE1, 0xB9, 0x85, 0xE1, 0xB9, 0x87, 0xE1, 0xB9, 0x89, 0xE1, 0xB9, 0x8B, 0xE1, 0xB9, 0x8D, 0xE1, 0xB9,
    0x8F, 0xE1, 0xB9, 0x91, 0xE1, 0xB9, 0x93, 0xE1, 0xB9, 0x95, 0xE1, 0xB9, 0x97, 0xE1, 0xB9, 0x99, 0xE1, 0xB9, 0x9B, 0xE1, 0xB9, 0x9D, 0xE1, 0xB9,
    0x9F, 0xE1, 0xB9, 0xA1, 0xE1, 0xB9, 0xA3, 0xE1, 0xB9, 0xA5, 0xE1, 0xB9, 0xA7, 0xE1, 0xB9, 0xA9, 0xE1, 0xB9, 0xAB, 0xE1, 0xB9, 0xAD, 0xE1, 0xB9,
    0xAF, 0xE1, 0xB9, 0xB1, 0xE1, 0xB9, 0xB3, 0xE1, 0xB9, 0xB5, 0xE1, 0xB9, 0xB7, 0xE1, 0xB9, 0xB9, 0xE1, 0xB9, 0xBB, 0xE1, 0xB9, 0xBD, 0xE1, 0xB9,
    0xBF, 0xE1, 0xBA, 0x81, 0xE1, 0xBA, 0x83, 0xE1, 0xBA, 0x85, 0xE1, 0xBA, 0x87, 0xE1, 0xBA, 0x89, 0xE1, 0xBA, 0x8B, 0xE1, 0xBA, 0x8D, 0xE1, 0xBA,
    0x8F, 0xE1, 0xBA, 0x91, 0xE1, 0xBA, 0x93, 0xE1, 0xBA, 0x95, 0x61, 0xCA, 0xBE, 0xC3, 0x9F, 0xE1, 0xBA, 0xA1, 0xE1, 0xBA, 0xA3, 0xE1, 0xBA, 0xA5,
    0xE1, 0xBA, 0xA7, 0xE1, 0xBA, 0xA9, 0xE1, 0xBA, 0xAB, 0xE1, 0xBA, 0xAD, 0xE1, 0xBA, 0xAF, 0xE1, 0xBA, 0xB1, 0xE1, 0xBA, 0xB3, 0xE1, 0xBA, 0xB5,
    0xE1, 0xBA, 0xB7, 0xE1, 0xBA, 0xB9, 0xE1, 0xBA, 0xBB, 0xE1, 0xBA, 0xBD, 0xE1, 0xBA, 0xBF, 0xE1, 0xBB, 0x81, 0xE1, 0xBB, 0x83, 0xE1, 0xBB, 0x85,
    0xE1, 0xBB, 0x87, 0xE1, 0xBB, 0x89, 0xE1, 0xBB, 0x8B, 0xE1, 0xBB, 0x8D, 0xE1, 0xBB, 0x8F, 0xE1, 0xBB, 0x91, 0xE1, 0xBB, 0x93, 0xE1, 0xBB, 0x95,
    0xE1, 0xBB, 0x97, 0xE1, 0xBB, 0x99, 0xE1, 0xBB, 0x9B, 0xE1, 0xBB, 0x9D, 0xE1, 0xBB, 0x9F, 0xE1, 0xBB, 0xA1, 0xE1, 0xBB, 0xA3, 0xE1, 0xBB, 0xA5,
    0xE1, 0xBB, 0xA7, 0xE1, 0xBB, 0xA9, 0xE1, 0xBB, 0xAB, 0xE1, 0xBB, 0xAD, 0xE1, 0xBB, 0xAF, 0xE1, 0xBB, 0xB1, 0xE1, 0xBB, 0xB3, 0xE1, 0xBB, 0xB5,
    0xE1, 0xBB, 0xB7, 0xE1, 0xBB, 0xB9, 0xE1, 0xBB, 0xBB, 0xE1, 0xBB, 0xBD, 0xE1, 0xBB, 0xBF, 0xE1, 0xBC, 0x80, 0xE1, 0xBC, 0x81, 0xE1, 0xBC, 0x82,
    0xE1, 0xBC, 0x83, 0xE1, 0xBC, 0x84, 0xE1, 0xBC, 0x85, 0xE1, 0xBC, 0x86, 0xE1, 0xBC, 0x87, 0xE1, 0xBC, 0x90, 0xE1, 0xBC, 0x91, 0xE1, 0xBC, 0x92,
    0xE1, 0xBC, 0x93, 0xE1, 0xBC, 0x94, 0xE1, 0xBC, 0x95, 0xE1, 0xBC, 0xA0, 0xE1, 0xBC, 0xA1, 0xE1, 0xBC, 0xA2, 0xE1, 0xBC, 0xA3, 0xE1, 0xBC, 0xA4,
    0xE1, 0xBC, 0xA5, 0xE1, 0xBC, 0xA6, 0xE1, 0xBC, 0xA7, 0xE1, 0xBC, 0xB0, 0xE1, 0xBC, 0xB1, 0xE1, 0xBC, 0xB2, 0xE1, 0xBC, 0xB3, 0xE1, 0xBC, 0xB4,
    0xE1, 0xBC, 0xB5, 0xE1, 0xBC, 0xB6, 0xE1, 0xBC, 0xB7, 0xE1, 0xBD, 0x80, 0xE1, 0xBD, 0x81, 0xE1, 0xBD, 0x82, 0xE1, 0xBD, 0x83, 0xE1, 0xBD, 0x84,
    0xE1, 0xBD, 0x85, 0xE1, 0xBD, 0x91, 0xE1, 0xBD, 0x93, 0xE1, 0xBD, 0x95, 0xE1, 0xBD, 0x97, 0xE1, 0xBD, 0xA0, 0xE1, 0xBD, 0xA1, 0xE1, 0xBD, 0xA2,
    0xE1, 0xBD, 0xA3, 0xE1, 0xBD, 0xA4, 0xE1, 0xBD, 0xA5, 0xE1, 0xBD, 0xA6, 0xE1, 0xBD, 0xA7, 0xE1, 0xBC, 0x80, 0xCE, 0xB9, 0xE1, 0xBC, 0x81, 0xCE,
    0xB9, 0xE1, 0xBC, 0x82, 0xCE, 0xB9, 0xE1, 0xBC, 0x83, 0xCE, 0xB9, 0xE1, 0xBC, 0x84, 0xCE, 0xB9, 0xE1, 0xBC, 0x85, 0xCE, 0xB9, 0xE1, 0xBC, 0x86,
    0xCE, 0xB9, 0xE1, 0xBC, 0x87, 0xCE, 0xB9, 0xE1, 0xBC, 0xA0, 0xCE, 0xB9, 0xE1, 0xBC, 0xA1, 0xCE, 0xB9, 0xE1, 0xBC, 0xA2, 0xCE, 0xB9, 0xE1, 0xBC,
    0xA3, 0xCE, 0xB9, 0xE1, 0xBC, 0xA4, 0xCE, 0xB9, 0xE1, 0xBC, 0xA5, 0xCE, 0xB9, 0xE1, 0xBC, 0xA6, 0xCE, 0xB9, 0xE1, 0xBC, 0xA7, 0xCE, 0xB9, 0xE1,
    0xBD, 0xA0, 0xCE, 0xB9, 0xE1, 0xBD, 0xA1, 0xCE, 0xB9, 0xE1, 0xBD, 0xA2, 0xCE, 0xB9, 0xE1, 0xBD, 0xA3, 0xCE, 0xB9, 0xE1, 0xBD, 0xA4, 0xCE, 0xB9,
    0xE1, 0xBD, 0xA5, 0xCE, 0xB9, 0xE1, 0xBD, 0xA6, 0xCE, 0xB9, 0xE1, 0xBD, 0xA7, 0xCE, 0xB9, 0xE1, 0xBD, 0xB0, 0xCE, 0xB9, 0xCE, 0xB1, 0xCE, 0xB9,
    0xCE, 0xAC, 0xCE, 0xB9, 0xE1, 0xBE, 0xB6, 0xCE, 0xB9, 0xE1, 0xBE, 0xB0, 0xE1, 0xBE, 0xB1, 0x20, 0xCC, 0x93, 0x20, 0xCD, 0x82, 0x20, 0xCC, 0x88,
    0xCD, 0x82, 0xE1, 0xBD, 0xB4, 0xCE, 0xB9, 0xCE, 0xB7, 0xCE, 0xB9, 0xCE, 0xAE, 0xCE, 0xB9, 0xE1, 0xBF, 0x86, 0xCE, 0xB9, 0xE1, 0xBD, 0xB2, 0x20,
    0xCC, 0x93, 0xCC, 0x80, 0x20, 0xCC, 0x93, 0xCC, 0x81, 0x20, 0xCC, 0x93, 0xCD, 0x82, 0xCE, 0x90, 0xE1, 0xBF, 0x90, 0xE1, 0xBF, 0x91, 0xE1, 0xBD,
    0xB6, 0x20, 0xCC, 0x94, 0xCC, 0x80, 0x20, 0xCC, 0x94, 0xCC, 0x81, 0x20, 0xCC, 0x94, 0xCD, 0x82, 0xCE, 0xB0, 0xE1, 0xBF, 0xA0, 0xE1, 0xBF, 0xA1,
    0xE1, 0xBD, 0xBA, 0xE1, 0xBF, 0xA5, 0x20, 0xCC, 0x88, 0xCC, 0x80, 0x60, 0xE1, 0xBD, 0xBC, 0xCE, 0xB9, 0xCF, 0x89, 0xCE, 0xB9, 0xCF, 0x8E, 0xCE,
    0xB9, 0xE1, 0xBF, 0xB6, 0xCE, 0xB9, 0xE1, 0xBD, 0xB8, 0xE2, 0x80, 0x90, 0x20, 0xCC, 0xB3, 0xE2, 0x80, 0xB2, 0xE2, 0x80, 0xB2, 0xE2, 0x80, 0xB2,
    0xE2, 0x80, 0xB2, 0xE2, 0x80, 0xB2, 0xE2, 0x80, 0xB5, 0xE2, 0x80, 0xB5, 0xE2, 0x80, 0xB5, 0xE2, 0x80, 0xB5, 0xE2, 0x80, 0xB5, 0x21, 0x21, 0x20,
    0xCC, 0x85, 0x3F, 0x3F, 0x3F, 0x21, 0x21, 0x3F, 0x30, 0x35, 0x36, 0x37, 0x38, 0x39, 0x2B, 0xE2, 0x88, 0x92, 0x3D, 0x28, 0x29, 0x61, 0x2F, 0x63,
    0x61, 0x2F, 0x73, 0xC2, 0xB0, 0x63, 0x63, 0x2F, 0x6F, 0x63, 0x2F, 0x75, 0xC2, 0xB0, 0x66, 0x73, 0x6D, 0x74, 0x65, 0x6C, 0x74, 0x6D, 0xE2, 0x85,
    0x8E, 0xD7, 0x90, 0xD7, 0x91, 0xD7, 0x92, 0xD7, 0x93, 0x66, 0x61, 0x78, 0xE2, 0x88, 0x91, 0x31, 0xE2, 0x81, 0x84, 0x37, 0x31, 0xE2, 0x81, 0x84,
    0x39, 0x31, 0xE2, 0x81, 0x84, 0x31, 0x30, 0x31, 0xE2, 0x81, 0x84, 0x33, 0x32, 0xE2, 0x81, 0x84, 0x33, 0x31, 0xE2, 0x81, 0x84, 0x35, 0x32, 0xE2,
    0x81, 0x84, 0x35, 0x33, 0xE2, 0x81, 0x84, 0x35, 0x34, 0xE2, 0x81, 0x84, 0x35, 0x31, 0xE2, 0x81, 0x84, 0x36, 0x35, 0xE2, 0x81, 0x84, 0x36, 0x31,
    0xE2, 0x81, 0x84, 0x38, 0x33, 0xE2, 0x81, 0x84, 0x38, 0x35, 0xE2, 0x81, 0x84, 0x38, 0x37, 0xE2, 0x81, 0x84, 0x38, 0x69, 0x69, 0x69, 0x69, 0x69,
    0x69, 0x76, 0x76, 0x69, 0x76, 0x69, 0x69, 0x76, 0x69, 0x69, 0x69, 0x69, 0x78, 0x78, 0x69, 0x78, 0x69, 0x69, 0xE2, 0x86, 0x84, 0x30, 0xE2, 0x81,
    0x84, 0x33, 0xE2, 0x88, 0xAB, 0xE2, 0x88, 0xAB, 0xE2, 0x88, 0xAB, 0xE2, 0x88, 0xAB, 0xE2, 0x88, 0xAB, 0xE2, 0x88, 0xAE, 0xE2, 0x88, 0xAE, 0xE2,
    0x88, 0xAE, 0xE2, 0x88, 0xAE, 0xE2, 0x88, 0xAE, 0xE3, 0x80, 0x88, 0xE3, 0x80, 0x89, 0x31, 0x32, 0x31, 0x33, 0x31, 0x34, 0x31, 0x35, 0x31, 0x36,
    0x31, 0x37, 0x31, 0x38, 0x31, 0x39, 0x32, 0x30, 0x28, 0x31, 0x29, 0x28, 0x32, 0x29, 0x28, 0x33, 0x29, 0x28, 0x34, 0x29, 0x28, 0x35, 0x29, 0x28,
    0x36, 0x29, 0x28, 0x37, 0x29, 0x28, 0x38, 0x29, 0x28, 0x39, 0x29, 0x28, 0x31, 0x30, 0x29, 0x28, 0x31, 0x31, 0x29, 0x28, 0x31, 0x32, 0x29, 0x28,
    0x31, 0x33, 0x29, 0x28, 0x31, 0x34, 0x29, 0x28, 0x31, 0x35, 0x29, 0x28, 0x31, 0x36, 0x29, 0x28, 0x31, 0x37, 0x29, 0x28, 0x31, 0x38, 0x29, 0x28,
    0x31, 0x39, 0x29, 0x28, 0x32, 0x30, 0x29, 0x28, 0x61, 0x29, 0x28, 0x62, 0x29, 0x28, 0x63, 0x29, 0x28, 0x64, 0x29, 0x28, 0x65, 0x29, 0x28, 0x66,
    0x29, 0x28, 0x67, 0x29, 0x28, 0x68, 0x29, 0x28, 0x69, 0x29, 0x28, 0x6A, 0x29, 0x28, 0x6B, 0x29, 0x28, 0x6C, 0x29, 0x28, 0x6D, 0x29, 0x28, 0x6E,
    0x29, 0x28, 0x6F, 0x29, 0x28, 0x70, 0x29, 0x28, 0x71, 0x29, 0x28, 0x72, 0x29, 0x28, 0x73, 0x29, 0x28, 0x74, 0x29, 0x28, 0x75, 0x29, 0x28, 0x76,
    0x29, 0x28, 0x77, 0x29, 0x28, 0x78, 0x29, 0x28, 0x79, 0x29, 0x28, 0x7A, 0x29, 0x3A, 0x3A, 0x3D, 0x3D, 0x3D, 0xE2, 0xAB, 0x9D, 0xCC, 0xB8, 0xE2,
    0xB0, 0xB0, 0xE2, 0xB0, 0xB1, 0xE2, 0xB0, 0xB2, 0xE2, 0xB0, 0xB3, 0xE2, 0xB0, 0xB4, 0xE2, 0xB0, 0xB5, 0xE2, 0xB0, 0xB6, 0xE2, 0xB0, 0xB7, 0xE2,
    0xB0, 0xB8, 0xE2, 0xB0, 0xB9, 0xE2, 0xB0, 0xBA, 0xE2, 0xB0, 0xBB, 0xE2, 0xB0, 0xBC, 0xE2, 0xB0, 0xBD, 0xE2, 0xB0, 0xBE, 0xE2, 0xB0, 0xBF, 0xE2,
    0xB1, 0x80, 0xE2, 0xB1, 0x81, 0xE2, 0xB1, 0x82, 0xE2, 0xB1, 0x83, 0xE2, 0xB1, 0x84, 0xE2, 0xB1, 0x85, 0xE2, 0xB1, 0x86, 0xE2, 0xB1, 0x87, 0xE2,
    0xB1, 0x88, 0xE2, 0xB1, 0x89, 0xE2, 0xB1, 0x8A, 0xE2, 0xB1, 0x8B, 0xE2, 0xB1, 0x8C, 0xE2, 0xB1, 0x8D, 0xE2, 0xB1, 0x8E, 0xE2, 0xB1, 0x8F, 0xE2,
    0xB1, 0x90, 0xE2, 0xB1, 0x91, 0xE2, 0xB1, 0x92, 0xE2, 0xB1, 0x93, 0xE2, 0xB1, 0x94, 0xE2, 0xB1, 0x95, 0xE2, 0xB1, 0x96, 0xE2, 0xB1, 0x97, 0xE2,
    0xB1, 0x98, 0xE2, 0xB1, 0x99, 0xE2, 0xB1, 0x9A, 0xE2, 0xB1, 0x9B, 0xE2, 0xB1, 0x9C, 0xE2, 0xB1, 0x9D, 0xE2, 0xB1, 0x9E, 0xE2, 0xB1, 0x9F, 0xE2,
    0xB1, 0xA1, 0xC9, 0xAB, 0xE1, 0xB5, 0xBD, 0xC9, 0xBD, 0xE2, 0xB1, 0xA8, 0xE2, 0xB1, 0xAA, 0xE2, 0xB1, 0xAC, 0xE2, 0xB1, 0xB3, 0xE2, 0xB1, 0xB6,
    0xC8, 0xBF, 0xC9, 0x80, 0xE2, 0xB2, 0x81, 0xE2, 0xB2, 0x83, 0xE2, 0xB2, 0x85, 0xE2, 0xB2, 0x87, 0xE2, 0xB2, 0x89, 0xE2, 0xB2, 0x8B, 0xE2, 0xB2,
    0x8D, 0xE2, 0xB2, 0x8F, 0xE2, 0xB2, 0x91, 0xE2, 0xB2, 0x93, 0xE2, 0xB2, 0x95, 0xE2, 0xB2, 0x97, 0xE2, 0xB2, 0x99, 0xE2, 0xB2, 0x9B, 0xE2, 0xB2,
    0x9D, 0xE2, 0xB2, 0x9F, 0xE2, 0xB2, 0xA1, 0xE2, 0xB2, 0xA3, 0xE2, 0xB2, 0xA5, 0xE2, 0xB2, 0xA7, 0xE2, 0xB2, 0xA9, 0xE2, 0xB2, 0xAB, 0xE2, 0xB2,
    0xAD, 0xE2, 0xB2, 0xAF, 0xE2, 0xB2, 0xB1, 0xE2, 0xB2, 0xB3, 0xE2, 0xB2, 0xB5, 0xE2, 0xB2, 0xB7, 0xE2, 0xB2, 0xB9, 0xE2, 0xB2, 0xBB, 0xE2, 0xB2,
    0xBD, 0xE2, 0xB2, 0xBF, 0xE2, 0xB3, 0x81, 0xE2, 0xB3, 0x83, 0xE2, 0xB3, 0x85, 0xE2, 0xB3, 0x87, 0xE2, 0xB3, 0x89, 0xE2, 0xB3, 0x8B, 0xE2, 0xB3,
    0x8D, 0xE2, 0xB3, 0x8F, 0xE2, 0xB3, 0x91, 0xE2, 0xB3, 0x93, 0xE2, 0xB3, 0x95, 0xE2, 0xB3, 0x97, 0xE2, 0xB3, 0x99, 0xE2, 0xB3, 0x9B, 0xE2, 0xB3,
    0x9D, 0xE2, 0xB3, 0x9F, 0xE2, 0xB3, 0xA1, 0xE2, 0xB3, 0xA3, 0xE2, 0xB3, 0xAC, 0xE2, 0xB3, 0xAE, 0xE2, 0xB3, 0xB3, 0xE2, 0xB5, 0xA1, 0xE6, 0xAF,
    0x8D, 0xE9, 0xBE, 0x9F, 0xE4, 0xB8, 0x80, 0xE4, 0xB8, 0xA8, 0xE4, 0xB8, 0xB6, 0xE4, 0xB8, 0xBF, 0xE4, 0xB9, 0x99, 0xE4, 0xBA, 0x85, 0xE4, 0xBA,
    0x8C, 0xE4, 0xBA, 0xA0, 0xE4, 0xBA, 0xBA, 0xE5, 0x84, 0xBF, 0xE5, 0x85, 0xA5, 0xE5, 0x85, 0xAB, 0xE5, 0x86, 0x82, 0xE5, 0x86, 0x96, 0xE5, 0x86,
    0xAB, 0xE5, 0x87, 0xA0, 0xE5, 0x87, 0xB5, 0xE5, 0x88, 0x80, 0xE5, 0x8A, 0x9B, 0xE5, 0x8B, 0xB9, 0xE5, 0x8C, 0x95, 0xE5, 0x8C, 0x9A, 0xE5, 0x8C,
    0xB8, 0xE5, 0x8D, 0x81, 0xE5, 0x8D, 0x9C, 0xE5, 0x8D, 0xA9, 0xE5, 0x8E, 0x82, 0xE5, 0x8E, 0xB6, 0xE5, 0x8F, 0x88, 0xE5, 0x8F, 0xA3, 0xE5, 0x9B,
    0x97, 0xE5, 0x9C, 0x9F, 0xE5, 0xA3, 0xAB, 0xE5, 0xA4, 0x82, 0xE5, 0xA4, 0x8A, 0xE5, 0xA4, 0x95, 0xE5, 0xA4, 0xA7, 0xE5, 0xA5, 0xB3, 0xE5, 0xAD,
    0x90, 0xE5, 0xAE, 0x80, 0xE5, 0xAF, 0xB8, 0xE5, 0xB0, 0x8F, 0xE5, 0xB0, 0xA2, 0xE5, 0xB0, 0xB8, 0xE5, 0xB1, 0xAE, 0xE5, 0xB1, 0xB1, 0xE5, 0xB7,
    0x9B, 0xE5, 0xB7, 0xA5, 0xE5, 0xB7, 0xB1, 0xE5, 0xB7, 0xBE, 0xE5, 0xB9, 0xB2, 0xE5, 0xB9, 0xBA, 0xE5, 0xB9, 0xBF, 0xE5, 0xBB, 0xB4, 0xE5, 0xBB,
    0xBE, 0xE5, 0xBC, 0x8B, 0xE5, 0xBC, 0x93, 0xE5, 0xBD, 0x90, 0xE5, 0xBD, 0xA1, 0xE5, 0xBD, 0xB3, 0xE5, 0xBF, 0x83, 0xE6, 0x88, 0x88, 0xE6, 0x88,
    0xB6, 0xE6, 0x89, 0x8B, 0xE6, 0x94, 0xAF, 0xE6, 0x94, 0xB4, 0xE6, 0x96, 0x87, 0xE6, 0x96, 0x97, 0xE6, 0x96, 0xA4, 0xE6, 0x96, 0xB9, 0xE6, 0x97,
    0xA0, 0xE6, 0x97, 0xA5, 0xE6, 0x9B, 0xB0, 0xE6, 0x9C, 0x88, 0xE6, 0x9C, 0xA8, 0xE6, 0xAC, 0xA0, 0xE6, 0xAD, 0xA2, 0xE6, 0xAD, 0xB9, 0xE6, 0xAE,
    0xB3, 0xE6, 0xAF, 0x8B, 0xE6, 0xAF, 0x94, 0xE6, 0xAF, 0x9B, 0xE6, 0xB0, 0x8F, 0xE6, 0xB0, 0x94, 0xE6, 0xB0, 0xB4, 0xE7, 0x81, 0xAB, 0xE7, 0x88,
    0xAA, 0xE7, 0x88, 0xB6, 0xE7, 0x88, 0xBB, 0xE7, 0x88, 0xBF, 0xE7, 0x89, 0x87, 0xE7, 0x89, 0x99, 0xE7, 0x89, 0x9B, 0xE7, 0x8A, 0xAC, 0xE7, 0x8E,
    0x84, 0xE7, 0x8E, 0x89, 0xE7, 0x93, 0x9C, 0xE7, 0x93, 0xA6, 0xE7, 0x94, 0x98, 0xE7, 0x94, 0x9F, 0xE7, 0x94, 0xA8, 0xE7, 0x94, 0xB0, 0xE7, 0x96,
    0x8B, 0xE7, 0x96, 0x92, 0xE7, 0x99, 0xB6, 0xE7, 0x99, 0xBD, 0xE7, 0x9A, 0xAE, 0xE7, 0x9A, 0xBF, 0xE7, 0x9B, 0xAE, 0xE7, 0x9F, 0x9B, 0xE7, 0x9F,
    0xA2, 0xE7, 0x9F, 0xB3, 0xE7, 0xA4, 0xBA, 0xE7, 0xA6, 0xB8, 0xE7, 0xA6, 0xBE, 0xE7, 0xA9, 0xB4, 0xE7, 0xAB, 0x8B, 0xE7, 0xAB, 0xB9, 0xE7, 0xB1,
    0xB3, 0xE7, 0xB3, 0xB8, 0xE7, 0xBC, 0xB6, 0xE7, 0xBD, 0x91, 0xE7, 0xBE, 0x8A, 0xE7, 0xBE, 0xBD, 0xE8, 0x80, 0x81, 0xE8, 0x80, 0x8C, 0xE8, 0x80,
    0x92, 0xE8, 0x80, 0xB3, 0xE8, 0x81, 0xBF, 0xE8, 0x82, 0x89, 0xE8, 0x87, 0xA3, 0xE8, 0x87, 0xAA, 0xE8, 0x87, 0xB3, 0xE8, 0x87, 0xBC, 0xE8, 0x88,
    0x8C, 0xE8, 0x88, 0x9B, 0xE8, 0x88, 0x9F, 0xE8, 0x89, 0xAE, 0xE8, 0x89, 0xB2, 0xE8, 0x89, 0xB8, 0xE8, 0x99, 0x8D, 0xE8, 0x99, 0xAB, 0xE8, 0xA1,
    0x80, 0xE8, 0xA1, 0x8C, 0xE8, 0xA1, 0xA3, 0xE8, 0xA5, 0xBE, 0xE8, 0xA6, 0x8B, 0xE8, 0xA7, 0x92, 0xE8, 0xA8, 0x80, 0xE8, 0xB0, 0xB7, 0xE8, 0xB1,
    0x86, 0xE8, 0xB1, 0x95, 0xE8, 0xB1, 0xB8, 0xE8, 0xB2, 0x9D, 0xE8, 0xB5, 0xA4, 0xE8, 0xB5, 0xB0, 0xE8, 0xB6, 0xB3, 0xE8, 0xBA, 0xAB, 0xE8, 0xBB,
    0x8A, 0xE8, 0xBE, 0x9B, 0xE8, 0xBE, 0xB0, 0xE8, 0xBE, 0xB5, 0xE9, 0x82, 0x91, 0xE9, 0x85, 0x89, 0xE9, 0x87, 0x86, 0xE9, 0x87, 0x8C, 0xE9, 0x87,
    0x91, 0xE9, 0x95, 0xB7, 0xE9, 0x96, 0x80, 0xE9, 0x98, 0x9C, 0xE9, 0x9A, 0xB6, 0xE9, 0x9A, 0xB9, 0xE9, 0x9B, 0xA8, 0xE9, 0x9D, 0x91, 0xE9, 0x9D,
    0x9E, 0xE9, 0x9D, 0xA2, 0xE9, 0x9D, 0xA9, 0xE9, 0x9F, 0x8B, 0xE9, 0x9F, 0xAD, 0xE9, 0x9F, 0xB3, 0xE9, 0xA0, 0x81, 0xE9, 0xA2, 0xA8, 0xE9, 0xA3,
    0x9B, 0xE9, 0xA3, 0x9F, 0xE9, 0xA6, 0x96, 0xE9, 0xA6, 0x99, 0xE9, 0xA6, 0xAC, 0xE9, 0xAA, 0xA8, 0xE9, 0xAB, 0x98, 0xE9, 0xAB, 0x9F, 0xE9, 0xAC,
    0xA5, 0xE9, 0xAC, 0xAF, 0xE9, 0xAC, 0xB2, 0xE9, 0xAC, 0xBC, 0xE9, 0xAD, 0x9A, 0xE9, 0xB3, 0xA5, 0xE9, 0xB9, 0xB5, 0xE9, 0xB9, 0xBF, 0xE9, 0xBA,
    0xA5, 0xE9, 0xBA, 0xBB, 0xE9, 0xBB, 0x83, 0xE9, 0xBB, 0x8D, 0xE9, 0xBB, 0x91, 0xE9, 0xBB, 0xB9, 0xE9, 0xBB, 0xBD, 0xE9, 0xBC, 0x8E, 0xE9, 0xBC,
    0x93, 0xE9, 0xBC, 0xA0, 0xE9, 0xBC, 0xBB, 0xE9, 0xBD, 0x8A, 0xE9, 0xBD, 0x92, 0xE9, 0xBE, 0x8D, 0xE9, 0xBE, 0x9C, 0xE9, 0xBE, 0xA0, 0x2E, 0xE3,
    0x80, 0x92, 0xE5, 0x8D, 0x84, 0xE5, 0x8D, 0x85, 0x20, 0xE3, 0x82, 0x99, 0x20, 0xE3, 0x82, 0x9A, 0xE3, 0x82, 0x88, 0xE3, 0x82, 0x8A, 0xE3, 0x82,
    0xB3, 0xE3, 0x83, 0x88, 0xE1, 0x84, 0x80, 0xE1, 0x84, 0x81, 0xE1, 0x86, 0xAA, 0xE1, 0x84, 0x82, 0xE1, 0x86, 0xAC, 0xE1, 0x86, 0xAD, 0xE1, 0x84,
    0x83, 0xE1, 0x84, 0x84, 0xE1, 0x84, 0x85, 0xE1, 0x86, 0xB0, 0xE1, 0x86, 0xB1, 0xE1, 0x86, 0xB2, 0xE1, 0x86, 0xB3, 0xE1, 0x86, 0xB4, 0xE1, 0x86,
    0xB5, 0xE1, 0x84, 0x9A, 0xE1, 0x84, 0x86, 0xE1, 0x84, 0x87, 0xE1, 0x84, 0x88, 0xE1, 0x84, 0xA1, 0xE1, 0x84, 0x89, 0xE1, 0x84, 0x8A, 0xE1, 0x84,
    0x8B, 0xE1, 0x84, 0x8C, 0xE1, 0x84, 0x8D, 0xE1, 0x84, 0x8E, 0xE1, 0x84, 0x8F, 0xE1, 0x84, 0x90, 0xE1, 0x84, 0x91, 0xE1, 0x84, 0x92, 0xE1, 0x85,
    0xA1, 0xE1, 0x85, 0xA2, 0xE1, 0x85, 0xA3, 0xE1, 0x85, 0xA4, 0xE1, 0x85, 0xA5, 0xE1, 0x85, 0xA6, 0xE1, 0x85, 0xA7, 0xE1, 0x85, 0xA8, 0xE1, 0x85,
    0xA9, 0xE1, 0x85, 0xAA, 0xE1, 0x85, 0xAB, 0xE1, 0x85, 0xAC, 0xE1, 0x85, 0xAD, 0xE1, 0x85, 0xAE, 0xE1, 0x85, 0xAF, 0xE1, 0x85, 0xB0, 0xE1, 0x85,
    0xB1, 0xE1, 0x85, 0xB2, 0xE1, 0x85, 0xB3, 0xE1, 0x85, 0xB4, 0xE1, 0x85, 0xB5, 0xE1, 0x84, 0x94, 0xE1, 0x84, 0x95, 0xE1, 0x87, 0x87, 0xE1, 0x87,
    0x88, 0xE1, 0x87, 0x8C, 0xE1, 0x87, 0x8E, 0xE1, 0x87, 0x93, 0xE1, 0x87, 0x97, 0xE1, 0x87, 0x99, 0xE1, 0x84, 0x9C, 0xE1, 0x87, 0x9D, 0xE1, 0x87,
    0x9F, 0xE1, 0x84, 0x9D, 0xE1, 0x84, 0x9E, 0xE1, 0x84, 0xA0, 0xE1, 0x84, 0xA2, 0xE1, 0x84, 0xA3, 0xE1, 0x84, 0xA7, 0xE1, 0x84, 0xA9, 0xE1, 0x84,
    0xAB, 0xE1, 0x84, 0xAC, 0xE1, 0x84, 0xAD, 0xE1, 0x84, 0xAE, 0xE1, 0x84, 0xAF, 0xE1, 0x84, 0xB2, 0xE1, 0x84, 0xB6, 0xE1, 0x85, 0x80, 0xE1, 0x85,
    0x87, 0xE1, 0x85, 0x8C, 0xE1, 0x87, 0xB1, 0xE1, 0x87, 0xB2, 0xE1, 0x85, 0x97, 0xE1, 0x85, 0x98, 0xE1, 0x85, 0x99, 0xE1, 0x86, 0x84, 0xE1, 0x86,
    0x85, 0xE1, 0x86, 0x88, 0xE1, 0x86, 0x91, 0xE1, 0x86, 0x92, 0xE1, 0x86, 0x94, 0xE1, 0x86, 0x9E, 0xE1, 0x86, 0xA1, 0xE4, 0xB8, 0x89, 0xE5, 0x9B,
    0x9B, 0xE4, 0xB8, 0x8A, 0xE4, 0xB8, 0xAD, 0xE4, 0xB8, 0x8B, 0xE7, 0x94, 0xB2, 0xE4, 0xB8, 0x99, 0xE4, 0xB8, 0x81, 0xE5, 0xA4, 0xA9, 0xE5, 0x9C,
    0xB0, 0x28, 0xE1, 0x84, 0x80, 0x29, 0x28, 0xE1, 0x84, 0x82, 0x29, 0x28, 0xE1, 0x84, 0x83, 0x29, 0x28, 0xE1, 0x84, 0x85, 0x29, 0x28, 0xE1, 0x84,
    0x86, 0x29, 0x28, 0xE1, 0x84, 0x87, 0x29, 0x28, 0xE1, 0x84, 0x89, 0x29, 0x28, 0xE1, 0x84, 0x8B, 0x29, 0x28, 0xE1, 0x84, 0x8C, 0x29, 0x28, 0xE1,
    0x84, 0x8E, 0x29, 0x28, 0xE1, 0x84, 0x8F, 0x29, 0x28, 0xE1, 0x84, 0x90, 0x29, 0x28, 0xE1, 0x84, 0x91, 0x29, 0x28, 0xE1, 0x84, 0x92, 0x29, 0x28,
    0xEA, 0xB0, 0x80, 0x29, 0x28, 0xEB, 0x82, 0x98, 0x29, 0x28, 0xEB, 0x8B, 0xA4, 0x29, 0x28, 0xEB, 0x9D, 0xBC, 0x29, 0x28, 0xEB, 0xA7, 0x88, 0x29,
    0x28, 0xEB, 0xB0, 0x94, 0x29, 0x28, 0xEC, 0x82, 0xAC, 0x29, 0x28, 0xEC, 0x95, 0x84, 0x29, 0x28, 0xEC, 0x9E, 0x90, 0x29, 0x28, 0xEC, 0xB0, 0xA8,
    0x29, 0x28, 0xEC, 0xB9, 0xB4, 0x29, 0x28, 0xED, 0x83, 0x80, 0x29, 0x28, 0xED, 0x8C, 0x8C, 0x29, 0x28, 0xED, 0x95, 0x98, 0x29, 0x28, 0xEC, 0xA3,
    0xBC, 0x29, 0x28, 0xEC, 0x98, 0xA4, 0xEC, 0xA0, 0x84, 0x29, 0x28, 0xEC, 0x98, 0xA4, 0xED, 0x9B, 0x84, 0x29, 0x28, 0xE4, 0xB8, 0x80, 0x29, 0x28,
    0xE4, 0xBA, 0x8C, 0x29, 0x28, 0xE4, 0xB8, 0x89, 0x29, 0x28, 0xE5, 0x9B, 0x9B, 0x29, 0x28, 0xE4, 0xBA, 0x94, 0x29, 0x28, 0xE5, 0x85, 0xAD, 0x29,
    0x28, 0xE4, 0xB8, 0x83, 0x29, 0x28, 0xE5, 0x85, 0xAB, 0x29, 0x28, 0xE4, 0xB9, 0x9D, 0x29, 0x28, 0xE5, 0x8D, 0x81, 0x29, 0x28, 0xE6, 0x9C, 0x88,
    0x29, 0x28, 0xE7, 0x81, 0xAB, 0x29, 0x28, 0xE6, 0xB0, 0xB4, 0x29, 0x28, 0xE6, 0x9C, 0xA8, 0x29, 0x28, 0xE9, 0x87, 0x91, 0x29, 0x28, 0xE5, 0x9C,
    0x9F, 0x29, 0x28, 0xE6, 0x97, 0xA5, 0x29, 0x28, 0xE6, 0xA0, 0xAA, 0x29, 0x28, 0xE6, 0x9C, 0x89, 0x29, 0x28, 0xE7, 0xA4, 0xBE, 0x29, 0x28, 0xE5,
    0x90, 0x8D, 0x29, 0x28, 0xE7, 0x89, 0xB9, 0x29, 0x28, 0xE8, 0xB2, 0xA1, 0x29, 0x28, 0xE7, 0xA5, 0x9D, 0x29, 0x28, 0xE5, 0x8A, 0xB4, 0x29, 0x28,
    0xE4, 0xBB, 0xA3, 0x29, 0x28, 0xE5, 0x91, 0xBC, 0x29, 0x28, 0xE5, 0xAD, 0xA6, 0x29, 0x28, 0xE7, 0x9B, 0xA3, 0x29, 0x28, 0xE4, 0xBC, 0x81, 0x29,
    0x28, 0xE8, 0xB3, 0x87, 0x29, 0x28, 0xE5, 0x8D, 0x94, 0x29, 0x28, 0xE7, 0xA5, 0xAD, 0x29, 0x28, 0xE4, 0xBC, 0x91, 0x29, 0x28, 0xE8, 0x87, 0xAA,
    0x29, 0x28, 0xE8, 0x87, 0xB3, 0x29, 0xE5, 0x95, 0x8F, 0xE5, 0xB9, 0xBC, 0xE7, 0xAE, 0x8F, 0x70, 0x74, 0x65, 0x32, 0x32, 0x32, 0x34, 0x32, 0x35,
    0x32, 0x36, 0x32, 0x37, 0x32, 0x38, 0x32, 0x39, 0x33, 0x30, 0x33, 0x33, 0x33, 0x34, 0x33, 0x35, 0xEC, 0xB0, 0xB8, 0xEA, 0xB3, 0xA0, 0xEC, 0xA3,
    0xBC, 0xEC, 0x9D, 0x98, 0xEC, 0x9A, 0xB0, 0xE7, 0xA7, 0x98, 0xE7, 0x94, 0xB7, 0xE9, 0x81, 0xA9, 0xE5, 0x84, 0xAA, 0xE5, 0x8D, 0xB0, 0xE6, 0xB3,
    0xA8, 0xE9, 0xA0, 0x85, 0xE5, 0x86, 0x99, 0xE6, 0xAD, 0xA3, 0xE5, 0xB7, 0xA6, 0xE5, 0x8F, 0xB3, 0xE5, 0x8C, 0xBB, 0xE5, 0xAE, 0x97, 0xE5, 0xA4,
    0x9C, 0x33, 0x36, 0x33, 0x37, 0x33, 0x38, 0x33, 0x39, 0x34, 0x30, 0x34, 0x34, 0x34, 0x35, 0x34, 0x36, 0x34, 0x37, 0x34, 0x38, 0x34, 0x39, 0x35,
    0x30, 0x31, 0xE6, 0x9C, 0x88, 0x32, 0xE6, 0x9C, 0x88, 0x33, 0xE6, 0x9C, 0x88, 0x34, 0xE6, 0x9C, 0x88, 0x35, 0xE6, 0x9C, 0x88, 0x36, 0xE6, 0x9C,
    0x88, 0x37, 0xE6, 0x9C, 0x88, 0x38, 0xE6, 0x9C, 0x88, 0x39, 0xE6, 0x9C, 0x88, 0x31, 0x30, 0xE6, 0x9C, 0x88, 0x31, 0x31, 0xE6, 0x9C, 0x88, 0x31,
    0x32, 0xE6, 0x9C, 0x88, 0x68, 0x67, 0x65, 0x72, 0x67, 0x65, 0x76, 0x6C, 0x74, 0x64, 0xE3, 0x82, 0xA2, 0xE3, 0x82, 0xA4, 0xE3, 0x82, 0xA6, 0xE3,
    0x82, 0xA8, 0xE3, 0x82, 0xAA, 0xE3, 0x82, 0xAB, 0xE3, 0x82, 0xAD, 0xE3, 0x82, 0xAF, 0xE3, 0x82, 0xB1, 0xE3, 0x82, 0xB5, 0xE3, 0x82, 0xB7, 0xE3,
    0x82, 0xB9, 0xE3, 0x82, 0xBB, 0xE3, 0x82, 0xBD, 0xE3, 0x82, 0xBF, 0xE3, 0x83, 0x81, 0xE3, 0x83, 0x84, 0xE3, 0x83, 0x86, 0xE3, 0x83, 0x8A, 0xE3,
    0x83, 0x8B, 0xE3, 0x83, 0x8C, 0xE3, 0x83, 0x8D, 0xE3, 0x83, 0x8E, 0xE3, 0x83, 0x8F, 0xE3, 0x83, 0x92, 0xE3, 0x83, 0x95, 0xE3, 0x83, 0x98, 0xE3,
    0x83, 0x9B, 0xE3, 0x83, 0x9E, 0xE3, 0x83, 0x9F, 0xE3, 0x83, 0xA0, 0xE3, 0x83, 0xA1, 0xE3, 0x83, 0xA2, 0xE3, 0x83, 0xA4, 0xE3, 0x83, 0xA6, 0xE3,
    0x83, 0xA8, 0xE3, 0x83, 0xA9, 0xE3, 0x83, 0xAA, 0xE3, 0x83, 0xAB, 0xE3, 0x83, 0xAC, 0xE3, 0x83, 0xAD, 0xE3, 0x83, 0xAF, 0xE3, 0x83, 0xB0, 0xE3,
    0x83, 0xB1, 0xE3, 0x83, 0xB2, 0xE4, 0xBB, 0xA4, 0xE5, 0x92, 0x8C, 0xE3, 0x82, 0xA2, 0xE3, 0x83, 0x91, 0xE3, 0x83, 0xBC, 0xE3, 0x83, 0x88, 0xE3,
    0x82, 0xA2, 0xE3, 0x83, 0xAB, 0xE3, 0x83, 0x95, 0xE3, 0x82, 0xA1, 0xE3, 0x82, 0xA2, 0xE3, 0x83, 0xB3, 0xE3, 0x83, 0x9A, 0xE3, 0x82, 0xA2, 0xE3,
    0x82, 0xA2, 0xE3, 0x83, 0xBC, 0xE3, 0x83, 0xAB, 0xE3, 0x82, 0xA4, 0xE3, 0x83, 0x8B, 0xE3, 0x83, 0xB3, 0xE3, 0x82, 0xB0, 0xE3, 0x82, 0xA4, 0xE3,
    0x83, 0xB3, 0xE3, 0x83, 0x81, 0xE3, 0x82, 0xA6, 0xE3, 0x82, 0xA9, 0xE3, 0x83, 0xB3, 0xE3, 0x82, 0xA8, 0xE3, 0x82, 0xB9, 0xE3, 0x82, 0xAF, 0xE3,
    0x83, 0xBC, 0xE3, 0x83, 0x89, 0xE3, 0x82, 0xA8, 0xE3, 0x83, 0xBC, 0xE3, 0x82, 0xAB, 0xE3, 0x83, 0xBC, 0xE3, 0x82, 0xAA, 0xE3, 0x83, 0xB3, 0xE3,
    0x82, 0xB9, 0xE3, 0x82, 0xAA, 0xE3, 0x83, 0xBC, 0xE3, 0x83, 0xA0, 0xE3, 0x82, 0xAB, 0xE3, 0x82, 0xA4, 0xE3, 0x83, 0xAA, 0xE3, 0x82, 0xAB, 0xE3,
    0x83, 0xA9, 0xE3, 0x83, 0x83, 0xE3, 0x83, 0x88, 0xE3, 0x82, 0xAB, 0xE3, 0x83, 0xAD, 0xE3, 0x83, 0xAA, 0xE3, 0x83, 0xBC, 0xE3, 0x82, 0xAC, 0xE3,
    0x83, 0xAD, 0xE3, 0x83, 0xB3, 0xE3, 0x82, 0xAC, 0xE3, 0x83, 0xB3, 0xE3, 0x83, 0x9E, 0xE3, 0x82, 0xAE, 0xE3, 0x82, 0xAC, 0xE3, 0x82, 0xAE, 0xE3,
    0x83, 0x8B, 0xE3, 0x83, 0xBC, 0xE3, 0x82, 0xAD, 0xE3, 0x83, 0xA5, 0xE3, 0x83, 0xAA, 0xE3, 0x83, 0xBC, 0xE3, 0x82, 0xAE, 0xE3, 0x83, 0xAB, 0xE3,
    0x83, 0x80, 0xE3, 0x83, 0xBC, 0xE3, 0x82, 0xAD, 0xE3, 0x83, 0xAD, 0xE3, 0x82, 0xAD, 0xE3, 0x83, 0xAD, 0xE3, 0x82, 0xB0, 0xE3, 0x83, 0xA9, 0xE3,
    0x83, 0xA0, 0xE3, 0x82, 0xAD, 0xE3, 0x83, 0xAD, 0xE3, 0x83, 0xA1, 0xE3, 0x83, 0xBC, 0xE3, 0x83, 0x88, 0xE3, 0x83, 0xAB, 0xE3, 0x82, 0xAD, 0xE3,
    0x83, 0xAD, 0xE3, 0x83, 0xAF, 0xE3, 0x83, 0x83, 0xE3, 0x83, 0x88, 0xE3, 0x82, 0xB0, 0xE3, 0x83, 0xA9, 0xE3, 0x83, 0xA0, 0xE3, 0x83, 0x88, 0xE3,
    0x83, 0xB3, 0xE3, 0x82, 0xAF, 0xE3, 0x83, 0xAB, 0xE3, 0x82, 0xBC, 0xE3, 0x82, 0xA4, 0xE3, 0x83, 0xAD, 0xE3, 0x82, 0xAF, 0xE3, 0x83, 0xAD, 0xE3,
    0x83, 0xBC, 0xE3, 0x83, 0x8D, 0xE3, 0x82, 0xB1, 0xE3, 0x83, 0xBC, 0xE3, 0x82, 0xB9, 0xE3, 0x82, 0xB3, 0xE3, 0x83, 0xAB, 0xE3, 0x83, 0x8A, 0xE3,
    0x82, 0xB3, 0xE3, 0x83, 0xBC, 0xE3, 0x83, 0x9D, 0xE3, 0x82, 0xB5, 0xE3, 0x82, 0xA4, 0xE3, 0x82, 0xAF, 0xE3, 0x83, 0xAB, 0xE3, 0x82, 0xB5, 0xE3,
    0x83, 0xB3, 0xE3, 0x83, 0x81, 0xE3, 0x83, 0xBC, 0xE3, 0x83, 0xA0, 0xE3, 0x82, 0xB7, 0xE3, 0x83, 0xAA, 0xE3, 0x83, 0xB3, 0xE3, 0x82, 0xB0, 0xE3,
    0x82, 0xBB, 0xE3, 0x83, 0xB3, 0xE3, 0x83, 0x81, 0xE3, 0x82, 0xBB, 0xE3, 0x83, 0xB3, 0xE3, 0x83, 0x88, 0xE3, 0x83, 0x80, 0xE3, 0x83, 0xBC, 0xE3,
    0x82, 0xB9, 0xE3, 0x83, 0x87, 0xE3, 0x82, 0xB7, 0xE3, 0x83, 0x89, 0xE3, 0x83, 0xAB, 0xE3, 0x83, 0x8A, 0xE3, 0x83, 0x8E, 0xE3, 0x83, 0x8E, 0xE3,
    0x83, 0x83, 0xE3, 0x83, 0x88, 0xE3, 0x83, 0x8F, 0xE3, 0x82, 0xA4, 0xE3, 0x83, 0x84, 0xE3, 0x83, 0x91, 0xE3, 0x83, 0xBC, 0xE3, 0x82, 0xBB, 0xE3,
    0x83, 0xB3, 0xE3, 0x83, 0x88, 0xE3, 0x83, 0x91, 0xE3, 0x83, 0xBC, 0xE3, 0x83, 0x84, 0xE3, 0x83, 0x90, 0xE3, 0x83, 0xBC, 0xE3, 0x83, 0xAC, 0xE3,
    0x83, 0xAB, 0xE3, 0x83, 0x94, 0xE3, 0x82, 0xA2, 0xE3, 0x82, 0xB9, 0xE3, 0x83, 0x88, 0xE3, 0x83, 0xAB, 0xE3, 0x83, 0x94, 0xE3, 0x82, 0xAF, 0xE3,
    0x83, 0xAB, 0xE3, 0x83, 0x94, 0xE3, 0x82, 0xB3, 0xE3, 0x83, 0x93, 0xE3, 0x83, 0xAB, 0xE3, 0x83, 0x95, 0xE3, 0x82, 0xA1, 0xE3, 0x83, 0xA9, 0xE3,
    0x83, 0x83, 0xE3, 0x83, 0x89, 0xE3, 0x83, 0x95, 0xE3, 0x82, 0xA3, 0xE3, 0x83, 0xBC, 0xE3, 0x83, 0x88, 0xE3, 0x83, 0x96, 0xE3, 0x83, 0x83, 0xE3,
    0x82, 0xB7, 0xE3, 0x82, 0xA7, 0xE3, 0x83, 0xAB, 0xE3, 0x83, 0x95, 0xE3, 0x83, 0xA9, 0xE3, 0x83, 0xB3, 0xE3, 0x83, 0x98, 0xE3, 0x82, 0xAF, 0xE3,
    0x82, 0xBF, 0xE3, 0x83, 0xBC, 0xE3, 0x83, 0xAB, 0xE3, 0x83, 0x9A, 0xE3, 0x82, 0xBD, 0xE3, 0x83, 0x9A, 0xE3, 0x83, 0x8B, 0xE3, 0x83, 0x92, 0xE3,
    0x83, 0x98, 0xE3, 0x83, 0xAB, 0xE3, 0x83, 0x84, 0xE3, 0x83, 0x9A, 0xE3, 0x83, 0xB3, 0xE3, 0x82, 0xB9, 0xE3, 0x83, 0x9A, 0xE3, 0x83, 0xBC, 0xE3,
    0x82, 0xB8, 0xE3, 0x83, 0x99, 0xE3, 0x83, 0xBC, 0xE3, 0x82, 0xBF, 0xE3, 0x83, 0x9D, 0xE3, 0x82, 0xA4, 0xE3, 0x83, 0xB3, 0xE3, 0x83, 0x88, 0xE3,
    0x83, 0x9C, 0xE3, 0x83, 0xAB, 0xE3, 0x83, 0x88, 0xE3, 0x83, 0x9B, 0xE3, 0x83, 0xB3, 0xE3, 0x83, 0x9D, 0xE3, 0x83, 0xB3, 0xE3, 0x83, 0x89, 0xE3,
    0x83, 0x9B, 0xE3, 0x83, 0xBC, 0xE3, 0x83, 0xAB, 0xE3, 0x83, 0x9B, 0xE3, 0x83, 0xBC, 0xE3, 0x83, 0xB3, 0xE3, 0x83, 0x9E, 0xE3, 0x82, 0xA4, 0xE3,
    0x82, 0xAF, 0xE3, 0x83, 0xAD, 0xE3, 0x83, 0x9E, 0xE3, 0x82, 0xA4, 0xE3, 0x83, 0xAB, 0xE3, 0x83, 0x9E, 0xE3, 0x83, 0x83, 0xE3, 0x83, 0x8F, 0xE3,
    0x83, 0x9E, 0xE3, 0x83, 0xAB, 0xE3, 0x82, 0xAF, 0xE3, 0x83, 0x9E, 0xE3, 0x83, 0xB3, 0xE3, 0x82, 0xB7, 0xE3, 0x83, 0xA7, 0xE3, 0x83, 0xB3, 0xE3,
    0x83, 0x9F, 0xE3, 0x82, 0xAF, 0xE3, 0x83, 0xAD, 0xE3, 0x83, 0xB3, 0xE3, 0x83, 0x9F, 0xE3, 0x83, 0xAA, 0xE3, 0x83, 0x9F, 0xE3, 0x83, 0xAA, 0xE3,
    0x83, 0x90, 0xE3, 0x83, 0xBC, 0xE3, 0x83, 0xAB, 0xE3, 0x83, 0xA1, 0xE3, 0x82, 0xAC, 0xE3, 0x83, 0xA1, 0xE3, 0x82, 0xAC, 0xE3, 0x83, 0x88, 0xE3,
    0x83, 0xB3, 0xE3, 0x83, 0xA4, 0xE3, 0x83, 0xBC, 0xE3, 0x83, 0x89, 0xE3, 0x83, 0xA4, 0xE3, 0x83, 0xBC, 0xE3, 0x83, 0xAB, 0xE3, 0x83, 0xA6, 0xE3,
    0x82, 0xA2, 0xE3, 0x83, 0xB3, 0xE3, 0x83, 0xAA, 0xE3, 0x83, 0x83, 0xE3, 0x83, 0x88, 0xE3, 0x83, 0xAB, 0xE3, 0x83, 0xAA, 0xE3, 0x83, 0xA9, 0xE3,
    0x83, 0xAB, 0xE3, 0x83, 0x94, 0xE3, 0x83, 0xBC, 0xE3, 0x83, 0xAB, 0xE3, 0x83, 0xBC, 0xE3, 0x83, 0x96, 0xE3, 0x83, 0xAB, 0xE3, 0x83, 0xAC, 0xE3,
    0x83, 0xA0, 0xE3, 0x83, 0xAC, 0xE3, 0x83, 0xB3, 0xE3, 0x83, 0x88, 0xE3, 0x82, 0xB2, 0xE3, 0x83, 0xB3, 0x30, 0xE7, 0x82, 0xB9, 0x31, 0xE7, 0x82,
    0xB9, 0x32, 0xE7, 0x82, 0xB9, 0x33, 0xE7, 0x82, 0xB9, 0x34, 0xE7, 0x82, 0xB9, 0x35, 0xE7, 0x82, 0xB9, 0x36, 0xE7, 0x82, 0xB9, 0x37, 0xE7, 0x82,
    0xB9, 0x38, 0xE7, 0x82, 0xB9, 0x39, 0xE7, 0x82, 0xB9, 0x31, 0x30, 0xE7, 0x82, 0xB9, 0x31, 0x31, 0xE7, 0x82, 0xB9, 0x31, 0x32, 0xE7, 0x82, 0xB9,
    0x31, 0x33, 0xE7, 0x82, 0xB9, 0x31, 0x34, 0xE7, 0x82, 0xB9, 0x31, 0x35, 0xE7, 0x82, 0xB9, 0x31, 0x36, 0xE7, 0x82, 0xB9, 0x31, 0x37, 0xE7, 0x82,
    0xB9, 0x31, 0x38, 0xE7, 0x82, 0xB9, 0x31, 0x39, 0xE7, 0x82, 0xB9, 0x32, 0x30, 0xE7, 0x82, 0xB9, 0x32, 0x31, 0xE7, 0x82, 0xB9, 0x32, 0x32, 0xE7,
    0x82, 0xB9, 0x32, 0x33, 0xE7, 0x82, 0xB9, 0x32, 0x34, 0xE7, 0x82, 0xB9, 0x68, 0x70, 0x61, 0x64, 0x61, 0x61, 0x75, 0x62, 0x61, 0x72, 0x6F, 0x76,
    0x70, 0x63, 0x64, 0x6D, 0x64, 0x6D, 0x32, 0x64, 0x6D, 0x33, 0x69, 0x75, 0xE5, 0xB9, 0xB3, 0xE6, 0x88, 0x90, 0xE6, 0x98, 0xAD, 0xE5, 0x92, 0x8C,
    0xE5, 0xA4, 0xA7, 0xE6, 0xAD, 0xA3, 0xE6, 0x98, 0x8E, 0xE6, 0xB2, 0xBB, 0xE6, 0xA0, 0xAA, 0xE5, 0xBC, 0x8F, 0xE4, 0xBC, 0x9A, 0xE7, 0xA4, 0xBE,
    0x6E, 0x61, 0xCE, 0xBC, 0x61, 0x6D, 0x61, 0x6B, 0x61, 0x6B, 0x62, 0x6D, 0x62, 0x67, 0x62, 0x63, 0x61, 0x6C, 0x6B, 0x63, 0x61, 0x6C, 0x70, 0x66,
    0x6E, 0x66, 0xCE, 0xBC, 0x66, 0xCE, 0xBC, 0x67, 0x6D, 0x67, 0x6B, 0x67, 0x68, 0x7A, 0x6B, 0x68, 0x7A, 0x6D, 0x68, 0x7A, 0x74, 0x68, 0x7A, 0xCE,
    0xBC, 0x6C, 0x6D, 0x6C, 0x64, 0x6C, 0x66, 0x6D, 0x6E, 0x6D, 0xCE, 0xBC, 0x6D, 0x6D, 0x6D, 0x63, 0x6D, 0x6B, 0x6D, 0x6D, 0x6D, 0x32, 0x63, 0x6D,
    0x32, 0x6B, 0x6D, 0x32, 0x6D, 0x6D, 0x33, 0x63, 0x6D, 0x33, 0x6B, 0x6D, 0x33, 0x6D, 0xE2, 0x88, 0x95, 0x73, 0x6D, 0xE2, 0x88, 0x95, 0x73, 0x32,
    0x6B, 0x70, 0x61, 0x6D, 0x70, 0x61, 0x67, 0x70, 0x61, 0x72, 0x61, 0x64, 0x72, 0x61, 0x64, 0xE2, 0x88, 0x95, 0x73, 0x72, 0x61, 0x64, 0xE2, 0x88,
    0x95, 0x73, 0x32, 0x70, 0x73, 0x6E, 0x73, 0xCE, 0xBC, 0x73, 0x6D, 0x73, 0x70, 0x76, 0x6E, 0x76, 0xCE, 0xBC, 0x76, 0x6D, 0x76, 0x6B, 0x76, 0x70,
    0x77, 0x6E, 0x77, 0xCE, 0xBC, 0x77, 0x6D, 0x77, 0x6B, 0x77, 0x6B, 0xCF, 0x89, 0x6D, 0xCF, 0x89, 0x62, 0x71, 0x63, 0xE2, 0x88, 0x95, 0x6B, 0x67,
    0x64, 0x62, 0x67, 0x79, 0x68, 0x61, 0x69, 0x6E, 0x6B, 0x6B, 0x6B, 0x74, 0x6C, 0x6E, 0x6C, 0x6F, 0x67, 0x6C, 0x78, 0x6D, 0x69, 0x6C, 0x6D, 0x6F,
    0x6C, 0x70, 0x68, 0x70, 0x70, 0x6D, 0x70, 0x72, 0x73, 0x76, 0x77, 0x62, 0x76, 0xE2, 0x88, 0x95, 0x6D, 0x61, 0xE2, 0x88, 0x95, 0x6D, 0x31, 0xE6,
    0x97, 0xA5, 0x32, 0xE6, 0x97, 0xA5, 0x33, 0xE6, 0x97, 0xA5, 0x34, 0xE6, 0x97, 0xA5, 0x35, 0xE6, 0x97, 0xA5, 0x36, 0xE6, 0x97, 0xA5, 0x37, 0xE6,
    0x97, 0xA5, 0x38, 0xE6, 0x97, 0xA5, 0x39, 0xE6, 0x97, 0xA5, 0x31, 0x30, 0xE6, 0x97, 0xA5, 0x31, 0x31, 0xE6, 0x97, 0xA5, 0x31, 0x32, 0xE6, 0x97,
    0xA5, 0x31, 0x33, 0xE6, 0x97, 0xA5, 0x31, 0x34, 0xE6, 0x97, 0xA5, 0x31, 0x35, 0xE6, 0x97, 0xA5, 0x31, 0x36, 0xE6, 0x97, 0xA5, 0x31, 0x37, 0xE6,
    0x97, 0xA5, 0x31, 0x38, 0xE6, 0x97, 0xA5, 0x31, 0x39, 0xE6, 0x97, 0xA5, 0x32, 0x30, 0xE6, 0x97, 0xA5, 0x32, 0x31, 0xE6, 0x97, 0xA5, 0x32, 0x32,
    0xE6, 0x97, 0xA5, 0x32, 0x33, 0xE6, 0x97, 0xA5, 0x32, 0x34, 0xE6, 0x97, 0xA5, 0x32, 0x35, 0xE6, 0x97, 0xA5, 0x32, 0x36, 0xE6, 0x97, 0xA5, 0x32,
    0x37, 0xE6, 0x97, 0xA5, 0x32, 0x38, 0xE6, 0x97, 0xA5, 0x32, 0x39, 0xE6, 0x97, 0xA5, 0x33, 0x30, 0xE6, 0x97, 0xA5, 0x33, 0x31, 0xE6, 0x97, 0xA5,
    0x67, 0x61, 0x6C, 0xEA, 0x99, 0x81, 0xEA, 0x99, 0x83, 0xEA, 0x99, 0x85, 0xEA, 0x99, 0x87, 0xEA, 0x99, 0x89, 0xEA, 0x99, 0x8D, 0xEA, 0x99, 0x8F,
    0xEA, 0x99, 0x91, 0xEA, 0x99, 0x93, 0xEA, 0x99, 0x95, 0xEA, 0x99, 0x97, 0xEA, 0x99, 0x99, 0xEA, 0x99, 0x9B, 0xEA, 0x99, 0x9D, 0xEA, 0x99, 0x9F,
    0xEA, 0x99, 0xA1, 0xEA, 0x99, 0xA3, 0xEA, 0x99, 0xA5, 0xEA, 0x99, 0xA7, 0xEA, 0x99, 0xA9, 0xEA, 0x99, 0xAB, 0xEA, 0x99, 0xAD, 0xEA, 0x9A, 0x81,
    0xEA, 0x9A, 0x83, 0xEA, 0x9A, 0x85, 0xEA, 0x9A, 0x87, 0xEA, 0x9A, 0x89, 0xEA, 0x9A, 0x8B, 0xEA, 0x9A, 0x8D, 0xEA, 0x9A, 0x8F, 0xEA, 0x9A, 0x91,
    0xEA, 0x9A, 0x93, 0xEA, 0x9A, 0x95, 0xEA, 0x9A, 0x97, 0xEA, 0x9A, 0x99, 0xEA, 0x9A, 0x9B, 0xEA, 0x9C, 0xA3, 0xEA, 0x9C, 0xA5, 0xEA, 0x9C, 0xA7,
    0xEA, 0x9C, 0xA9, 0xEA, 0x9C, 0xAB, 0xEA, 0x9C, 0xAD, 0xEA, 0x9C, 0xAF, 0xEA, 0x9C, 0xB3, 0xEA, 0x9C, 0xB5, 0xEA, 0x9C, 0xB7, 0xEA, 0x9C, 0xB9,
    0xEA, 0x9C, 0xBB, 0xEA, 0x9C, 0xBD, 0xEA, 0x9C, 0xBF, 0xEA, 0x9D, 0x81, 0xEA, 0x9D, 0x83, 0xEA, 0x9D, 0x85, 0xEA, 0x9D, 0x87, 0xEA, 0x9D, 0x89,
    0xEA, 0x9D, 0x8B, 0xEA, 0x9D, 0x8D, 0xEA, 0x9D, 0x8F, 0xEA, 0x9D, 0x91, 0xEA, 0x9D, 0x93, 0xEA, 0x9D, 0x95, 0xEA, 0x9D, 0x97, 0xEA, 0x9D, 0x99,
    0xEA, 0x9D, 0x9B, 0xEA, 0x9D, 0x9D, 0xEA, 0x9D, 0x9F, 0xEA, 0x9D, 0xA1, 0xEA, 0x9D, 0xA3, 0xEA, 0x9D, 0xA5, 0xEA, 0x9D, 0xA7, 0xEA, 0x9D, 0xA9,
    0xEA, 0x9D, 0xAB, 0xEA, 0x9D, 0xAD, 0xEA, 0x9D, 0xAF, 0xEA, 0x9D, 0xBA, 0xEA, 0x9D, 0xBC, 0xE1, 0xB5, 0xB9, 0xEA, 0x9D, 0xBF, 0xEA, 0x9E, 0x81,
    0xEA, 0x9E, 0x83, 0xEA, 0x9E, 0x85, 0xEA, 0x9E, 0x87, 0xEA, 0x9E, 0x8C, 0xEA, 0x9E, 0x91, 0xEA, 0x9E, 0x93, 0xEA, 0x9E, 0x97, 0xEA, 0x9E, 0x99,
    0xEA, 0x9E, 0x9B, 0xEA, 0x9E, 0x9D, 0xEA, 0x9E, 0x9F, 0xEA, 0x9E, 0xA1, 0xEA, 0x9E, 0xA3, 0xEA, 0x9E, 0xA5, 0xEA, 0x9E, 0xA7, 0xEA, 0x9E, 0xA9,
    0xC9, 0xAC, 0xCA, 0x9E, 0xCA, 0x87, 0xEA, 0xAD, 0x93, 0xEA, 0x9E, 0xB5, 0xEA, 0x9E, 0xB7, 0xEA, 0x9E, 0xB9, 0xEA, 0x9E, 0xBB, 0xEA, 0x9E, 0xBD,
    0xEA, 0x9E, 0xBF, 0xEA, 0x9F, 0x81, 0xEA, 0x9F, 0x83, 0xEA, 0x9E, 0x94, 0xE1, 0xB6, 0x8E, 0xEA, 0x9F, 0x88, 0xEA, 0x9F, 0x8A, 0xC9, 0xA4, 0xEA,
    0x9F, 0x8D, 0xEA, 0x9F, 0x8F, 0xEA, 0x9F, 0x91, 0xEA, 0x9F, 0x93, 0xEA, 0x9F, 0x95, 0xEA, 0x9F, 0x97, 0xEA, 0x9F, 0x99, 0xEA, 0x9F, 0x9B, 0xC6,
    0x9B, 0xC9, 0xB7, 0xC9, 0xBC, 0xEA, 0x9F, 0xB6, 0xEA, 0xAC, 0xB7, 0xEA, 0xAD, 0x92, 0xCA, 0x8D, 0xEA, 0xAD, 0x8B, 0xEA, 0xAD, 0x8C, 0xE1, 0x8E,
    0xA0, 0xE1, 0x8E, 0xA1, 0xE1, 0x8E, 0xA2, 0xE1, 0x8E, 0xA3, 0xE1, 0x8E, 0xA4, 0xE1, 0x8E, 0xA5, 0xE1, 0x8E, 0xA6, 0xE1, 0x8E, 0xA7, 0xE1, 0x8E,
    0xA8, 0xE1, 0x8E, 0xA9, 0xE1, 0x8E, 0xAA, 0xE1, 0x8E, 0xAB, 0xE1, 0x8E, 0xAC, 0xE1, 0x8E, 0xAD, 0xE1, 0x8E, 0xAE, 0xE1, 0x8E, 0xAF, 0xE1, 0x8E,
    0xB0, 0xE1, 0x8E, 0xB1, 0xE1, 0x8E, 0xB2, 0xE1, 0x8E, 0xB3, 0xE1, 0x8E, 0xB4, 0xE1, 0x8E, 0xB5, 0xE1, 0x8E, 0xB6, 0xE1, 0x8E, 0xB7, 0xE1, 0x8E,
    0xB8, 0xE1, 0x8E, 0xB9, 0xE1, 0x8E, 0xBA, 0xE1, 0x8E, 0xBB, 0xE1, 0x8E, 0xBC, 0xE1, 0x8E, 0xBD, 0xE1, 0x8E, 0xBE, 0xE1, 0x8E, 0xBF, 0xE1, 0x8F,
    0x80, 0xE1, 0x8F, 0x81, 0xE1, 0x8F, 0x82, 0xE1, 0x8F, 0x83, 0xE1, 0x8F, 0x84, 0xE1, 0x8F, 0x85, 0xE1, 0x8F, 0x86, 0xE1, 0x8F, 0x87, 0xE1, 0x8F,
    0x88, 0xE1, 0x8F, 0x89, 0xE1, 0x8F, 0x8A, 0xE1, 0x8F, 0x8B, 0xE1, 0x8F, 0x8C, 0xE1, 0x8F, 0x8D, 0xE1, 0x8F, 0x8E, 0xE1, 0x8F, 0x8F, 0xE1, 0x8F,
    0x90, 0xE1, 0x8F, 0x91, 0xE1, 0x8F, 0x92, 0xE1, 0x8F, 0x93, 0xE1, 0x8F, 0x94, 0xE1, 0x8F, 0x95, 0xE1, 0x8F, 0x96, 0xE1, 0x8F, 0x97, 0xE1, 0x8F,
    0x98, 0xE1, 0x8F, 0x99, 0xE1, 0x8F, 0x9A, 0xE1, 0x8F, 0x9B, 0xE1, 0x8F, 0x9C, 0xE1, 0x8F, 0x9D, 0xE1, 0x8F, 0x9E, 0xE1, 0x8F, 0x9F, 0xE1, 0x8F,
    0xA0, 0xE1, 0x8F, 0xA1, 0xE1, 0x8F, 0xA2, 0xE1, 0x8F, 0xA3, 0xE1, 0x8F, 0xA4, 0xE1, 0x8F, 0xA5, 0xE1, 0x8F, 0xA6, 0xE1, 0x8F, 0xA7, 0xE1, 0x8F,
    0xA8, 0xE1, 0x8F, 0xA9, 0xE1, 0x8F, 0xAA, 0xE1, 0x8F, 0xAB, 0xE1, 0x8F, 0xAC, 0xE1, 0x8F, 0xAD, 0xE1, 0x8F, 0xAE, 0xE1, 0x8F, 0xAF, 0xE8, 0xB1,
    0x88, 0xE6, 0x9B, 0xB4, 0xE8, 0xB3, 0x88, 0xE6, 0xBB, 0x91, 0xE4, 0xB8, 0xB2, 0xE5, 0x8F, 0xA5, 0xE5, 0xA5, 0x91, 0xE5, 0x96, 0x87, 0xE5, 0xA5,
    0x88, 0xE6, 0x87, 0xB6, 0xE7, 0x99, 0xA9, 0xE7, 0xBE, 0x85, 0xE8, 0x98, 0xBF, 0xE8, 0x9E, 0xBA, 0xE8, 0xA3, 0xB8, 0xE9, 0x82, 0x8F, 0xE6, 0xA8,
    0x82, 0xE6, 0xB4, 0x9B, 0xE7, 0x83, 0x99, 0xE7, 0x8F, 0x9E, 0xE8, 0x90, 0xBD, 0xE9, 0x85, 0xAA, 0xE9, 0xA7, 0xB1, 0xE4, 0xBA, 0x82, 0xE5, 0x8D,
    0xB5, 0xE6, 0xAC, 0x84, 0xE7, 0x88, 0x9B, 0xE8, 0x98, 0xAD, 0xE9, 0xB8, 0x9E, 0xE5, 0xB5, 0x90, 0xE6, 0xBF, 0xAB, 0xE8, 0x97, 0x8D, 0xE8, 0xA5,
    0xA4, 0xE6, 0x8B, 0x89, 0xE8, 0x87, 0x98, 0xE8, 0xA0, 0x9F, 0xE5, 0xBB, 0x8A, 0xE6, 0x9C, 0x97, 0xE6, 0xB5, 0xAA, 0xE7, 0x8B, 0xBC, 0xE9, 0x83,
    0x8E, 0xE4, 0xBE, 0x86, 0xE5, 0x86, 0xB7, 0xE5, 0x8B, 0x9E, 0xE6, 0x93, 0x84, 0xE6, 0xAB, 0x93, 0xE7, 0x88, 0x90, 0xE7, 0x9B, 0xA7, 0xE8, 0x98,
    0x86, 0xE8, 0x99, 0x9C, 0xE8, 0xB7, 0xAF, 0xE9, 0x9C, 0xB2, 0xE9, 0xAD, 0xAF, 0xE9, 0xB7, 0xBA, 0xE7, 0xA2, 0x8C, 0xE7, 0xA5, 0xBF, 0xE7, 0xB6,
    0xA0, 0xE8, 0x8F, 0x89, 0xE9, 0x8C, 0x84, 0xE8, 0xAB, 0x96, 0xE5, 0xA3, 0x9F, 0xE5, 0xBC, 0x84, 0xE7, 0xB1, 0xA0, 0xE8, 0x81, 0xBE, 0xE7, 0x89,
    0xA2, 0xE7, 0xA3, 0x8A, 0xE8, 0xB3, 0x82, 0xE9, 0x9B, 0xB7, 0xE5, 0xA3, 0x98, 0xE5, 0xB1, 0xA2, 0xE6, 0xA8, 0x93, 0xE6, 0xB7, 0x9A, 0xE6, 0xBC,
    0x8F, 0xE7, 0xB4, 0xAF, 0xE7, 0xB8, 0xB7, 0xE9, 0x99, 0x8B, 0xE5, 0x8B, 0x92, 0xE8, 0x82, 0x8B, 0xE5, 0x87, 0x9C, 0xE5, 0x87, 0x8C, 0xE7, 0xA8,
    0x9C, 0xE7, 0xB6, 0xBE, 0xE8, 0x8F, 0xB1, 0xE9, 0x99, 0xB5, 0xE8, 0xAE, 0x80, 0xE6, 0x8B, 0x8F, 0xE8, 0xAB, 0xBE, 0xE4, 0xB8, 0xB9, 0xE5, 0xAF,
    0xA7, 0xE6, 0x80, 0x92, 0xE7, 0x8E, 0x87, 0xE7, 0x95, 0xB0, 0xE5, 0x8C, 0x97, 0xE7, 0xA3, 0xBB, 0xE4, 0xBE, 0xBF, 0xE5, 0xBE, 0xA9, 0xE4, 0xB8,
    0x8D, 0xE6, 0xB3, 0x8C, 0xE6, 0x95, 0xB8, 0xE7, 0xB4, 0xA2, 0xE5, 0x8F, 0x83, 0xE5, 0xA1, 0x9E, 0xE7, 0x9C, 0x81, 0xE8, 0x91, 0x89, 0xE8, 0xAA,
    0xAA, 0xE6, 0xAE, 0xBA, 0xE6, 0xB2, 0x88, 0xE6, 0x8B, 0xBE, 0xE8, 0x8B, 0xA5, 0xE6, 0x8E, 0xA0, 0xE7, 0x95, 0xA5, 0xE4, 0xBA, 0xAE, 0xE5, 0x85,
    0xA9, 0xE5, 0x87, 0x89, 0xE6, 0xA2, 0x81, 0xE7, 0xB3, 0xA7, 0xE8, 0x89, 0xAF, 0xE8, 0xAB, 0x92, 0xE9, 0x87, 0x8F, 0xE5, 0x8B, 0xB5, 0xE5, 0x91,
    0x82, 0xE5, 0xBB, 0xAC, 0xE6, 0x97, 0x85, 0xE6, 0xBF, 0xBE, 0xE7, 0xA4, 0xAA, 0xE9, 0x96, 0xAD, 0xE9, 0xA9, 0xAA, 0xE9, 0xBA, 0x97, 0xE9, 0xBB,
    0x8E, 0xE6, 0x9B, 0x86, 0xE6, 0xAD, 0xB7, 0xE8, 0xBD, 0xA2, 0xE5, 0xB9, 0xB4, 0xE6, 0x86, 0x90, 0xE6, 0x88, 0x80, 0xE6, 0x92, 0x9A, 0xE6, 0xBC,
    0xA3, 0xE7, 0x85, 0x89, 0xE7, 0x92, 0x89, 0xE7, 0xA7, 0x8A, 0xE7, 0xB7, 0xB4, 0xE8, 0x81, 0xAF, 0xE8, 0xBC, 0xA6, 0xE8, 0x93, 0xAE, 0xE9, 0x80,
    0xA3, 0xE9, 0x8D, 0x8A, 0xE5, 0x88, 0x97, 0xE5, 0x8A, 0xA3, 0xE5, 0x92, 0xBD, 0xE7, 0x83, 0x88, 0xE8, 0xA3, 0x82, 0xE5, 0xBB, 0x89, 0xE5, 0xBF,
    0xB5, 0xE6, 0x8D, 0xBB, 0xE6, 0xAE, 0xAE, 0xE7, 0xB0, 0xBE, 0xE7, 0x8D, 0xB5, 0xE5, 0x9B, 0xB9, 0xE5, 0xB6, 0xBA, 0xE6, 0x80, 0x9C, 0xE7, 0x8E,
    0xB2, 0xE7, 0x91, 0xA9, 0xE7, 0xBE, 0x9A, 0xE8, 0x81, 0x86, 0xE9, 0x88, 0xB4, 0xE9, 0x9B, 0xB6, 0xE9, 0x9D, 0x88, 0xE9, 0xA0, 0x98, 0xE4, 0xBE,
    0x8B, 0xE7, 0xA6, 0xAE, 0xE9, 0x86, 0xB4, 0xE9, 0x9A, 0xB8, 0xE6, 0x83, 0xA1, 0xE4, 0xBA, 0x86, 0xE5, 0x83, 0x9A, 0xE5, 0xAF, 0xAE, 0xE5, 0xB0,
    0xBF, 0xE6, 0x96, 0x99, 0xE7, 0x87, 0x8E, 0xE7, 0x99, 0x82, 0xE8, 0x93, 0xBC, 0xE9, 0x81, 0xBC, 0xE6, 0x9A, 0x88, 0xE9, 0x98, 0xAE, 0xE5, 0x8A,
    0x89, 0xE6, 0x9D, 0xBB, 0xE6, 0x9F, 0xB3, 0xE6, 0xB5, 0x81, 0xE6, 0xBA, 0x9C, 0xE7, 0x90, 0x89, 0xE7, 0x95, 0x99, 0xE7, 0xA1, 0xAB, 0xE7, 0xB4,
    0x90, 0xE9, 0xA1, 0x9E, 0xE6, 0x88, 0xAE, 0xE9, 0x99, 0xB8, 0xE5, 0x80, 0xAB, 0xE5, 0xB4, 0x99, 0xE6, 0xB7, 0xAA, 0xE8, 0xBC, 0xAA, 0xE5, 0xBE,
    0x8B, 0xE6, 0x85, 0x84, 0xE6, 0xA0, 0x97, 0xE9, 0x9A, 0x86, 0xE5, 0x88, 0xA9, 0xE5, 0x90, 0x8F, 0xE5, 0xB1, 0xA5, 0xE6, 0x98, 0x93, 0xE6, 0x9D,
    0x8E, 0xE6, 0xA2, 0xA8, 0xE6, 0xB3, 0xA5, 0xE7, 0x90, 0x86, 0xE7, 0x97, 0xA2, 0xE7, 0xBD, 0xB9, 0xE8, 0xA3, 0x8F, 0xE8, 0xA3, 0xA1, 0xE9, 0x9B,
    0xA2, 0xE5, 0x8C, 0xBF, 0xE6, 0xBA, 0xBA, 0xE5, 0x90, 0x9D, 0xE7, 0x87, 0x90, 0xE7, 0x92, 0x98, 0xE8, 0x97, 0xBA, 0xE9, 0x9A, 0xA3, 0xE9, 0xB1,
    0x97, 0xE9, 0xBA, 0x9F, 0xE6, 0x9E, 0x97, 0xE6, 0xB7, 0x8B, 0xE8, 0x87, 0xA8, 0xE7, 0xAC, 0xA0, 0xE7, 0xB2, 0x92, 0xE7, 0x8B, 0x80, 0xE7, 0x82,
    0x99, 0xE8, 0xAD, 0x98, 0xE4, 0xBB, 0x80, 0xE8, 0x8C, 0xB6, 0xE5, 0x88, 0xBA, 0xE5, 0x88, 0x87, 0xE5, 0xBA, 0xA6, 0xE6, 0x8B, 0x93, 0xE7, 0xB3,
    0x96, 0xE5, 0xAE, 0x85, 0xE6, 0xB4, 0x9E, 0xE6, 0x9A, 0xB4, 0xE8, 0xBC, 0xBB, 0xE9, 0x99, 0x8D, 0xE5, 0xBB, 0x93, 0xE5, 0x85, 0x80, 0xE5, 0x97,
    0x80, 0xE5, 0xA1, 0x9A, 0xE6, 0x99, 0xB4, 0xE5, 0x87, 0x9E, 0xE7, 0x8C, 0xAA, 0xE7, 0x9B, 0x8A, 0xE7, 0xA4, 0xBC, 0xE7, 0xA5, 0x9E, 0xE7, 0xA5,
    0xA5, 0xE7, 0xA6, 0x8F, 0xE9, 0x9D, 0x96, 0xE7, 0xB2, 0xBE, 0xE8, 0x98, 0x92, 0xE8, 0xAB, 0xB8, 0xE9, 0x80, 0xB8, 0xE9, 0x83, 0xBD, 0xE9, 0xA3,
    0xAF, 0xE9, 0xA3, 0xBC, 0xE9, 0xA4, 0xA8, 0xE9, 0xB6, 0xB4, 0xE9, 0x83, 0x9E, 0xE9, 0x9A, 0xB7, 0xE4, 0xBE, 0xAE, 0xE5, 0x83, 0xA7, 0xE5, 0x85,
    0x8D, 0xE5, 0x8B, 0x89, 0xE5, 0x8B, 0xA4, 0xE5, 0x8D, 0x91, 0xE5, 0x96, 0x9D, 0xE5, 0x98, 0x86, 0xE5, 0x99, 0xA8, 0xE5, 0xA1, 0x80, 0xE5, 0xA2,
    0xA8, 0xE5, 0xB1, 0xA4, 0xE6, 0x82, 0x94, 0xE6, 0x85, 0xA8, 0xE6, 0x86, 0x8E, 0xE6, 0x87, 0xB2, 0xE6, 0x95, 0x8F, 0xE6, 0x97, 0xA2, 0xE6, 0x9A,
    0x91, 0xE6, 0xA2, 0x85, 0xE6, 0xB5, 0xB7, 0xE6, 0xB8, 0x9A, 0xE6, 0xBC, 0xA2, 0xE7, 0x85, 0xAE, 0xE7, 0x88, 0xAB, 0xE7, 0x90, 0xA2, 0xE7, 0xA2,
    0x91, 0xE7, 0xA5, 0x89, 0xE7, 0xA5, 0x88, 0xE7, 0xA5, 0x90, 0xE7, 0xA5, 0x96, 0xE7, 0xA6, 0x8D, 0xE7, 0xA6, 0x8E, 0xE7, 0xA9, 0x80, 0xE7, 0xAA,
    0x81, 0xE7, 0xAF, 0x80, 0xE7, 0xB8, 0x89, 0xE7, 0xB9, 0x81, 0xE7, 0xBD, 0xB2, 0xE8, 0x80, 0x85, 0xE8, 0x87, 0xAD, 0xE8, 0x89, 0xB9, 0xE8, 0x91,
    0x97, 0xE8, 0xA4, 0x90, 0xE8, 0xA6, 0x96, 0xE8, 0xAC, 0x81, 0xE8, 0xAC, 0xB9, 0xE8, 0xB3, 0x93, 0xE8, 0xB4, 0x88, 0xE8, 0xBE, 0xB6, 0xE9, 0x9B,
    0xA3, 0xE9, 0x9F, 0xBF, 0xE9, 0xA0, 0xBB, 0xE6, 0x81, 0xB5, 0xF0, 0xA4, 0x8B, 0xAE, 0xE8, 0x88, 0x98, 0xE4, 0xB8, 0xA6, 0xE5, 0x86, 0xB5, 0xE5,
    0x85, 0xA8, 0xE4, 0xBE, 0x80, 0xE5, 0x85, 0x85, 0xE5, 0x86, 0x80, 0xE5, 0x8B, 0x87, 0xE5, 0x8B, 0xBA, 0xE5, 0x95, 0x95, 0xE5, 0x96, 0x99, 0xE5,
    0x97, 0xA2, 0xE5, 0xA2, 0xB3, 0xE5, 0xA5, 0x84, 0xE5, 0xA5, 0x94, 0xE5, 0xA9, 0xA2, 0xE5, 0xAC, 0xA8, 0xE5, 0xBB, 0x92, 0xE5, 0xBB, 0x99, 0xE5,
    0xBD, 0xA9, 0xE5, 0xBE, 0xAD, 0xE6, 0x83, 0x98, 0xE6, 0x85, 0x8E, 0xE6, 0x84, 0x88, 0xE6, 0x85, 0xA0, 0xE6, 0x88, 0xB4, 0xE6, 0x8F, 0x84, 0xE6,
    0x90, 0x9C, 0xE6, 0x91, 0x92, 0xE6, 0x95, 0x96, 0xE6, 0x9C, 0x9B, 0xE6, 0x9D, 0x96, 0xE6, 0xBB, 0x9B, 0xE6, 0xBB, 0x8B, 0xE7, 0x80, 0x9E, 0xE7,
    0x9E, 0xA7, 0xE7, 0x88, 0xB5, 0xE7, 0x8A, 0xAF, 0xE7, 0x91, 0xB1, 0xE7, 0x94, 0x86, 0xE7, 0x94, 0xBB, 0xE7, 0x98, 0x9D, 0xE7, 0x98, 0x9F, 0xE7,
    0x9B, 0x9B, 0xE7, 0x9B, 0xB4, 0xE7, 0x9D, 0x8A, 0xE7, 0x9D, 0x80, 0xE7, 0xA3, 0x8C, 0xE7, 0xAA, 0xB1, 0xE7, 0xB1, 0xBB, 0xE7, 0xB5, 0x9B, 0xE7,
    0xBC, 0xBE, 0xE8, 0x8D, 0x92, 0xE8, 0x8F, 0xAF, 0xE8, 0x9D, 0xB9, 0xE8, 0xA5, 0x81, 0xE8, 0xA6, 0x86, 0xE8, 0xAA, 0xBF, 0xE8, 0xAB, 0x8B, 0xE8,
    0xAB, 0xAD, 0xE8, 0xAE, 0x8A, 0xE8, 0xBC, 0xB8, 0xE9, 0x81, 0xB2, 0xE9, 0x86, 0x99, 0xE9, 0x89, 0xB6, 0xE9, 0x99, 0xBC, 0xE9, 0x9F, 0x9B, 0xE9,
    0xA0, 0x8B, 0xE9, 0xAC, 0x92, 0xF0, 0xA2, 0xA1, 0x8A, 0xF0, 0xA2, 0xA1, 0x84, 0xF0, 0xA3, 0x8F, 0x95, 0xE3, 0xAE, 0x9D, 0xE4, 0x80, 0x98, 0xE4,
    0x80, 0xB9, 0xF0, 0xA5, 0x89, 0x89, 0xF0, 0xA5, 0xB3, 0x90, 0xF0, 0xA7, 0xBB, 0x93, 0xE9, 0xBD, 0x83, 0xE9, 0xBE, 0x8E, 0x66, 0x66, 0x66, 0x69,
    0x66, 0x6C, 0x66, 0x66, 0x6C, 0xD5, 0xB4, 0xD5, 0xB6, 0xD5, 0xB4, 0xD5, 0xA5, 0xD5, 0xB4, 0xD5, 0xAB, 0xD5, 0xBE, 0xD5, 0xB6, 0xD5, 0xB4, 0xD5,
    0xAD, 0xD7, 0x99, 0xD6, 0xB4, 0xD7, 0xB2, 0xD6, 0xB7, 0xD7, 0xA2, 0xD7, 0x94, 0xD7, 0x9B, 0xD7, 0x9C, 0xD7, 0x9D, 0xD7, 0xA8, 0xD7, 0xAA, 0xD7,
    0xA9, 0xD7, 0x81, 0xD7, 0xA9, 0xD7, 0x82, 0xD7, 0xA9, 0xD6, 0xBC, 0xD7, 0x81, 0xD7, 0xA9, 0xD6, 0xBC, 0xD7, 0x82, 0xD7, 0x90, 0xD6, 0xB7, 0xD7,
    0x90, 0xD6, 0xB8, 0xD7, 0x90, 0xD6, 0xBC, 0xD7, 0x91, 0xD6, 0xBC, 0xD7, 0x92, 0xD6, 0xBC, 0xD7, 0x93, 0xD6, 0xBC, 0xD7, 0x94, 0xD6, 0xBC, 0xD7,
    0x95, 0xD6, 0xBC, 0xD7, 0x96, 0xD6, 0xBC, 0xD7, 0x98, 0xD6, 0xBC, 0xD7, 0x99, 0xD6, 0xBC, 0xD7, 0x9A, 0xD6, 0xBC, 0xD7, 0x9B, 0xD6, 0xBC, 0xD7,
    0x9C, 0xD6, 0xBC, 0xD7, 0x9E, 0xD6, 0xBC, 0xD7, 0xA0, 0xD6, 0xBC, 0xD7, 0xA1, 0xD6, 0xBC, 0xD7, 0xA3, 0xD6, 0xBC, 0xD7, 0xA4, 0xD6, 0xBC, 0xD7,
    0xA6, 0xD6, 0xBC, 0xD7, 0xA7, 0xD6, 0xBC, 0xD7, 0xA8, 0xD6, 0xBC, 0xD7, 0xAA, 0xD6, 0xBC, 0xD7, 0x95, 0xD6, 0xB9, 0xD7, 0x91, 0xD6, 0xBF, 0xD7,
    0x9B, 0xD6, 0xBF, 0xD7, 0xA4, 0xD6, 0xBF, 0xD7, 0x90, 0xD7, 0x9C, 0xD9, 0xB1, 0xD9, 0xBB, 0xD9, 0xBE, 0xDA, 0x80, 0xD9, 0xBA, 0xD9, 0xBF, 0xD9,
    0xB9, 0xDA, 0xA4, 0xDA, 0xA6, 0xDA, 0x84, 0xDA, 0x83, 0xDA, 0x86, 0xDA, 0x87, 0xDA, 0x8D, 0xDA, 0x8C, 0xDA, 0x8E, 0xDA, 0x88, 0xDA, 0x98, 0xDA,
    0x91, 0xDA, 0xA9, 0xDA, 0xAF, 0xDA, 0xB3, 0xDA, 0xB1, 0xDA, 0xBA, 0xDA, 0xBB, 0xDB, 0x80, 0xDB, 0x81, 0xDA, 0xBE, 0xDB, 0x92, 0xDB, 0x93, 0xDA,
    0xAD, 0xDB, 0x86, 0xDB, 0x88, 0xDB, 0x8B, 0xDB, 0x85, 0xDB, 0x89, 0xDB, 0x90, 0xD9, 0x89, 0xD8, 0xA6, 0xD8, 0xA7, 0xD8, 0xA6, 0xDB, 0x95, 0xD8,
    0xA6, 0xD9, 0x88, 0xD8, 0xA6, 0xDB, 0x87, 0xD8, 0xA6, 0xDB, 0x86, 0xD8, 0xA6, 0xDB, 0x88, 0xD8, 0xA6, 0xDB, 0x90, 0xD8, 0xA6, 0xD9, 0x89, 0xDB,
    0x8C, 0xD8, 0xA6, 0xD8, 0xAC, 0xD8, 0xA6, 0xD8, 0xAD, 0xD8, 0xA6, 0xD9, 0x85, 0xD8, 0xA6, 0xD9, 0x8A, 0xD8, 0xA8, 0xD8, 0xAC, 0xD8, 0xA8, 0xD8,
    0xAD, 0xD8, 0xA8, 0xD8, 0xAE, 0xD8, 0xA8, 0xD9, 0x85, 0xD8, 0xA8, 0xD9, 0x89, 0xD8, 0xA8, 0xD9, 0x8A, 0xD8, 0xAA, 0xD8, 0xAC, 0xD8, 0xAA, 0xD8,
    0xAD, 0xD8, 0xAA, 0xD8, 0xAE, 0xD8, 0xAA, 0xD9, 0x85, 0xD8, 0xAA, 0xD9, 0x89, 0xD8, 0xAA, 0xD9, 0x8A, 0xD8, 0xAB, 0xD8, 0xAC, 0xD8, 0xAB, 0xD9,
    0x85, 0xD8, 0xAB, 0xD9, 0x89, 0xD8, 0xAB, 0xD9, 0x8A, 0xD8, 0xAC, 0xD8, 0xAD, 0xD8, 0xAC, 0xD9, 0x85, 0xD8, 0xAD, 0xD9, 0x85, 0xD8, 0xAE, 0xD8,
    0xAC, 0xD8, 0xAE, 0xD8, 0xAD, 0xD8, 0xAE, 0xD9, 0x85, 0xD8, 0xB3, 0xD8, 0xAC, 0xD8, 0xB3, 0xD8, 0xAD, 0xD8, 0xB3, 0xD8, 0xAE, 0xD8, 0xB3, 0xD9,
    0x85, 0xD8, 0xB5, 0xD8, 0xAD, 0xD8, 0xB5, 0xD9, 0x85, 0xD8, 0xB6, 0xD8, 0xAC, 0xD8, 0xB6, 0xD8, 0xAD, 0xD8, 0xB6, 0xD8, 0xAE, 0xD8, 0xB6, 0xD9,
    0x85, 0xD8, 0xB7, 0xD8, 0xAD, 0xD8, 0xB7, 0xD9, 0x85, 0xD8, 0xB8, 0xD9, 0x85, 0xD8, 0xB9, 0xD8, 0xAC, 0xD8, 0xB9, 0xD9, 0x85, 0xD8, 0xBA, 0xD8,
    0xAC, 0xD8, 0xBA, 0xD9, 0x85, 0xD9, 0x81, 0xD8, 0xAC, 0xD9, 0x81, 0xD8, 0xAD, 0xD9, 0x81, 0xD8, 0xAE, 0xD9, 0x81, 0xD9, 0x85, 0xD9, 0x81, 0xD9,
    0x89, 0xD9, 0x81, 0xD9, 0x8A, 0xD9, 0x82, 0xD8, 0xAD, 0xD9, 0x82, 0xD9, 0x85, 0xD9, 0x82, 0xD9, 0x89, 0xD9, 0x82, 0xD9, 0x8A, 0xD9, 0x83, 0xD8,
    0xA7, 0xD9, 0x83, 0xD8, 0xAC, 0xD9, 0x83, 0xD8, 0xAD, 0xD9, 0x83, 0xD8, 0xAE, 0xD9, 0x83, 0xD9, 0x84, 0xD9, 0x83, 0xD9, 0x85, 0xD9, 0x83, 0xD9,
    0x89, 0xD9, 0x83, 0xD9, 0x8A, 0xD9, 0x84, 0xD8, 0xAC, 0xD9, 0x84, 0xD8, 0xAD, 0xD9, 0x84, 0xD8, 0xAE, 0xD9, 0x84, 0xD9, 0x85, 0xD9, 0x84, 0xD9,
    0x89, 0xD9, 0x84, 0xD9, 0x8A, 0xD9, 0x85, 0xD8, 0xAC, 0xD9, 0x85, 0xD9, 0x85, 0xD9, 0x85, 0xD9, 0x89, 0xD9, 0x85, 0xD9, 0x8A, 0xD9, 0x86, 0xD8,
    0xAC, 0xD9, 0x86, 0xD8, 0xAD, 0xD9, 0x86, 0xD8, 0xAE, 0xD9, 0x86, 0xD9, 0x85, 0xD9, 0x86, 0xD9, 0x89, 0xD9, 0x86, 0xD9, 0x8A, 0xD9, 0x87, 0xD8,
    0xAC, 0xD9, 0x87, 0xD9, 0x85, 0xD9, 0x87, 0xD9, 0x89, 0xD9, 0x87, 0xD9, 0x8A, 0xD9, 0x8A, 0xD8, 0xAD, 0xD9, 0x8A, 0xD8, 0xAE, 0xD9, 0x8A, 0xD9,
    0x89, 0xD8, 0xB0, 0xD9, 0xB0, 0xD8, 0xB1, 0xD9, 0xB0, 0xD9, 0x89, 0xD9, 0xB0, 0x20, 0xD9, 0x8C, 0xD9, 0x91, 0x20, 0xD9, 0x8D, 0xD9, 0x91, 0x20,
    0xD9, 0x8E, 0xD9, 0x91, 0x20, 0xD9, 0x8F, 0xD9, 0x91, 0x20, 0xD9, 0x90, 0xD9, 0x91, 0x20, 0xD9, 0x91, 0xD9, 0xB0, 0xD8, 0xA6, 0xD8, 0xB1, 0xD8,
    0xA6, 0xD8, 0xB2, 0xD8, 0xA6, 0xD9, 0x86, 0xD8, 0xA8, 0xD8, 0xB1, 0xD8, 0xA8, 0xD8, 0xB2, 0xD8, 0xA8, 0xD9, 0x86, 0xD8, 0xAA, 0xD8, 0xB1, 0xD8,
    0xAA, 0xD8, 0xB2, 0xD8, 0xAA, 0xD9, 0x86, 0xD8, 0xAB, 0xD8, 0xB1, 0xD8, 0xAB, 0xD8, 0xB2, 0xD8, 0xAB, 0xD9, 0x86, 0xD9, 0x85, 0xD8, 0xA7, 0xD9,
    0x86, 0xD8, 0xB1, 0xD9, 0x86, 0xD8, 0xB2, 0xD9, 0x86, 0xD9, 0x86, 0xD9, 0x8A, 0xD8, 0xB1, 0xD9, 0x8A, 0xD8, 0xB2, 0xD8, 0xA6, 0xD8, 0xAE, 0xD8,
    0xA6, 0xD9, 0x87, 0xD8, 0xA8, 0xD9, 0x87, 0xD8, 0xAA, 0xD9, 0x87, 0xD8, 0xB5, 0xD8, 0xAE, 0xD9, 0x84, 0xD9, 0x87, 0xD9, 0x86, 0xD9, 0x87, 0xD9,
    0x87, 0xD9, 0xB0, 0xD8, 0xAB, 0xD9, 0x87, 0xD8, 0xB3, 0xD9, 0x87, 0xD8, 0xB4, 0xD9, 0x85, 0xD8, 0xB4, 0xD9, 0x87, 0xD9, 0x80, 0xD9, 0x8E, 0xD9,
    0x91, 0xD9, 0x80, 0xD9, 0x8F, 0xD9, 0x91, 0xD9, 0x80, 0xD9, 0x90, 0xD9, 0x91, 0xD8, 0xB7, 0xD9, 0x89, 0xD8, 0xB7, 0xD9, 0x8A, 0xD8, 0xB9, 0xD9,
    0x89, 0xD8, 0xB9, 0xD9, 0x8A, 0xD8, 0xBA, 0xD9, 0x89, 0xD8, 0xBA, 0xD9, 0x8A, 0xD8, 0xB3, 0xD9, 0x89, 0xD8, 0xB3, 0xD9, 0x8A, 0xD8, 0xB4, 0xD9,
    0x89, 0xD8, 0xB4, 0xD9, 0x8A, 0xD8, 0xAD, 0xD9, 0x89, 0xD8, 0xAC, 0xD9, 0x89, 0xD8, 0xAC, 0xD9, 0x8A, 0xD8, 0xAE, 0xD9, 0x89, 0xD8, 0xB5, 0xD9,
    0x89, 0xD8, 0xB5, 0xD9, 0x8A, 0xD8, 0xB6, 0xD9, 0x89, 0xD8, 0xB6, 0xD9, 0x8A, 0xD8, 0xB4, 0xD8, 0xAC, 0xD8, 0xB4, 0xD8, 0xAD, 0xD8, 0xB4, 0xD8,
    0xAE, 0xD8, 0xB4, 0xD8, 0xB1, 0xD8, 0xB3, 0xD8, 0xB1, 0xD8, 0xB5, 0xD8, 0xB1, 0xD8, 0xB6, 0xD8, 0xB1, 0xD8, 0xA7, 0xD9, 0x8B, 0xD8, 0xAA, 0xD8,
    0xAC, 0xD9, 0x85, 0xD8, 0xAA, 0xD8, 0xAD, 0xD8, 0xAC, 0xD8, 0xAA, 0xD8, 0xAD, 0xD9, 0x85, 0xD8, 0xAA, 0xD8, 0xAE, 0xD9, 0x85, 0xD8, 0xAA, 0xD9,
    0x85, 0xD8, 0xAC, 0xD8, 0xAA, 0xD9, 0x85, 0xD8, 0xAD, 0xD8, 0xAA, 0xD9, 0x85, 0xD8, 0xAE, 0xD8, 0xAD, 0xD9, 0x85, 0xD9, 0x8A, 0xD8, 0xAD, 0xD9,
    0x85, 0xD9, 0x89, 0xD8, 0xB3, 0xD8, 0xAD, 0xD8, 0xAC, 0xD8, 0xB3, 0xD8, 0xAC, 0xD8, 0xAD, 0xD8, 0xB3, 0xD8, 0xAC, 0xD9, 0x89, 0xD8, 0xB3, 0xD9,
    0x85, 0xD8, 0xAD, 0xD8, 0xB3, 0xD9, 0x85, 0xD8, 0xAC, 0xD8, 0xB3, 0xD9, 0x85, 0xD9, 0x85, 0xD8, 0xB5, 0xD8, 0xAD, 0xD8, 0xAD, 0xD8, 0xB5, 0xD9,
    0x85, 0xD9, 0x85, 0xD8, 0xB4, 0xD8, 0xAD, 0xD9, 0x85, 0xD8, 0xB4, 0xD8, 0xAC, 0xD9, 0x8A, 0xD8, 0xB4, 0xD9, 0x85, 0xD8, 0xAE, 0xD8, 0xB4, 0xD9,
    0x85, 0xD9, 0x85, 0xD8, 0xB6, 0xD8, 0xAD, 0xD9, 0x89, 0xD8, 0xB6, 0xD8, 0xAE, 0xD9, 0x85, 0xD8, 0xB7, 0xD9, 0x85, 0xD8, 0xAD, 0xD8, 0xB7, 0xD9,
    0x85, 0xD9, 0x85, 0xD8, 0xB7, 0xD9, 0x85, 0xD9, 0x8A, 0xD8, 0xB9, 0xD8, 0xAC, 0xD9, 0x85, 0xD8, 0xB9, 0xD9, 0x85, 0xD9, 0x85, 0xD8, 0xB9, 0xD9,
    0x85, 0xD9, 0x89, 0xD8, 0xBA, 0xD9, 0x85, 0xD9, 0x85, 0xD8, 0xBA, 0xD9, 0x85, 0xD9, 0x8A, 0xD8, 0xBA, 0xD9, 0x85, 0xD9, 0x89, 0xD9, 0x81, 0xD8,
    0xAE, 0xD9, 0x85, 0xD9, 0x82, 0xD9, 0x85, 0xD8, 0xAD, 0xD9, 0x82, 0xD9, 0x85, 0xD9, 0x85, 0xD9, 0x84, 0xD8, 0xAD, 0xD9, 0x85, 0xD9, 0x84, 0xD8,
    0xAD, 0xD9, 0x8A, 0xD9, 0x84, 0xD8, 0xAD, 0xD9, 0x89, 0xD9, 0x84, 0xD8, 0xAC, 0xD8, 0xAC, 0xD9, 0x84, 0xD8, 0xAE, 0xD9, 0x85, 0xD9, 0x84, 0xD9,
    0x85, 0xD8, 0xAD, 0xD9, 0x85, 0xD8, 0xAD, 0xD8, 0xAC, 0xD9, 0x85, 0xD8, 0xAD, 0xD9, 0x8A, 0xD9, 0x85, 0xD8, 0xAC, 0xD8, 0xAD, 0xD9, 0x85, 0xD8,
    0xAE, 0xD9, 0x85, 0xD9, 0x85, 0xD8, 0xAC, 0xD8, 0xAE, 0xD9, 0x87, 0xD9, 0x85, 0xD8, 0xAC, 0xD9, 0x87, 0xD9, 0x85, 0xD9, 0x85, 0xD9, 0x86, 0xD8,
    0xAD, 0xD9, 0x85, 0xD9, 0x86, 0xD8, 0xAD, 0xD9, 0x89, 0xD9, 0x86, 0xD8, 0xAC, 0xD9, 0x85, 0xD9, 0x86, 0xD8, 0xAC, 0xD9, 0x89, 0xD9, 0x86, 0xD9,
    0x85, 0xD9, 0x8A, 0xD9, 0x86, 0xD9, 0x85, 0xD9, 0x89, 0xD9, 0x8A, 0xD9, 0x85, 0xD9, 0x85, 0xD8, 0xA8, 0xD8, 0xAE, 0xD9, 0x8A, 0xD8, 0xAA, 0xD8,
    0xAC, 0xD9, 0x8A, 0xD8, 0xAA, 0xD8, 0xAC, 0xD9, 0x89, 0xD8, 0xAA, 0xD8, 0xAE, 0xD9, 0x8A, 0xD8, 0xAA, 0xD8, 0xAE, 0xD9, 0x89, 0xD8, 0xAA, 0xD9,
    0x85, 0xD9, 0x8A, 0xD8, 0xAA, 0xD9, 0x85, 0xD9, 0x89, 0xD8, 0xAC, 0xD9, 0x85, 0xD9, 0x8A, 0xD8, 0xAC, 0xD8, 0xAD, 0xD9, 0x89, 0xD8, 0xAC, 0xD9,
    0x85, 0xD9, 0x89, 0xD8, 0xB3, 0xD8, 0xAE, 0xD9, 0x89, 0xD8, 0xB5, 0xD8, 0xAD, 0xD9, 0x8A, 0xD8, 0xB4, 0xD8, 0xAD, 0xD9, 0x8A, 0xD8, 0xB6, 0xD8,
    0xAD, 0xD9, 0x8A, 0xD9, 0x84, 0xD8, 0xAC, 0xD9, 0x8A, 0xD9, 0x84, 0xD9, 0x85, 0xD9, 0x8A, 0xD9, 0x8A, 0xD8, 0xAC, 0xD9, 0x8A, 0xD9, 0x8A, 0xD9,
    0x85, 0xD9, 0x8A, 0xD9, 0x85, 0xD9, 0x85, 0xD9, 0x8A, 0xD9, 0x82, 0xD9, 0x85, 0xD9, 0x8A, 0xD9, 0x86, 0xD8, 0xAD, 0xD9, 0x8A, 0xD8, 0xB9, 0xD9,
    0x85, 0xD9, 0x8A, 0xD9, 0x83, 0xD9, 0x85, 0xD9, 0x8A, 0xD9, 0x86, 0xD8, 0xAC, 0xD8, 0xAD, 0xD9, 0x85, 0xD8, 0xAE, 0xD9, 0x8A, 0xD9, 0x84, 0xD8,
    0xAC, 0xD9, 0x85, 0xD9, 0x83, 0xD9, 0x85, 0xD9, 0x85, 0xD8, 0xAC, 0xD8, 0xAD, 0xD9, 0x8A, 0xD8, 0xAD, 0xD8, 0xAC, 0xD9, 0x8A, 0xD9, 0x85, 0xD8,
    0xAC, 0xD9, 0x8A, 0xD9, 0x81, 0xD9, 0x85, 0xD9, 0x8A, 0xD8, 0xA8, 0xD8, 0xAD, 0xD9, 0x8A, 0xD8, 0xB3, 0xD8, 0xAE, 0xD9, 0x8A, 0xD9, 0x86, 0xD8,
    0xAC, 0xD9, 0x8A, 0xD8, 0xB5, 0xD9, 0x84, 0xDB, 0x92, 0xD9, 0x82, 0xD9, 0x84, 0xDB, 0x92, 0xD8, 0xA7, 0xD9, 0x84, 0xD9, 0x84, 0xD9, 0x87, 0xD8,
    0xA7, 0xD9, 0x83, 0xD8, 0xA8, 0xD8, 0xB1, 0xD9, 0x85, 0xD8, 0xAD, 0xD9, 0x85, 0xD8, 0xAF, 0xD8, 0xB5, 0xD9, 0x84, 0xD8, 0xB9, 0xD9, 0x85, 0xD8,
    0xB1, 0xD8, 0xB3, 0xD9, 0x88, 0xD9, 0x84, 0xD8, 0xB9, 0xD9, 0x84, 0xD9, 0x8A, 0xD9, 0x87, 0xD9, 0x88, 0xD8, 0xB3, 0xD9, 0x84, 0xD9, 0x85, 0xD8,
    0xB5, 0xD9, 0x84, 0xD9, 0x89, 0xD8, 0xB5, 0xD9, 0x84, 0xD9, 0x89, 0x20, 0xD8, 0xA7, 0xD9, 0x84, 0xD9, 0x84, 0xD9, 0x87, 0x20, 0xD8, 0xB9, 0xD9,
    0x84, 0xD9, 0x8A, 0xD9, 0x87, 0x20, 0xD9, 0x88, 0xD8, 0xB3, 0xD9, 0x84, 0xD9, 0x85, 0xD8, 0xAC, 0xD9, 0x84, 0x20, 0xD8, 0xAC, 0xD9, 0x84, 0xD8,
    0xA7, 0xD9, 0x84, 0xD9, 0x87, 0xD8, 0xB1, 0xDB, 0x8C, 0xD8, 0xA7, 0xD9, 0x84, 0x2C, 0xE3, 0x80, 0x81, 0xE3, 0x80, 0x96, 0xE3, 0x80, 0x97, 0xE2,
    0x80, 0x94, 0xE2, 0x80, 0x93, 0x5F, 0x7B, 0x7D, 0xE3, 0x80, 0x94, 0xE3, 0x80, 0x95, 0xE3, 0x80, 0x90, 0xE3, 0x80, 0x91, 0xE3, 0x80, 0x8A, 0xE3,
    0x80, 0x8B, 0xE3, 0x80, 0x8C, 0xE3, 0x80, 0x8D, 0xE3, 0x80, 0x8E, 0xE3, 0x80, 0x8F, 0x5B, 0x5D, 0x23, 0x26, 0x2A, 0x2D, 0x3C, 0x3E, 0x5C, 0x24,
    0x25, 0x40, 0x20, 0xD9, 0x8B, 0xD9, 0x80, 0xD9, 0x8B, 0xD9, 0x80, 0xD9, 0x91, 0x20, 0xD9, 0x92, 0xD9, 0x80, 0xD9, 0x92, 0xD8, 0xA1, 0xD8, 0xA2,
    0xD8, 0xA3, 0xD8, 0xA4, 0xD8, 0xA5, 0xD8, 0xA9, 0xD9, 0x84, 0xD8, 0xA2, 0xD9, 0x84, 0xD8, 0xA3, 0xD9, 0x84, 0xD8, 0xA5, 0x22, 0x27, 0x5E, 0x7C,
    0x7E, 0xE2, 0xA6, 0x85, 0xE2, 0xA6, 0x86, 0xE3, 0x83, 0xBB, 0xE3, 0x82, 0xA5, 0xE3, 0x83, 0xA3, 0xC2, 0xA2, 0xC2, 0xA3, 0xC2, 0xAC, 0xC2, 0xA6,
    0xC2, 0xA5, 0xE2, 0x82, 0xA9, 0xE2, 0x94, 0x82, 0xE2, 0x86, 0x90, 0xE2, 0x86, 0x91, 0xE2, 0x86, 0x92, 0xE2, 0x86, 0x93, 0xE2, 0x96, 0xA0, 0xE2,
    0x97, 0x8B, 0xF0, 0x90, 0x90, 0xA8, 0xF0, 0x90, 0x90, 0xA9, 0xF0, 0x90, 0x90, 0xAA, 0xF0, 0x90, 0x90, 0xAB, 0xF0, 0x90, 0x90, 0xAC, 0xF0, 0x90,
    0x90, 0xAD, 0xF0, 0x90, 0x90, 0xAE, 0xF0, 0x90, 0x90, 0xAF, 0xF0, 0x90, 0x90, 0xB0, 0xF0, 0x90, 0x90, 0xB1, 0xF0, 0x90, 0x90, 0xB2, 0xF0, 0x90,
    0x90, 0xB3, 0xF0, 0x90, 0x90, 0xB4, 0xF0, 0x90, 0x90, 0xB5, 0xF0, 0x90, 0x90, 0xB6, 0xF0, 0x90, 0x90, 0xB7, 0xF0, 0x90, 0x90, 0xB8, 0xF0, 0x90,
    0x90, 0xB9, 0xF0, 0x90, 0x90, 0xBA, 0xF0, 0x90, 0x90, 0xBB, 0xF0, 0x90, 0x90, 0xBC, 0xF0, 0x90, 0x90, 0xBD, 0xF0, 0x90, 0x90, 0xBE, 0xF0, 0x90,
    0x90, 0xBF, 0xF0, 0x90, 0x91, 0x80, 0xF0, 0x90, 0x91, 0x81, 0xF0, 0x90, 0x91, 0x82, 0xF0, 0x90, 0x91, 0x83, 0xF0, 0x90, 0x91, 0x84, 0xF0, 0x90,
    0x91, 0x85, 0xF0, 0x90, 0x91, 0x86, 0xF0, 0x90, 0x91, 0x87, 0xF0, 0x90, 0x91, 0x88, 0xF0, 0x90, 0x91, 0x89, 0xF0, 0x90, 0x91, 0x8A, 0xF0, 0x90,
    0x91, 0x8B, 0xF0, 0x90, 0x91, 0x8C, 0xF0, 0x90, 0x91, 0x8D, 0xF0, 0x90, 0x91, 0x8E, 0xF0, 0x90, 0x91, 0x8F, 0xF0, 0x90, 0x93, 0x98, 0xF0, 0x90,
    0x93, 0x99, 0xF0, 0x90, 0x93, 0x9A, 0xF0, 0x90, 0x93, 0x9B, 0xF0, 0x90, 0x93, 0x9C, 0xF0, 0x90, 0x93, 0x9D, 0xF0, 0x90, 0x93, 0x9E, 0xF0, 0x90,
    0x93, 0x9F, 0xF0, 0x90, 0x93, 0xA0, 0xF0, 0x90, 0x93, 0xA1, 0xF0, 0x90, 0x93, 0xA2, 0xF0, 0x90, 0x93, 0xA3, 0xF0, 0x90, 0x93, 0xA4, 0xF0, 0x90,
    0x93, 0xA5, 0xF0, 0x90, 0x93, 0xA6, 0xF0, 0x90, 0x93, 0xA7, 0xF0, 0x90, 0x93, 0xA8, 0xF0, 0x90, 0x93, 0xA9, 0xF0, 0x90, 0x93, 0xAA, 0xF0, 0x90,
    0x93, 0xAB, 0xF0, 0x90, 0x93, 0xAC, 0xF0, 0x90, 0x93, 0xAD, 0xF0, 0x90, 0x93, 0xAE, 0xF0, 0x90, 0x93, 0xAF, 0xF0, 0x90, 0x93, 0xB0, 0xF0, 0x90,
    0x93, 0xB1, 0xF0, 0x90, 0x93, 0xB2, 0xF0, 0x90, 0x93, 0xB3, 0xF0, 0x90, 0x93, 0xB4, 0xF0, 0x90, 0x93, 0xB5, 0xF0, 0x90, 0x93, 0xB6, 0xF0, 0x90,
    0x93, 0xB7, 0xF0, 0x90, 0x93, 0xB8, 0xF0, 0x90, 0x93, 0xB9, 0xF0, 0x90, 0x93, 0xBA, 0xF0, 0x90, 0x93, 0xBB, 0xF0, 0x90, 0x96, 0x97, 0xF0, 0x90,
    0x96, 0x98, 0xF0, 0x90, 0x96, 0x99, 0xF0, 0x90, 0x96, 0x9A, 0xF0, 0x90, 0x96, 0x9B, 0xF0, 0x90, 0x96, 0x9C, 0xF0, 0x90, 0x96, 0x9D, 0xF0, 0x90,
    0x96, 0x9E, 0xF0, 0x90, 0x96, 0x9F, 0xF0, 0x90, 0x96, 0xA0, 0xF0, 0x90, 0x96, 0xA1, 0xF0, 0x90, 0x96, 0xA3, 0xF0, 0x90, 0x96, 0xA4, 0xF0, 0x90,
    0x96, 0xA5, 0xF0, 0x90, 0x96, 0xA6, 0xF0, 0x90, 0x96, 0xA7, 0xF0, 0x90, 0x96, 0xA8, 0xF0, 0x90, 0x96, 0xA9, 0xF0, 0x90, 0x96, 0xAA, 0xF0, 0x90,
    0x96, 0xAB, 0xF0, 0x90, 0x96, 0xAC, 0xF0, 0x90, 0x96, 0xAD, 0xF0, 0x90, 0x96, 0xAE, 0xF0, 0x90, 0x96, 0xAF, 0xF0, 0x90, 0x96, 0xB0, 0xF0, 0x90,
    0x96, 0xB1, 0xF0, 0x90, 0x96, 0xB3, 0xF0, 0x90, 0x96, 0xB4, 0xF0, 0x90, 0x96, 0xB5, 0xF0, 0x90, 0x96, 0xB6, 0xF0, 0x90, 0x96, 0xB7, 0xF0, 0x90,
    0x96, 0xB8, 0xF0, 0x90, 0x96, 0xB9, 0xF0, 0x90, 0x96, 0xBB, 0xF0, 0x90, 0x96, 0xBC, 0xCB, 0x90, 0xCB, 0x91, 0xCA, 0x99, 0xCA, 0xA3, 0xEA, 0xAD,
    0xA6, 0xCA, 0xA5, 0xCA, 0xA4, 0xE1, 0xB6, 0x91, 0xC9, 0x98, 0xC9, 0x9E, 0xCA, 0xA9, 0xC9, 0xA2, 0xCA, 0x9B, 0xCA, 0x9C, 0xC9, 0xA7, 0xCA, 0x84,
    0xCA, 0xAA, 0xCA, 0xAB, 0xF0, 0x9D, 0xBC, 0x84, 0xEA, 0x9E, 0x8E, 0xC9, 0xAE, 0xF0, 0x9D, 0xBC, 0x85, 0xCA, 0x8E, 0xF0, 0x9D, 0xBC, 0x86, 0xC9,
    0xB6, 0xC9, 0xBA, 0xF0, 0x9D, 0xBC, 0x88, 0xC9, 0xBE, 0xCA, 0xA8, 0xCA, 0xA6, 0xEA, 0xAD, 0xA7, 0xCA, 0xA7, 0xE2, 0xB1, 0xB1, 0xCA, 0x8F, 0xCA,
    0xA1, 0xCA, 0xA2, 0xCA, 0x98, 0xC7, 0x80, 0xC7, 0x81, 0xC7, 0x82, 0xF0, 0x9D, 0xBC, 0x8A, 0xF0, 0x9D, 0xBC, 0x9E, 0xCA, 0x96, 0xCA, 0x97, 0xF0,
    0x9D, 0xBC, 0x8B, 0xF0, 0x90, 0xB3, 0x80, 0xF0, 0x90, 0xB3, 0x81, 0xF0, 0x90, 0xB3, 0x82, 0xF0, 0x90, 0xB3, 0x83, 0xF0, 0x90, 0xB3, 0x84, 0xF0,
    0x90, 0xB3, 0x85, 0xF0, 0x90, 0xB3, 0x86, 0xF0, 0x90, 0xB3, 0x87, 0xF0, 0x90, 0xB3, 0x88, 0xF0, 0x90, 0xB3, 0x89, 0xF0, 0x90, 0xB3, 0x8A, 0xF0,
    0x90, 0xB3, 0x8B, 0xF0, 0x90, 0xB3, 0x8C, 0xF0, 0x90, 0xB3, 0x8D, 0xF0, 0x90, 0xB3, 0x8E, 0xF0, 0x90, 0xB3, 0x8F, 0xF0, 0x90, 0xB3, 0x90, 0xF0,
    0x90, 0xB3, 0x91, 0xF0, 0x90, 0xB3, 0x92, 0xF0, 0x90, 0xB3, 0x93, 0xF0, 0x90, 0xB3, 0x94, 0xF0, 0x90, 0xB3, 0x95, 0xF0, 0x90, 0xB3, 0x96, 0xF0,
    0x90, 0xB3, 0x97, 0xF0, 0x90, 0xB3, 0x98, 0xF0, 0x90, 0xB3, 0x99, 0xF0, 0x90, 0xB3, 0x9A, 0xF0, 0x90, 0xB3, 0x9B, 0xF0, 0x90, 0xB3, 0x9C, 0xF0,
    0x90, 0xB3, 0x9D, 0xF0, 0x90, 0xB3, 0x9E, 0xF0, 0x90, 0xB3, 0x9F, 0xF0, 0x90, 0xB3, 0xA0, 0xF0, 0x90, 0xB3, 0xA1, 0xF0, 0x90, 0xB3, 0xA2, 0xF0,
    0x90, 0xB3, 0xA3, 0xF0, 0x90, 0xB3, 0xA4, 0xF0, 0x90, 0xB3, 0xA5, 0xF0, 0x90, 0xB3, 0xA6, 0xF0, 0x90, 0xB3, 0xA7, 0xF0, 0x90, 0xB3, 0xA8, 0xF0,
    0x90, 0xB3, 0xA9, 0xF0, 0x90, 0xB3, 0xAA, 0xF0, 0x90, 0xB3, 0xAB, 0xF0, 0x90, 0xB3, 0xAC, 0xF0, 0x90, 0xB3, 0xAD, 0xF0, 0x90, 0xB3, 0xAE, 0xF0,
    0x90, 0xB3, 0xAF, 0xF0, 0x90, 0xB3, 0xB0, 0xF0, 0x90, 0xB3, 0xB1, 0xF0, 0x90, 0xB3, 0xB2, 0xF0, 0x90, 0xB5, 0xB0, 0xF0, 0x90, 0xB5, 0xB1, 0xF0,
    0x90, 0xB5, 0xB2, 0xF0, 0x90, 0xB5, 0xB3, 0xF0, 0x90, 0xB5, 0xB4, 0xF0, 0x90, 0xB5, 0xB5, 0xF0, 0x90, 0xB5, 0xB6, 0xF0, 0x90, 0xB5, 0xB7, 0xF0,
    0x90, 0xB5, 0xB8, 0xF0, 0x90, 0xB5, 0xB9, 0xF0, 0x90, 0xB5, 0xBA, 0xF0, 0x90, 0xB5, 0xBB, 0xF0, 0x90, 0xB5, 0xBC, 0xF0, 0x90, 0xB5, 0xBD, 0xF0,
    0x90, 0xB5, 0xBE, 0xF0, 0x90, 0xB5, 0xBF, 0xF0, 0x90, 0xB6, 0x80, 0xF0, 0x90, 0xB6, 0x81, 0xF0, 0x90, 0xB6, 0x82, 0xF0, 0x90, 0xB6, 0x83, 0xF0,
    0x90, 0xB6, 0x84, 0xF0, 0x90, 0xB6, 0x85, 0xF0, 0x91, 0xA3, 0x80, 0xF0, 0x91, 0xA3, 0x81, 0xF0, 0x91, 0xA3, 0x82, 0xF0, 0x91, 0xA3, 0x83, 0xF0,
    0x91, 0xA3, 0x84, 0xF0, 0x91, 0xA3, 0x85, 0xF0, 0x91, 0xA3, 0x86, 0xF0, 0x91, 0xA3, 0x87, 0xF0, 0x91, 0xA3, 0x88, 0xF0, 0x91, 0xA3, 0x89, 0xF0,
    0x91, 0xA3, 0x8A, 0xF0, 0x91, 0xA3, 0x8B, 0xF0, 0x91, 0xA3, 0x8C, 0xF0, 0x91, 0xA3, 0x8D, 0xF0, 0x91, 0xA3, 0x8E, 0xF0, 0x91, 0xA3, 0x8F, 0xF0,
    0x91, 0xA3, 0x90, 0xF0, 0x91, 0xA3, 0x91, 0xF0, 0x91, 0xA3, 0x92, 0xF0, 0x91, 0xA3, 0x93, 0xF0, 0x91, 0xA3, 0x94, 0xF0, 0x91, 0xA3, 0x95, 0xF0,
    0x91, 0xA3, 0x96, 0xF0, 0x91, 0xA3, 0x97, 0xF0, 0x91, 0xA3, 0x98, 0xF0, 0x91, 0xA3, 0x99, 0xF0, 0x91, 0xA3, 0x9A, 0xF0, 0x91, 0xA3, 0x9B, 0xF0,
    0x91, 0xA3, 0x9C, 0xF0, 0x91, 0xA3, 0x9D, 0xF0, 0x91, 0xA3, 0x9E, 0xF0, 0x91, 0xA3, 0x9F, 0xF0, 0x96, 0xB9, 0xA0, 0xF0, 0x96, 0xB9, 0xA1, 0xF0,
    0x96, 0xB9, 0xA2, 0xF0, 0x96, 0xB9, 0xA3, 0xF0, 0x96, 0xB9, 0xA4, 0xF0, 0x96, 0xB9, 0xA5, 0xF0, 0x96, 0xB9, 0xA6, 0xF0, 0x96, 0xB9, 0xA7, 0xF0,
    0x96, 0xB9, 0xA8, 0xF0, 0x96, 0xB9, 0xA9, 0xF0, 0x96, 0xB9, 0xAA, 0xF0, 0x96, 0xB9, 0xAB, 0xF0, 0x96, 0xB9, 0xAC, 0xF0, 0x96, 0xB9, 0xAD, 0xF0,
    0x96, 0xB9, 0xAE, 0xF0, 0x96, 0xB9, 0xAF, 0xF0, 0x96, 0xB9, 0xB0, 0xF0, 0x96, 0xB9, 0xB1, 0xF0, 0x96, 0xB9, 0xB2, 0xF0, 0x96, 0xB9, 0xB3, 0xF0,
    0x96, 0xB9, 0xB4, 0xF0, 0x96, 0xB9, 0xB5, 0xF0, 0x96, 0xB9, 0xB6, 0xF0, 0x96, 0xB9, 0xB7, 0xF0, 0x96, 0xB9, 0xB8, 0xF0, 0x96, 0xB9, 0xB9, 0xF0,
    0x96, 0xB9, 0xBA, 0xF0, 0x96, 0xB9, 0xBB, 0xF0, 0x96, 0xB9, 0xBC, 0xF0, 0x96, 0xB9, 0xBD, 0xF0, 0x96, 0xB9, 0xBE, 0xF0, 0x96, 0xB9, 0xBF, 0xF0,
    0x96, 0xBA, 0xBB, 0xF0, 0x96, 0xBA, 0xBC, 0xF0, 0x96, 0xBA, 0xBD, 0xF0, 0x96, 0xBA, 0xBE, 0xF0, 0x96, 0xBA, 0xBF, 0xF0, 0x96, 0xBB, 0x80, 0xF0,
    0x96, 0xBB, 0x81, 0xF0, 0x96, 0xBB, 0x82, 0xF0, 0x96, 0xBB, 0x83, 0xF0, 0x96, 0xBB, 0x84, 0xF0, 0x96, 0xBB, 0x85, 0xF0, 0x96, 0xBB, 0x86, 0xF0,
    0x96, 0xBB, 0x87, 0xF0, 0x96, 0xBB, 0x88, 0xF0, 0x96, 0xBB, 0x89, 0xF0, 0x96, 0xBB, 0x8A, 0xF0, 0x96, 0xBB, 0x8B, 0xF0, 0x96, 0xBB, 0x8C, 0xF0,
    0x96, 0xBB, 0x8D, 0xF0, 0x96, 0xBB, 0x8E, 0xF0, 0x96, 0xBB, 0x8F, 0xF0, 0x96, 0xBB, 0x90, 0xF0, 0x96, 0xBB, 0x91, 0xF0, 0x96, 0xBB, 0x92, 0xF0,
    0x96, 0xBB, 0x93, 0xE3, 0x81, 0x93, 0xE3, 0x81, 0xA8, 0xE3, 0x83, 0x88, 0xE3, 0x82, 0xAD, 0xE3, 0x83, 0x88, 0xE3, 0x83, 0x86, 0xE3, 0x83, 0xA8,
    0xE3, 0x83, 0xAA, 0xF0, 0x9D, 0x85, 0x97, 0xF0, 0x9D, 0x85, 0xA5, 0xF0, 0x9D, 0x85, 0x98, 0xF0, 0x9D, 0x85, 0xA5, 0xF0, 0x9D, 0x85, 0x98, 0xF0,
    0x9D, 0x85, 0xA5, 0xF0, 0x9D, 0x85, 0xAE, 0xF0, 0x9D, 0x85, 0x98, 0xF0, 0x9D, 0x85, 0xA5, 0xF0, 0x9D, 0x85, 0xAF, 0xF0, 0x9D, 0x85, 0x98, 0xF0,
    0x9D, 0x85, 0xA5, 0xF0, 0x9D, 0x85, 0xB0, 0xF0, 0x9D, 0x85, 0x98, 0xF0, 0x9D, 0x85, 0xA5, 0xF0, 0x9D, 0x85, 0xB1, 0xF0, 0x9D, 0x85, 0x98, 0xF0,
    0x9D, 0x85, 0xA5, 0xF0, 0x9D, 0x85, 0xB2, 0xF0, 0x9D, 0x86, 0xB9, 0xF0, 0x9D, 0x85, 0xA5, 0xF0, 0x9D, 0x86, 0xBA, 0xF0, 0x9D, 0x85, 0xA5, 0xF0,
    0x9D, 0x86, 0xB9, 0xF0, 0x9D, 0x85, 0xA5, 0xF0, 0x9D, 0x85, 0xAE, 0xF0, 0x9D, 0x86, 0xBA, 0xF0, 0x9D, 0x85, 0xA5, 0xF0, 0x9D, 0x85, 0xAE, 0xF0,
    0x9D, 0x86, 0xB9, 0xF0, 0x9D, 0x85, 0xA5, 0xF0, 0x9D, 0x85, 0xAF, 0xF0, 0x9D, 0x86, 0xBA, 0xF0, 0x9D, 0x85, 0xA5, 0xF0, 0x9D, 0x85, 0xAF, 0xC4,
    0xB1, 0xC8, 0xB7, 0xE2, 0x88, 0x87, 0xE2, 0x88, 0x82, 0xF0, 0x9D, 0xBD, 0x81, 0xF0, 0x9D, 0xBD, 0x89, 0xF0, 0x9D, 0xBD, 0x8B, 0xF0, 0x9D, 0xBD,
    0x8E, 0xF0, 0x9D, 0xBD, 0x92, 0xF0, 0x9D, 0xBD, 0xA9, 0xF0, 0x9D, 0xBD, 0xAB, 0xF0, 0x9D, 0xBD, 0xAD, 0xF0, 0x9D, 0xBD, 0xAF, 0xF0, 0x9D, 0xBD,
    0xB3, 0xF0, 0x9D, 0xBD, 0xB5, 0xF0, 0x9D, 0xBD, 0xB7, 0xF0, 0x9D, 0xBD, 0xB9, 0xF0, 0x9D, 0xBD, 0xBB, 0xF0, 0x9D, 0xBD, 0xBD, 0xF0, 0x9D, 0xBD,
    0xBF, 0xF0, 0x9D, 0xBD, 0x97, 0xF0, 0x9D, 0xBD, 0x98, 0xF0, 0x9D, 0xBD, 0x99, 0xE1, 0xB4, 0x98, 0xF0, 0x9D, 0xBD, 0x90, 0xF0, 0x9D, 0xBC, 0xBE,
    0xE1, 0xB5, 0xBF, 0xF0, 0x9D, 0xBC, 0xBF, 0xC8, 0xB8, 0xC8, 0xB9, 0xF0, 0x9D, 0xBC, 0xAB, 0xF0, 0x9D, 0xBC, 0x99, 0xCA, 0x86, 0xE1, 0xB6, 0x98,
    0xF0, 0x9D, 0xBC, 0xAC, 0xF0, 0x9D, 0xBC, 0x9C, 0xCA, 0x93, 0xE1, 0xB6, 0x9A, 0xE1, 0xB4, 0x85, 0xE1, 0xB4, 0x80, 0xE1, 0xB4, 0x87, 0xC9, 0xBF,
    0xCA, 0x85, 0xCA, 0xAE, 0xCA, 0xAF, 0xC8, 0xA1, 0xC8, 0xB4, 0xC8, 0xB5, 0xC8, 0xB6, 0xE1, 0xB6, 0x81, 0xEA, 0x9E, 0x95, 0xE1, 0xB6, 0x87, 0xE1,
    0xB6, 0x8A, 0xCA, 0xA0, 0xF0, 0x9D, 0xBC, 0x89, 0xF0, 0x9E, 0xA4, 0xA2, 0xF0, 0x9E, 0xA4, 0xA3, 0xF0, 0x9E, 0xA4, 0xA4, 0xF0, 0x9E, 0xA4, 0xA5,
    0xF0, 0x9E, 0xA4, 0xA6, 0xF0, 0x9E, 0xA4, 0xA7, 0xF0, 0x9E, 0xA4, 0xA8, 0xF0, 0x9E, 0xA4, 0xA9, 0xF0, 0x9E, 0xA4, 0xAA, 0xF0, 0x9E, 0xA4, 0xAB,
    0xF0, 0x9E, 0xA4, 0xAC, 0xF0, 0x9E, 0xA4, 0xAD, 0xF0, 0x9E, 0xA4, 0xAE, 0xF0, 0x9E, 0xA4, 0xAF, 0xF0, 0x9E, 0xA4, 0xB0, 0xF0, 0x9E, 0xA4, 0xB1,
    0xF0, 0x9E, 0xA4, 0xB2, 0xF0, 0x9E, 0xA4, 0xB3, 0xF0, 0x9E, 0xA4, 0xB4, 0xF0, 0x9E, 0xA4, 0xB5, 0xF0, 0x9E, 0xA4, 0xB6, 0xF0, 0x9E, 0xA4, 0xB7,
    0xF0, 0x9E, 0xA4, 0xB8, 0xF0, 0x9E, 0xA4, 0xB9, 0xF0, 0x9E, 0xA4, 0xBA, 0xF0, 0x9E, 0xA4, 0xBB, 0xF0, 0x9E, 0xA4, 0xBC, 0xF0, 0x9E, 0xA4, 0xBD,
    0xF0, 0x9E, 0xA4, 0xBE, 0xF0, 0x9E, 0xA4, 0xBF, 0xF0, 0x9E, 0xA5, 0x80, 0xF0, 0x9E, 0xA5, 0x81, 0xF0, 0x9E, 0xA5, 0x82, 0xF0, 0x9E, 0xA5, 0x83,
    0xD9, 0xAE, 0xDA, 0xA1, 0xD9, 0xAF, 0x30, 0x2C, 0x31, 0x2C, 0x32, 0x2C, 0x33, 0x2C, 0x34, 0x2C, 0x35, 0x2C, 0x36, 0x2C, 0x37, 0x2C, 0x38, 0x2C,
    0x39, 0x2C, 0xE3, 0x80, 0x94, 0x73, 0xE3, 0x80, 0x95, 0x77, 0x7A, 0x68, 0x76, 0x73, 0x64, 0x70, 0x70, 0x76, 0x77, 0x63, 0x6D, 0x72, 0x64, 0x6A,
    0xE3, 0x81, 0xBB, 0xE3, 0x81, 0x8B, 0xE3, 0x82, 0xB3, 0xE3, 0x82, 0xB3, 0xE5, 0xAD, 0x97, 0xE5, 0x8F, 0x8C, 0xE5, 0xA4, 0x9A, 0xE8, 0xA7, 0xA3,
    0xE4, 0xBA, 0xA4, 0xE6, 0x98, 0xA0, 0xE7, 0x84, 0xA1, 0xE5, 0x89, 0x8D, 0xE5, 0xBE, 0x8C, 0xE5, 0x86, 0x8D, 0xE6, 0x96, 0xB0, 0xE5, 0x88, 0x9D,
    0xE7, 0xB5, 0x82, 0xE8, 0xB2, 0xA9, 0xE5, 0xA3, 0xB0, 0xE5, 0x90, 0xB9, 0xE6, 0xBC, 0x94, 0xE6, 0x8A, 0x95, 0xE6, 0x8D, 0x95, 0xE9, 0x81, 0x8A,
    0xE6, 0x8C, 0x87, 0xE6, 0x89, 0x93, 0xE7, 0xA6, 0x81, 0xE7, 0xA9, 0xBA, 0xE5, 0x90, 0x88, 0xE6, 0xBA, 0x80, 0xE7, 0x94, 0xB3, 0xE5, 0x89, 0xB2,
    0xE5, 0x96, 0xB6, 0xE9, 0x85, 0x8D, 0xE3, 0x80, 0x94, 0xE6, 0x9C, 0xAC, 0xE3, 0x80, 0x95, 0xE3, 0x80, 0x94, 0xE4, 0xB8, 0x89, 0xE3, 0x80, 0x95,
    0xE3, 0x80, 0x94, 0xE4, 0xBA, 0x8C, 0xE3, 0x80, 0x95, 0xE3, 0x80, 0x94, 0xE5, 0xAE, 0x89, 0xE3, 0x80, 0x95, 0xE3, 0x80, 0x94, 0xE7, 0x82, 0xB9,
    0xE3, 0x80, 0x95, 0xE3, 0x80, 0x94, 0xE6, 0x89, 0x93, 0xE3, 0x80, 0x95, 0xE3, 0x80, 0x94, 0xE7, 0x9B, 0x97, 0xE3, 0x80, 0x95, 0xE3, 0x80, 0x94,
    0xE5, 0x8B, 0x9D, 0xE3, 0x80, 0x95, 0xE3, 0x80, 0x94, 0xE6, 0x95, 0x97, 0xE3, 0x80, 0x95, 0xE5, 0xBE, 0x97, 0xE5, 0x8F, 0xAF, 0xE4, 0xB8, 0xBD,
    0xE4, 0xB8, 0xB8, 0xE4, 0xB9, 0x81, 0xF0, 0xA0, 0x84, 0xA2, 0xE4, 0xBD, 0xA0, 0xE4, 0xBE, 0xBB, 0xE5, 0x80, 0x82, 0xE5, 0x81, 0xBA, 0xE5, 0x82,
    0x99, 0xE5, 0x83, 0x8F, 0xE3, 0x92, 0x9E, 0xF0, 0xA0, 0x98, 0xBA, 0xE5, 0x85, 0x94, 0xE5, 0x85, 0xA4, 0xE5, 0x85, 0xB7, 0xF0, 0xA0, 0x94, 0x9C,
    0xE3, 0x92, 0xB9, 0xE5, 0x85, 0xA7, 0xF0, 0xA0, 0x95, 0x8B, 0xE5, 0x86, 0x97, 0xE5, 0x86, 0xA4, 0xE4, 0xBB, 0x8C, 0xE5, 0x86, 0xAC, 0xF0, 0xA9,
    0x87, 0x9F, 0xE5, 0x88, 0x83, 0xE3, 0x93, 0x9F, 0xE5, 0x88, 0xBB, 0xE5, 0x89, 0x86, 0xE5, 0x89, 0xB7, 0xE3, 0x94, 0x95, 0xE5, 0x8C, 0x85, 0xE5,
    0x8C, 0x86, 0xE5, 0x8D, 0x89, 0xE5, 0x8D, 0x9A, 0xE5, 0x8D, 0xB3, 0xE5, 0x8D, 0xBD, 0xE5, 0x8D, 0xBF, 0xF0, 0xA0, 0xA8, 0xAC, 0xE7, 0x81, 0xB0,
    0xE5, 0x8F, 0x8A, 0xE5, 0x8F, 0x9F, 0xF0, 0xA0, 0xAD, 0xA3, 0xE5, 0x8F, 0xAB, 0xE5, 0x8F, 0xB1, 0xE5, 0x90, 0x86, 0xE5, 0x92, 0x9E, 0xE5, 0x90,
    0xB8, 0xE5, 0x91, 0x88, 0xE5, 0x91, 0xA8, 0xE5, 0x92, 0xA2, 0xE5, 0x93, 0xB6, 0xE5, 0x94, 0x90, 0xE5, 0x95, 0x93, 0xE5, 0x95, 0xA3, 0xE5, 0x96,
    0x84, 0xE5, 0x96, 0xAB, 0xE5, 0x96, 0xB3, 0xE5, 0x97, 0x82, 0xE5, 0x9C, 0x96, 0xE5, 0x9C, 0x97, 0xE5, 0x99, 0x91, 0xE5, 0x99, 0xB4, 0xE5, 0xA3,
    0xAE, 0xE5, 0x9F, 0x8E, 0xE5, 0x9F, 0xB4, 0xE5, 0xA0, 0x8D, 0xE5, 0x9E, 0x8B, 0xE5, 0xA0, 0xB2, 0xE5, 0xA0, 0xB1, 0xE5, 0xA2, 0xAC, 0xF0, 0xA1,
    0x93, 0xA4, 0xE5, 0xA3, 0xB2, 0xE5, 0xA3, 0xB7, 0xE5, 0xA4, 0x86, 0xE5, 0xA4, 0xA2, 0xE5, 0xA5, 0xA2, 0xF0, 0xA1, 0x9A, 0xA8, 0xF0, 0xA1, 0x9B,
    0xAA, 0xE5, 0xA7, 0xAC, 0xE5, 0xA8, 0x9B, 0xE5, 0xA8, 0xA7, 0xE5, 0xA7, 0x98, 0xE5, 0xA9, 0xA6, 0xE3, 0x9B, 0xAE, 0xE3, 0x9B, 0xBC, 0xE5, 0xAC,
    0x88, 0xE5, 0xAC, 0xBE, 0xF0, 0xA1, 0xA7, 0x88, 0xE5, 0xAF, 0x83, 0xE5, 0xAF, 0x98, 0xE5, 0xAF, 0xB3, 0xF0, 0xA1, 0xAC, 0x98, 0xE5, 0xAF, 0xBF,
    0xE5, 0xB0, 0x86, 0xE5, 0xBD, 0x93, 0xE3, 0x9E, 0x81, 0xE5, 0xB1, 0xA0, 0xE5, 0xB3, 0x80, 0xE5, 0xB2, 0x8D, 0xF0, 0xA1, 0xB7, 0xA4, 0xE5, 0xB5,
    0x83, 0xF0, 0xA1, 0xB7, 0xA6, 0xE5, 0xB5, 0xAE, 0xE5, 0xB5, 0xAB, 0xE5, 0xB5, 0xBC, 0xE5, 0xB7, 0xA1, 0xE5, 0xB7, 0xA2, 0xE3, 0xA0, 0xAF, 0xE5,
    0xB7, 0xBD, 0xE5, 0xB8, 0xA8, 0xE5, 0xB8, 0xBD, 0xE5, 0xB9, 0xA9, 0xE3, 0xA1, 0xA2, 0xF0, 0xA2, 0x86, 0x83, 0xE3, 0xA1, 0xBC, 0xE5, 0xBA, 0xB0,
    0xE5, 0xBA, 0xB3, 0xE5, 0xBA, 0xB6, 0xF0, 0xAA, 0x8E, 0x92, 0xF0, 0xA2, 0x8C, 0xB1, 0xE8, 0x88, 0x81, 0xE5, 0xBC, 0xA2, 0xE3, 0xA3, 0x87, 0xF0,
    0xA3, 0x8A, 0xB8, 0xF0, 0xA6, 0x87, 0x9A, 0xE5, 0xBD, 0xA2, 0xE5, 0xBD, 0xAB, 0xE3, 0xA3, 0xA3, 0xE5, 0xBE, 0x9A, 0xE5, 0xBF, 0x8D, 0xE5, 0xBF,
    0x97, 0xE5, 0xBF, 0xB9, 0xE6, 0x82, 0x81, 0xE3, 0xA4, 0xBA, 0xE3, 0xA4, 0x9C, 0xF0, 0xA2, 0x9B, 0x94, 0xE6, 0x83, 0x87, 0xE6, 0x85, 0x88, 0xE6,
    0x85, 0x8C, 0xE6, 0x85, 0xBA, 0xE6, 0x86, 0xB2, 0xE6, 0x86, 0xA4, 0xE6, 0x86, 0xAF, 0xE6, 0x87, 0x9E, 0xE6, 0x88, 0x9B, 0xE6, 0x89, 0x9D, 0xE6,
    0x8A, 0xB1, 0xE6, 0x8B, 0x94, 0xE6, 0x8D, 0x90, 0xF0, 0xA2, 0xAC, 0x8C, 0xE6, 0x8C, 0xBD, 0xE6, 0x8B, 0xBC, 0xE6, 0x8D, 0xA8, 0xE6, 0x8E, 0x83,
    0xE6, 0x8F, 0xA4, 0xF0, 0xA2, 0xAF, 0xB1, 0xE6, 0x90, 0xA2, 0xE6, 0x8F, 0x85, 0xE6, 0x8E, 0xA9, 0xE3, 0xA8, 0xAE, 0xE6, 0x91, 0xA9, 0xE6, 0x91,
    0xBE, 0xE6, 0x92, 0x9D, 0xE6, 0x91, 0xB7, 0xE3, 0xA9, 0xAC, 0xE6, 0x95, 0xAC, 0xF0, 0xA3, 0x80, 0x8A, 0xE6, 0x97, 0xA3, 0xE6, 0x9B, 0xB8, 0xE6,
    0x99, 0x89, 0xE3, 0xAC, 0x99, 0xE3, 0xAC, 0x88, 0xE3, 0xAB, 0xA4, 0xE5, 0x86, 0x92, 0xE5, 0x86, 0x95, 0xE6, 0x9C, 0x80, 0xE6, 0x9A, 0x9C, 0xE8,
    0x82, 0xAD, 0xE4, 0x8F, 0x99, 0xE6, 0x9C, 0xA1, 0xE6, 0x9D, 0x9E, 0xE6, 0x9D, 0x93, 0xF0, 0xA3, 0x8F, 0x83, 0xE3, 0xAD, 0x89, 0xE6, 0x9F, 0xBA,
    0xE6, 0x9E, 0x85, 0xE6, 0xA1, 0x92, 0xF0, 0xA3, 0x91, 0xAD, 0xE6, 0xA2, 0x8E, 0xE6, 0xA0, 0x9F, 0xE6, 0xA4, 0x94, 0xE6, 0xA5, 0x82, 0xE6, 0xA6,
    0xA3, 0xE6, 0xA7, 0xAA, 0xE6, 0xAA, 0xA8, 0xF0, 0xA3, 0x9A, 0xA3, 0xE6, 0xAB, 0x9B, 0xE3, 0xB0, 0x98, 0xE6, 0xAC, 0xA1, 0xF0, 0xA3, 0xA2, 0xA7,
    0xE6, 0xAD, 0x94, 0xE3, 0xB1, 0x8E, 0xE6, 0xAD, 0xB2, 0xE6, 0xAE, 0x9F, 0xE6, 0xAE, 0xBB, 0xF0, 0xA3, 0xAA, 0x8D, 0xF0, 0xA1, 0xB4, 0x8B, 0xF0,
    0xA3, 0xAB, 0xBA, 0xE6, 0xB1, 0x8E, 0xF0, 0xA3, 0xB2, 0xBC, 0xE6, 0xB2, 0xBF, 0xE6, 0xB3, 0x8D, 0xE6, 0xB1, 0xA7, 0xE6, 0xB4, 0x96, 0xE6, 0xB4,
    0xBE, 0xE6, 0xB5, 0xA9, 0xE6, 0xB5, 0xB8, 0xE6, 0xB6, 0x85, 0xF0, 0xA3, 0xB4, 0x9E, 0xE6, 0xB4, 0xB4, 0xE6, 0xB8, 0xAF, 0xE6, 0xB9, 0xAE, 0xE3,
    0xB4, 0xB3, 0xE6, 0xBB, 0x87, 0xF0, 0xA3, 0xBB, 0x91, 0xE6, 0xB7, 0xB9, 0xE6, 0xBD, 0xAE, 0xF0, 0xA3, 0xBD, 0x9E, 0xF0, 0xA3, 0xBE, 0x8E, 0xE6,
    0xBF, 0x86, 0xE7, 0x80, 0xB9, 0xE7, 0x80, 0x9B, 0xE3, 0xB6, 0x96, 0xE7, 0x81, 0x8A, 0xE7, 0x81, 0xBD, 0xE7, 0x81, 0xB7, 0xE7, 0x82, 0xAD, 0xF0,
    0xA0, 0x94, 0xA5, 0xE7, 0x85, 0x85, 0xF0, 0xA4, 0x89, 0xA3, 0xE7, 0x86, 0x9C, 0xF0, 0xA4, 0x8E, 0xAB, 0xE7, 0x88, 0xA8, 0xE7, 0x89, 0x90, 0xF0,
    0xA4, 0x98, 0x88, 0xE7, 0x8A, 0x80, 0xE7, 0x8A, 0x95, 0xF0, 0xA4, 0x9C, 0xB5, 0xF0, 0xA4, 0xA0, 0x94, 0xE7, 0x8D, 0xBA, 0xE7, 0x8E, 0x8B, 0xE3,
    0xBA, 0xAC, 0xE7, 0x8E, 0xA5, 0xE3, 0xBA, 0xB8, 0xE7, 0x91, 0x87, 0xE7, 0x91, 0x9C, 0xE7, 0x92, 0x85, 0xE7, 0x93, 0x8A, 0xE3, 0xBC, 0x9B, 0xE7,
    0x94, 0xA4, 0xF0, 0xA4, 0xB0, 0xB6, 0xE7, 0x94, 0xBE, 0xF0, 0xA4, 0xB2, 0x92, 0xF0, 0xA2, 0x86, 0x9F, 0xE7, 0x98, 0x90, 0xF0, 0xA4, 0xBE, 0xA1,
    0xF0, 0xA4, 0xBE, 0xB8, 0xF0, 0xA5, 0x81, 0x84, 0xE3, 0xBF, 0xBC, 0xE4, 0x80, 0x88, 0xF0, 0xA5, 0x83, 0xB3, 0xF0, 0xA5, 0x83, 0xB2, 0xF0, 0xA5,
    0x84, 0x99, 0xF0, 0xA5, 0x84, 0xB3, 0xE7, 0x9C, 0x9E, 0xE7, 0x9C, 0x9F, 0xE7, 0x9E, 0x8B, 0xE4, 0x81, 0x86, 0xE4, 0x82, 0x96, 0xF0, 0xA5, 0x90,
    0x9D, 0xE7, 0xA1, 0x8E, 0xE4, 0x83, 0xA3, 0xF0, 0xA5, 0x98, 0xA6, 0xF0, 0xA5, 0x9A, 0x9A, 0xF0, 0xA5, 0x9B, 0x85, 0xE7, 0xA7, 0xAB, 0xE4, 0x84,
    0xAF, 0xE7, 0xA9, 0x8A, 0xE7, 0xA9, 0x8F, 0xF0, 0xA5, 0xA5, 0xBC, 0xF0, 0xA5, 0xAA, 0xA7, 0xE7, 0xAB, 0xAE, 0xE4, 0x88, 0x82, 0xF0, 0xA5, 0xAE,
    0xAB, 0xE7, 0xAF, 0x86, 0xE7, 0xAF, 0x89, 0xE4, 0x88, 0xA7, 0xF0, 0xA5, 0xB2, 0x80, 0xE7, 0xB3, 0x92, 0xE4, 0x8A, 0xA0, 0xE7, 0xB3, 0xA8, 0xE7,
    0xB3, 0xA3, 0xE7, 0xB4, 0x80, 0xF0, 0xA5, 0xBE, 0x86, 0xE7, 0xB5, 0xA3, 0xE4, 0x8C, 0x81, 0xE7, 0xB7, 0x87, 0xE7, 0xB8, 0x82, 0xE7, 0xB9, 0x85,
    0xE4, 0x8C, 0xB4, 0xF0, 0xA6, 0x88, 0xA8, 0xF0, 0xA6, 0x89, 0x87, 0xE4, 0x8D, 0x99, 0xF0, 0xA6, 0x8B, 0x99, 0xE7, 0xBD, 0xBA, 0xF0, 0xA6, 0x8C,
    0xBE, 0xE7, 0xBE, 0x95, 0xE7, 0xBF, 0xBA, 0xF0, 0xA6, 0x93, 0x9A, 0xF0, 0xA6, 0x94, 0xA3, 0xE8, 0x81, 0xA0, 0xF0, 0xA6, 0x96, 0xA8, 0xE8, 0x81,
    0xB0, 0xF0, 0xA3, 0x8D, 0x9F, 0xE4, 0x8F, 0x95, 0xE8, 0x82, 0xB2, 0xE8, 0x84, 0x83, 0xE4, 0x90, 0x8B, 0xE8, 0x84, 0xBE, 0xE5, 0xAA, 0xB5, 0xF0,
    0xA6, 0x9E, 0xA7, 0xF0, 0xA6, 0x9E, 0xB5, 0xF0, 0xA3, 0x8E, 0x93, 0xF0, 0xA3, 0x8E, 0x9C, 0xE8, 0x88, 0x84, 0xE8, 0xBE, 0x9E, 0xE4, 0x91, 0xAB,
    0xE8, 0x8A, 0x91, 0xE8, 0x8A, 0x8B, 0xE8, 0x8A, 0x9D, 0xE5, 0x8A, 0xB3, 0xE8, 0x8A, 0xB1, 0xE8, 0x8A, 0xB3, 0xE8, 0x8A, 0xBD, 0xE8, 0x8B, 0xA6,
    0xF0, 0xA6, 0xAC, 0xBC, 0xE8, 0x8C, 0x9D, 0xE8, 0x8D, 0xA3, 0xE8, 0x8E, 0xAD, 0xE8, 0x8C, 0xA3, 0xE8, 0x8E, 0xBD, 0xE8, 0x8F, 0xA7, 0xE8, 0x8D,
    0x93, 0xE8, 0x8F, 0x8A, 0xE8, 0x8F, 0x8C, 0xE8, 0x8F, 0x9C, 0xF0, 0xA6, 0xB0, 0xB6, 0xF0, 0xA6, 0xB5, 0xAB, 0xF0, 0xA6, 0xB3, 0x95, 0xE4, 0x94,
    0xAB, 0xE8, 0x93, 0xB1, 0xE8, 0x93, 0xB3, 0xE8, 0x94, 0x96, 0xF0, 0xA7, 0x8F, 0x8A, 0xE8, 0x95, 0xA4, 0xF0, 0xA6, 0xBC, 0xAC, 0xE4, 0x95, 0x9D,
    0xE4, 0x95, 0xA1, 0xF0, 0xA6, 0xBE, 0xB1, 0xF0, 0xA7, 0x83, 0x92, 0xE4, 0x95, 0xAB, 0xE8, 0x99, 0x90, 0xE8, 0x99, 0xA7, 0xE8, 0x99, 0xA9, 0xE8,
    0x9A, 0xA9, 0xE8, 0x9A, 0x88, 0xE8, 0x9C, 0x8E, 0xE8, 0x9B, 0xA2, 0xE8, 0x9C, 0xA8, 0xE8, 0x9D, 0xAB, 0xE8, 0x9E, 0x86, 0xE4, 0x97, 0x97, 0xE8,
    0x9F, 0xA1, 0xE8, 0xA0, 0x81, 0xE4, 0x97, 0xB9, 0xE8, 0xA1, 0xA0, 0xF0, 0xA7, 0x99, 0xA7, 0xE8, 0xA3, 0x97, 0xE8, 0xA3, 0x9E, 0xE4, 0x98, 0xB5,
    0xE8, 0xA3, 0xBA, 0xE3, 0x92, 0xBB, 0xF0, 0xA7, 0xA2, 0xAE, 0xF0, 0xA7, 0xA5, 0xA6, 0xE4, 0x9A, 0xBE, 0xE4, 0x9B, 0x87, 0xE8, 0xAA, 0xA0, 0xF0,
    0xA7, 0xB2, 0xA8, 0xE8, 0xB2, 0xAB, 0xE8, 0xB3, 0x81, 0xE8, 0xB4, 0x9B, 0xE8, 0xB5, 0xB7, 0xF0, 0xA7, 0xBC, 0xAF, 0xF0, 0xA0, 0xA0, 0x84, 0xE8,
    0xB7, 0x8B, 0xE8, 0xB6, 0xBC, 0xE8, 0xB7, 0xB0, 0xF0, 0xA0, 0xA3, 0x9E, 0xE8, 0xBB, 0x94, 0xF0, 0xA8, 0x97, 0x92, 0xF0, 0xA8, 0x97, 0xAD, 0xE9,
    0x82, 0x94, 0xE9, 0x83, 0xB1, 0xE9, 0x84, 0x91, 0xF0, 0xA8, 0x9C, 0xAE, 0xE9, 0x84, 0x9B, 0xE9, 0x88, 0xB8, 0xE9, 0x8B, 0x97, 0xE9, 0x8B, 0x98,
    0xE9, 0x89, 0xBC, 0xE9, 0x8F, 0xB9, 0xE9, 0x90, 0x95, 0xF0, 0xA8, 0xAF, 0xBA, 0xE9, 0x96, 0x8B, 0xE4, 0xA6, 0x95, 0xE9, 0x96, 0xB7, 0xF0, 0xA8,
    0xB5, 0xB7, 0xE4, 0xA7, 0xA6, 0xE9, 0x9B, 0x83, 0xE5, 0xB6, 0xB2, 0xE9, 0x9C, 0xA3, 0xF0, 0xA9, 0x85, 0x85, 0xF0, 0xA9, 0x88, 0x9A, 0xE4, 0xA9,
    0xAE, 0xE4, 0xA9, 0xB6, 0xE9, 0x9F, 0xA0, 0xF0, 0xA9, 0x90, 0x8A, 0xE4, 0xAA, 0xB2, 0xF0, 0xA9, 0x92, 0x96, 0xE9, 0xA0, 0xA9, 0xF0, 0xA9, 0x96,
    0xB6, 0xE9, 0xA3, 0xA2, 0xE4, 0xAC, 0xB3, 0xE9, 0xA4, 0xA9, 0xE9, 0xA6, 0xA7, 0xE9, 0xA7, 0x82, 0xE9, 0xA7, 0xBE, 0xE4, 0xAF, 0x8E, 0xF0, 0xA9,
    0xAC, 0xB0, 0xE9, 0xB1, 0x80, 0xE9, 0xB3, 0xBD, 0xE4, 0xB3, 0x8E, 0xE4, 0xB3, 0xAD, 0xE9, 0xB5, 0xA7, 0xF0, 0xAA, 0x83, 0x8E, 0xE4, 0xB3, 0xB8,
    0xF0, 0xAA, 0x84, 0x85, 0xF0, 0xAA, 0x88, 0x8E, 0xF0, 0xAA, 0x8A, 0x91, 0xE4, 0xB5, 0x96, 0xE9, 0xBB, 0xBE, 0xE9, 0xBC, 0x85, 0xE9, 0xBC, 0x8F,
    0xE9, 0xBC, 0x96, 0xF0, 0xAA, 0x98, 0x80,
};

